frequency_hz,grid_current_gain_db_a_per_v,grid_current_phase_deg,pcc_voltage_gain
10,21.7803709976818,-10.8927880167708,0.801226718498913
10.0481058577471,21.778876440503,-10.943927034217,0.801121168745432
10.0964431328491,21.7773679912262,-10.995294296569,0.801014660628873
10.1450129385591,21.775845525617,-11.0468906567394,0.800907186007427
10.1938163934856,21.7743089184213,-11.0987169684806,0.800798736680591
10.242854621618,21.7727580433587,-11.150774086348,0.800689304388944
10.2921287523532,21.7711927731158,-11.2030628656624,0.80057888081393
10.3416399205207,21.7696129793395,-11.2555841624726,0.800467457577635
10.3913892664095,21.7680185326302,-11.3083388335166,0.800355026242583
10.4413779357939,21.7664093025355,-11.3613277361825,0.800241578311518
10.4916070799602,21.7647851575428,-11.4145517284684,0.800127105227206
10.5420778557329,21.7631459650734,-11.4680116689423,0.80001159837223
10.5927914255015,21.7614915914751,-11.5217084167007,0.79989504906879
10.6437489572475,21.7598219020158,-11.5756428313269,0.799777448578518
10.6949516245708,21.7581367608766,-11.6298157728486,0.799658788102279
10.7464006067171,21.7564360311455,-11.6842281016946,0.799539058779996
10.7980970886051,21.7547195748099,-11.7388806786508,0.799418251690464
10.8500422608534,21.7529872527506,-11.7937743648163,0.799296357851176
10.9022373198085,21.7512389247346,-11.8489100215574,0.799173368218156
10.9546834675716,21.7494744494086,-11.9042885104623,0.799049273685788
11.0073819120271,21.7476936842921,-11.959910693294,0.798924065086662
11.0603338668699,21.7458964857707,-12.0157774319433,0.798797733191412
11.1135405516334,21.7440827090895,-12.0718895883805,0.798670268708573
11.1670031917177,21.7422522083462,-12.1282480246068,0.798541662284434
11.2207230184179,21.7404048364846,-12.1848536026043,0.798411904502897
11.2747012689522,21.7385404452874,-12.2417071842865,0.798280985885349
11.3289391864907,21.7366588853702,-12.2988096314464,0.798148896890531
11.3834380201837,21.7347600061741,-12.3561618057056,0.798015627914421
11.4381990251909,21.7328436559595,-12.4137645684609,0.797881169290117
11.4932234627097,21.7309096817991,-12.4716187808315,0.797745511287729
11.548512600005,21.7289579295717,-12.529725303605,0.79760864411428
11.6040677104376,21.7269882439547,-12.5880849971822,0.797470557913608
11.6598900734942,21.7250004684185,-12.6466987215214,0.797331242766281
11.7159809748164,21.722994445219,-12.7055673360825,0.797190688689513
11.7723417062305,21.7209700153914,-12.7646916997693,0.797048885637094
11.8289735657775,21.7189270187437,-12.8240726708714,0.796905823499322
11.8858778577424,21.7168652938499,-12.8837111070057,0.796761492102943
11.9430558926848,21.7147846780434,-12.9436078650565,0.796615881211104
12.0005089874687,21.7126850074109,-13.003763801115,0.796468980523304
12.058238465293,21.7105661167853,-13.064179770418,0.796320779675365
12.1162456557222,21.7084278397398,-13.124856627286,0.7961712682394
12.1745318947165,21.7062700085809,-13.1857952250596,0.796020435723801
12.2330985246629,21.7040924543425,-13.2469964160363,0.795868271573221
12.2919468944062,21.7018950067792,-13.3084610514053,0.79571476516858
12.3510783592799,21.6996774943599,-13.3701899811824,0.795559905827071
12.4104942811374,21.6974397442617,-13.432184054143,0.795403682802174
12.4701960283833,21.6951815823634,-13.4944441177556,0.795246085283688
12.5301849760052,21.6929028332395,-13.5569710181126,0.795087102397763
12.5904625056053,21.6906033201535,-13.6197655998624,0.794926723206946
12.6510300054317,21.6882828650524,-13.6828287061384,0.794764936710242
12.7118888704112,21.6859412885599,-13.746161178489,0.79460173184317
12.7730405021809,21.6835784099708,-13.8097638568053,0.794437097477849
12.8344863091204,21.6811940472447,-13.8736375792489,0.79427102242308
12.8962277063848,21.678788017,-13.9377831821779,0.794103495424445
12.9582661159365,21.6763601345079,-14.002201500073,0.793934505164414
13.0206029665787,21.6739102136869,-14.0668933654616,0.793764040262465
13.0832396939878,21.6714380670963,-14.131859608842,0.793592089275217
13.1461777407468,21.668943505931,-14.1971010586056,0.793418640696571
13.2094185563782,21.6664263400154,-14.2626185409595,0.793243682957865
13.2729635973776,21.6638863777977,-14.3284128798467,0.79306720442804
13.3368143272474,21.6613234263446,-14.3944848968664,0.792889193413818
13.4009722165299,21.6587372913353,-14.4608354111932,0.792709638159896
13.465438742842,21.6561277770565,-14.5274652394946,0.792528526849148
13.5302153909085,21.6534946863965,-14.5943751958489,0.79234584760284
13.5953036525968,21.6508378208401,-14.6615660916607,0.792161588480865
13.6607050269508,21.6481569804631,-14.7290387355764,0.791975737481979
13.7264210202259,21.6454519639276,-14.7967939333985,0.791788282544066
13.7924531459234,21.6427225684761,-14.8648324879986,0.791599211544404
13.8588029248255,21.6399685899268,-14.93315519923,0.79140851229995
13.9254718850301,21.637189822669,-15.0017628638388,0.791216172567641
13.9924615619863,21.6343860596574,-15.0706562753744,0.791022180044704
14.0597734985296,21.6315570924079,-15.1398362240985,0.790826522368991
14.1274092449172,21.6287027109926,-15.209303496894,0.790629187119315
14.1953703588643,21.6258227040352,-15.2790588771722,0.790430161815815
14.2636584055793,21.6229168587063,-15.3491031447788,0.790229433920327
14.3322749578005,21.6199849607194,-15.4194370758998,0.790026990836773
14.4012215958317,21.6170267943258,-15.4900614429659,0.789822819911571
14.470499907579,21.6140421423111,-15.5609770145554,0.789616908434052
14.5401114885873,21.6110307859904,-15.6321845552971,0.789409243636905
14.6100579420769,21.6079925052047,-15.7036848257718,0.789199812696628
14.6803408789807,21.6049270783165,-15.775478582412,0.788988602733999
14.750961917981,21.6018342822065,-15.8475665774022,0.788775600814571
14.8219226855469,21.5987138922693,-15.9199495585767,0.788560793949178
14.8932248159718,21.5955656824102,-15.9926282693174,0.788344169094454
14.964869951411,21.5923894250412,-16.0656034484497,0.788125713153385
15.0368597419196,21.5891848910784,-16.1388758301384,0.787905412975863
15.1091958454903,21.5859518499379,-16.2124461437818,0.78768325535927
15.1818799280919,21.5826900695332,-16.2863151139054,0.787459227049075
15.2549136637073,21.5793993162719,-16.3604834600538,0.787233314739449
15.3282987343723,21.576079355053,-16.4349518966824,0.787005505073909
15.4020368302143,21.572729949264,-16.5097211330478,0.786775784645966
15.4761296494913,21.5693508607784,-16.5847918730971,0.786544139999808
15.5505788986306,21.5659418499533,-16.6601648153561,0.78631055763099
15.6253862922688,21.5625026756268,-16.7358406528172,0.786075023987156
15.7005535532907,21.5590330951161,-16.8118200728251,0.785837525468774
15.7760824128692,21.5555328642152,-16.8881037569629,0.785598048429893
15.8519746105052,21.5520017371933,-16.9646923809358,0.785356579178925
15.9282318940675,21.5484394667929,-17.0415866144551,0.785113103979439
16.0048560198333,21.5448458042282,-17.1187871211204,0.784867609050993
16.0818487525286,21.5412204991838,-17.196294558301,0.784620080569968
16.1592118653685,21.5375632998133,-17.2741095770164,0.784370504670439
16.2369471400985,21.5338739527386,-17.352232821816,0.784118867445064
16.3150563670353,21.5301522030484,-17.4306649306574,0.783865154945991
16.3935413451081,21.5263977942979,-17.5094065347842,0.783609353185797
16.4724038819,21.5226104685081,-17.5884582586022,0.783351448138441
16.5516457936895,21.5187899661655,-17.6678207195557,0.783091425740245
16.6312689054926,21.5149360262219,-17.7474945280016,0.782829271890898
16.7112750511046,21.5110483860941,-17.8274802870839,0.782564972454486
16.7916660731427,21.5071267816645,-17.9077785926056,0.78229851326054
16.8724438230878,21.5031709472814,-17.9883900329017,0.782029880105116
16.9536101613277,21.4991806157592,-18.0693151887092,0.781759058751895
17.0351669571997,21.4951555183797,-18.1505546330381,0.781486034933304
17.1171160890338,21.4910953848926,-18.2321089310399,0.781210794351676
17.1994594441957,21.4869999435171,-18.3139786398764,0.780933322680415
17.2821989191306,21.482868920943,-18.3961643085868,0.780653605565209
17.3653364194066,21.4787020423323,-18.4786664779545,0.780371628625247
17.4488738597588,21.4744990313214,-18.5614856803725,0.78008737745448
17.5328131641332,21.4702596100226,-18.6446224397086,0.779800837622895
17.6171562657312,21.4659834990269,-18.7280772711691,0.779511994677825
17.7019051070539,21.4616704174059,-18.8118506811621,0.779220834145281
17.7870616399471,21.4573200827153,-18.8959431671598,0.778927341531308
17.8726278256461,21.452932210997,-18.98035521756,0.778631502323375
17.9586056348207,21.4485065167831,-19.0650873115471,0.778333301991789
18.0449970476212,21.4440427130988,-19.1501399189517,0.778032725991132
18.1318040537231,21.4395405114663,-19.2355135001099,0.777729759761737
18.2190286523737,21.4349996219086,-19.3212085057218,0.777424388731178
18.3066728524378,21.4304197529541,-19.4072253767094,0.777116598315796
18.394738672444,21.4258006116404,-19.493564544073,0.776806373922256
18.4832281406311,21.4211419035196,-19.5802264287481,0.776493700949124
18.572143294995,21.4164433326629,-19.6672114414606,0.77617856478848
18.6614861833358,21.411704601666,-19.7545199825819,0.775860950827553
18.7512588633042,21.4069254116546,-19.8421524419829,0.775540844450392
18.8414634024499,21.4021054622899,-19.9301091988877,0.775218231039561
18.9321018782684,21.3972444517753,-20.0183906217268,0.774893095977864
19.0231763782493,21.392342076862,-20.1069970679892,0.774565424650101
19.1146889999242,21.3873980328561,-20.195928884074,0.774235202444853
19.2066418509152,21.3824120136254,-20.2851864051423,0.773902414756293
19.2990370489831,21.3773837116065,-20.3747699549672,0.773567046986034
19.3918767220765,21.3723128178124,-20.4646798457841,0.773229084544998
19.4851630083806,21.3671990218403,-20.5549163781406,0.772888512855323
19.5788980563665,21.3620420118795,-20.6454798407456,0.772545317352293
19.6730840248409,21.35684147472,-20.7363705103175,0.772199483486306
19.7677230829954,21.3515970957614,-20.8275886514332,0.771850996724861
19.8628174104568,21.3463085590214,-20.9191345163755,0.771499842554588
19.9583691973372,21.3409755471454,-21.0110083449808,0.771146006483297
20.0543806442842,21.3355977414165,-21.1032103644857,0.770789474042068
20.1508539625322,21.3301748217649,-21.1957407893745,0.770430230787357
20.2477913739525,21.3247064667784,-21.2885998212253,0.770068262303152
20.3451951111053,21.3191923537132,-21.3817876485559,0.769703554203139
20.4430674172904,21.3136321585047,-21.4753044466701,0.769336092132913
20.5414105465994,21.308025555779,-21.5691503775032,0.768965861772213
20.6402267639673,21.302372218864,-21.6633255894676,0.76859284883719
20.7395183452248,21.2966718198022,-21.7578302172978,0.768217039082701
20.8392875771506,21.2909240293622,-21.852664381896,0.767838418304639
20.9395367575243,21.2851285170519,-21.9478281901766,0.767456972342292
21.040268195179,21.2792849511314,-22.0433217349117,0.767072687080727
21.1414842100547,21.2733929986261,-22.1391450945756,0.766685548453214
21.2431871332518,21.267452325341,-22.2352983331899,0.766295542443669
21.3453793070844,21.2614625958741,-22.3317815001684,0.765902655089135
21.4480630851348,21.2554234736313,-22.4285946301616,0.765506872482291
21.5512408323072,21.2493346208412,-22.5257377429025,0.765108180773989
21.6549149248824,21.2431956985699,-22.623210843051,0.764706566175822
21.7590877505725,21.2370063667371,-22.7210139200397,0.764302014962721
21.863761708576,21.2307662841315,-22.8191469479191,0.763894513475585
21.9689392096329,21.2244751084274,-22.9176098852031,0.763484048123932
22.0746226760801,21.2181324962014,-23.0164026747155,0.763070605388587
22.1808145419077,21.2117381029491,-23.1155252434356,0.762654171824396
22.2875172528144,21.2052915831031,-23.2149775023451,0.762234734062968
22.3947332662643,21.1987925900503,-23.314759346275,0.761812278815444
22.5024650515434,21.1922407761501,-23.4148706537531,0.7613867928753
22.6107150898162,21.1856357927535,-23.5153112868512,0.760958263121168
22.7194858741832,21.1789772902217,-23.6160810910342,0.760526676519696
22.8287799097382,21.1722649179453,-23.717179895008,0.760092020128427
22.9385997136259,21.1654983243645,-23.8186075105697,0.759654281098709
23.0489478151,21.158677156989,-23.9203637324571,0.759213446678628
23.1598267555813,21.1518010624186,-24.0224483381994,0.758769504215971
23.2712390887163,21.144869686364,-24.1248610879687,0.758322441161215
23.3831873804363,21.1378826736686,-24.2276017244318,0.757872245070537
23.495674209016,21.1308396683298,-24.3306699726035,0.757418903608858
23.608702165133,21.1237403135213,-24.4340655396998,0.756962404552899
23.7222738519279,21.1165842516157,-24.5377881149928,0.756502735794274
23.8363918850637,21.1093711242075,-24.6418373696659,0.7560398853426
23.9510588927863,21.1021005721362,-24.7462129566706,0.755573841328631
24.0662775159851,21.0947722355106,-24.8509145105837,0.755104592007417
24.1820504082536,21.0873857537324,-24.9559416474659,0.754632125761485
24.2983802359508,21.0799407655213,-25.0612939647215,0.75415643110404
24.4152696782623,21.0724369089396,-25.166971040959,0.753677496682188
24.5327214272622,21.0648738214176,-25.2729724358533,0.753195311280185
24.650738187975,21.0572511397799,-25.3792976900089,0.752709863822699
24.7693226784381,21.0495685002711,-25.4859463248242,0.752221143378092
24.8884776297642,21.0418255385826,-25.5929178423577,0.751729139161729
25.008205786204,21.0340218898797,-25.7002117251952,0.751233840539299
25.1285099052101,21.026157188829,-25.8078274363186,0.750735237030153
25.2493927574996,21.0182310696261,-25.9157644189758,0.750233318310662
25.3708571271189,21.0102431660243,-26.024022096553,0.749728074217592
25.4929058115067,21.0021931113627,-26.1325998724479,0.749219494751494
25.6155416215595,20.9940805385955,-26.2414971299447,0.748707570080106
25.7387673816956,20.9859050803216,-26.3507132320909,0.748192290541774
25.8625859299205,20.9776663688144,-26.4602475215759,0.747673646648885
25.9870001178921,20.9693640360519,-26.5700993206114,0.747151629091308
26.1120128109865,20.9609977137476,-26.6802679308134,0.746626228739856
26.237626888364,20.9525670333814,-26.7907526330866,0.746097436649751
26.3638452430352,20.9440716262311,-26.9015526875103,0.745565244064106
26.4906707819279,20.9355111234045,-27.0126673332268,0.745029642417409
26.6181064259539,20.9268851558712,-27.1240957883314,0.744490623339018
26.7461551100763,20.9181933544956,-27.2358372497648,0.743948178656674
26.8748197833769,20.9094353500697,-27.3478908932076,0.7434023004
27.0041034091246,20.9006107733467,-27.4602558729775,0.742852980804026
27.1340089648433,20.8917192550747,-27.5729313219276,0.742300212312706
27.2645394423803,20.8827604260307,-27.6859163513489,0.741743987582446
27.3956978479758,20.8737339170556,-27.7992100508729,0.741184299485628
27.5274872023314,20.8646393590887,-27.9128114883793,0.740621141114146
27.6599105406804,20.8554763832029,-28.0267197099035,0.740054505782928
27.792970912857,20.8462446206408,-28.140933739549,0.739484387033474
27.9266713833673,20.8369437028503,-28.2554525794009,0.738910778637379
28.061015031459,20.8275732615214,-28.3702752094428,0.738333674599866
28.1960049511932,20.8181329286223,-28.4854005874761,0.737753069163301
28.331644251515,20.8086223364369,-28.6008276490423,0.737168956810719
28.4679360563254,20.7990411176023,-28.7165553073483,0.736581332269328
28.6048835045532,20.7893889051461,-28.8325824531938,0.735990190514023
28.7424897502274,20.7796653325248,-28.9489079549028,0.735395526770877
28.8807579625495,20.7698700336623,-29.0655306582571,0.734797336520631
29.0196913259668,20.7600026429883,-29.1824493864335,0.734195615502174
29.1592930402459,20.7500627954776,-29.2996629399437,0.733590359716004
29.2995663205458,20.7400501266892,-29.4171700965776,0.732981565427681
29.4405143974925,20.7299642728064,-29.5349696113498,0.732369229171271
29.5821405172532,20.7198048706762,-29.6530602164494,0.73175334775276
29.7244479416109,20.7095715578502,-29.7714406211924,0.731133918253468
29.8674399480398,20.6992639726245,-29.8901095119791,0.730510938033431
30.0111198297807,20.688881754081,-30.009065552253,0.729884404734772
30.1554908959169,20.6784245421282,-30.1283073824644,0.729254316285049
30.3005564714501,20.6678919775426,-30.2478336200375,0.728620670900579
30.4463198973774,20.6572837020107,-30.3676428593399,0.727983467089739
30.5927845307679,20.6465993581702,-30.4877336716575,0.727342703656246
30.7399537448403,20.6358385896528,-30.6081046051716,0.726698379702407
30.8878309290403,20.6250010411259,-30.72875418494,0.726050494632342
31.0364194891191,20.6140863583358,-30.8496809128826,0.725399048155176
31.1857228472113,20.6030941881501,-30.9708832677699,0.72474404028821
31.3357444419141,20.5920241786008,-31.0923597052158,0.724085471360046
31.4864877283662,20.5808759789274,-31.2141086576743,0.72342334201369
31.6379561783278,20.5696492396206,-31.3361285344396,0.722757653209616
31.79015328026,20.5583436124658,-31.4584177216511,0.722088406228793
31.9430825394058,20.5469587505865,-31.5809745823016,0.72141560267568
32.0967474778702,20.5354943084887,-31.7037974562498,0.720739244481174
32.2511516347016,20.5239499421048,-31.8268846602371,0.720059333905524
32.4062985659734,20.5123253088379,-31.9502344879082,0.7193758735412
32.5621918448657,20.500620067606,-32.0738452098363,0.718688866315719
32.7188350617479,20.4888338788866,-32.1977150735516,0.71799831549443
32.876231824261,20.4769664047614,-32.3218423035756,0.717304224683248
33.0343857574007,20.4650173089611,-32.4462251014577,0.71660659783134
33.1933005036015,20.4529862569099,-32.5708616458181,0.715905439233769
33.3529797228196,20.4408729157707,-32.6957500923934,0.715200753534079
33.5134270926183,20.42867695449,-32.8208885740874,0.714492545726832
33.6746463082518,20.4163980438429,-32.9462752010264,0.713780821160092
33.8366410827505,20.4040358564781,-33.0719080606182,0.713065585537852
33.9994151470071,20.3915900669636,-33.1977852176165,0.712346844922408
34.1629722498616,20.3790603518311,-33.3239047141888,0.711624605736671
34.3273161581885,20.3664463896216,-33.4502645699897,0.710898874766424
34.492450656983,20.3537478609308,-33.576862782238,0.710169659162512
34.6583795494482,20.3409644484539,-33.7036973257988,0.709436966442981
34.8251066570832,20.328095837031,-33.8307661532701,0.708700804495139
34.9926358197704,20.3151417136921,-33.9580671950735,0.707961181577565
35.1609708958645,20.3021017677025,-34.0855983595504,0.707218106322045
35.330115762281,20.2889756906077,-34.2133575330618,0.706471587735443
35.5000743145858,20.2757631762782,-34.3413425800938,0.705721635201499
35.6708504670846,20.2624639209549,-34.4695513433664,0.704968258482561
35.8424481529132,20.2490776232934,-34.5979816439485,0.704211467721246
36.0148713241283,20.2356039844091,-34.7266312813762,0.703451273442021
36.1881239517981,20.2220427079218,-34.8554980337768,0.702687686552718
36.3622100260939,20.2083934999999,-34.9845796579966,0.701920718345971
36.5371335563824,20.1946560694052,-35.1138738897339,0.701150380500569
36.7128985713172,20.1808301275366,-35.2433784436767,0.700376685082741
36.8895091189327,20.1669153884745,-35.3730910136449,0.69959964454736
37.0669692667362,20.1529115690246,-35.5030092727369,0.698819271739056
37.2452831018022,20.1388183887613,-35.6331308734818,0.69803557989326
37.4244547308667,20.1246355700716,-35.7634534479949,0.697248582637161
37.6044882804212,20.1103628381977,-35.8939746081395,0.696458293990572
37.7853878968081,20.0959999212809,-36.0246919456914,0.695664728366725
37.9671577463162,20.0815465504033,-36.1556030325102,0.694867900572963
38.1498020152767,20.0670024596313,-36.2867054207134,0.694067825811355
38.3333249101593,20.052367386057,-36.4179966428559,0.693264519679226
38.5177306576693,20.0376410698408,-36.5494742121147,0.692457998169585
38.7030235048451,20.0228232542526,-36.6811356224767,0.691648277671471
38.8892077191557,20.0079136857132,-36.8129783489325,0.690835374970208
39.0762875885991,19.9929121138357,-36.9449998476737,0.690019307247567
39.2642674218011,19.9778182914656,-37.0771975562957,0.689200092081828
39.4531515481148,19.9626319747214,-37.2095688940039,0.688377747447758
39.6429443177195,19.9473529230347,-37.3421112618253,0.687552291716491
39.8336501017218,19.9319808991896,-37.474822042824,0.686723743655306
40.0252732922558,19.9165156693616,-37.6076986023213,0.685892122427317
40.2178183025843,19.900957003157,-37.7407382881202,0.685057447591062
40.4112895672004,19.8853046736509,-37.8739384307341,0.684219739099995
40.6056915419299,19.869558457425,-38.0072963436197,0.683379017301876
40.8010287040337,19.8537181346054,-38.1408093234147,0.68253530293807
40.9973055523107,19.8377834888996,-38.2744746501792,0.681688617142738
41.194526607202,19.8217543076328,-38.4082895876414,0.680838981441933
41.3926964108944,19.8056303817841,-38.5422513834474,0.679986417752593
41.5918195274254,19.7894115060224,-38.6763572694154,0.679130948381433
41.7919005427882,19.7730974787411,-38.8106044617934,0.678272596023737
41.9929440650373,19.7566881020927,-38.9449901615215,0.677411383762048
42.1949547243946,19.7401831820232,-39.0795115544977,0.676547335064753
42.3979371733562,19.723582528305,-39.2141658118477,0.675680473784569
42.6018960867993,19.7068859545704,-39.3489500901984,0.674810824156926
42.80683616209,19.6900932783439,-39.4838615319558,0.673938410798244
43.0127621191915,19.6732043210734,-39.6188972655854,0.673063258704111
43.219678700773,19.6562189081624,-39.7540544058978,0.672185393247354
43.4275906723183,19.6391368689997,-39.8893300543366,0.671304840176012
43.6365028222364,19.6219580369899,-40.0247212992702,0.6704216256112
43.846419961971,19.6046822495827,-40.1602252162876,0.669535776044875
44.0573469261119,19.5873093483015,-40.2958388684968,0.668647318337496
44.269288572506,19.5698391787716,-40.431559306827,0.667756279715579
44.4822497823693,19.5522715907478,-40.567383570334,0.666862687769158
44.6962354603993,19.5346064381408,-40.7033086865086,0.665966570449133
44.911250534888,19.5168435790437,-40.8393316715884,0.665067956064524
45.1272999578354,19.4989828757571,-40.9754495308723,0.664166873279615
45.3443887050635,19.4810241948142,-41.111659259038,0.663263351111008
45.5625217763309,19.4629674070046,-41.2479578404629,0.662357418924565
45.7817041954479,19.4448123873974,-41.3843422495469,0.661449106432253
46.0019410103924,19.4265590153642,-41.5208094510387,0.660538443688895
46.2232372934259,19.408207174601,-41.6573564003643,0.659625461088809
46.4455981412105,19.3897567531489,-41.7939800439583,0.658710189362364
46.6690286749264,19.3712076434149,-41.9306773195973,0.65779265957242
46.8935340403894,19.3525597421912,-42.0674451567363,0.656872903110689
47.1191194081698,19.3338129506745,-42.2042804768465,0.655950951693984
47.3457899737115,19.3149671744838,-42.3411801937562,0.655026837360381
47.5735509574513,19.2960223236776,-42.4781412139934,0.654100592465284
47.8024076049395,19.2769783127711,-42.6151604371301,0.653172249677392
48.0323651869605,19.2578350607511,-42.7522347561292,0.652241841974579
48.2634289996545,19.2385924910918,-42.8893610576927,0.65130940263968
48.4956043646388,19.2192505317684,-43.0265362226119,0.650374965256181
48.7288966291311,19.1998091152707,-43.1637571261192,0.649438563703827
48.9633111660724,19.1802681786157,-43.3010206382413,0.648500232154133
49.1988533742505,19.1606276633594,-43.4383236241542,0.647560005065816
49.4355286784245,19.1408875156074,-43.575662944539,0.646617917180131
49.6733425294501,19.1210476860255,-43.7130354559397,0.645674003516129
49.9123004044044,19.1011081298487,-43.8504380111214,0.644728299365831
50.1524078067127,19.0810688068896,-43.98786745943,0.643780840289313
50.393670266275,19.0609296815462,-44.1253206471528,0.642831662109716
50.6360933395932,19.0406907228086,-44.2627944178799,0.641880800908177
50.8796826098994,19.020351904265,-44.4002856128666,0.640928293018673
51.1244436872841,18.9999132041066,-44.5377910713958,0.639974175022802
51.370382208826,18.9793746051324,-44.6753076311416,0.639018483744477
51.6175038387211,18.9587360947518,-44.8128321285334,0.638061256244551
51.8658142684135,18.9379976649881,-44.9503613991196,0.637102529815371
52.1153192167267,18.9171593124793,-45.0878922779326,0.636142341975261
52.366024429995,18.8962210384797,-45.2254215998529,0.635180730462937
52.6179356821959,18.8751828488597,-45.362946199974,0.634217733231852
52.8710587750831,18.8540447541047,-45.5004629139671,0.63325338844448
53.1253995383202,18.8328067693141,-45.637968578445,0.632287734466538
53.3809638296149,18.8114689141979,-45.775460031327,0.631320809861137
53.6377575348537,18.7900312130741,-45.9129341122021,0.63035265338289
53.8957865682381,18.7684936948642,-46.0503876626926,0.629383303971943
54.1550568724199,18.7468563930881,-46.1878175268168,0.62841280074797
54.4155744186388,18.7251193458584,-46.3252205513511,0.627441183004094
54.6773452068597,18.7032825958733,-46.4625935861914,0.626468490200779
54.9403752659105,18.6813461904097,-46.5999334847132,0.625494761959648
55.2046706536218,18.659310181314,-46.7372371041317,0.624520038057276
55.4702374569654,18.6371746249937,-46.8745013058596,0.623544358418919
55.7370817921955,18.6149395824066,-47.0117229558646,0.622567763112212
56.0052098049887,18.5926051190504,-47.1488989250254,0.621590292340819
56.2746276705861,18.570171304951,-47.2860260894864,0.620611986438046
56.5453415939351,18.5476382146498,-47.4231013310104,0.619632885860417
56.8173578098329,18.5250059271904,-47.5601215373306,0.618653031181212
57.0906825830693,18.5022745261048,-47.6970836025003,0.61767246308398
57.3653222085717,18.4794440993981,-47.8339844272412,0.616691222356008
57.6412830115498,18.4565147395329,-47.9708209192897,0.615709349881775
57.918571347641,18.433486543413,-48.1075899937412,0.614726886636373
58.1971936030573,18.4103596123661,-48.2442885733924,0.613743873678905
58.477156194732,18.3871340521256,-48.3809135890818,0.612760352145857
58.7584655704677,18.3638099728118,-48.5174619800273,0.611776363244462
59.0411282090846,18.3403874889125,-48.6539306941623,0.610791948246032
59.3251506205699,18.3168667192626,-48.7903166884691,0.609807148479287
59.6105393462275,18.2932477870231,-48.9266169293093,0.608822005323664
59.8973009588291,18.2695308196593,-49.0628283927523,0.607836560202617
60.185442062765,18.245715948918,-49.1989480649013,0.606850854576911
60.4749692941966,18.221803310805,-49.3349729422159,0.605864929937905
60.7658893212091,18.1977930455601,-49.470900031832,0.604878827800839
61.0582088439651,18.1736852976336,-49.6067263518797,0.603892589698111
61.351934594859,18.1494802156599,-49.7424489317971,0.602906257172558
61.6470733386718,18.1251779524323,-49.8780648126415,0.601919871770742
61.9436318727271,18.100778664876,-50.013571047398,0.600933475036241
62.2416170270477,18.0762825140206,-50.1489647012838,0.599947108502939
62.5410356645128,18.0516896649723,-50.2842428520505,0.598960813688341
62.8418946810159,18.0270002868852,-50.4194025902818,0.597974632086884
63.1442010056241,18.002214552932,-50.5544410196891,0.596988605163273
63.4479616007369,17.9773326402744,-50.6893552574025,0.59600277434583
63.7531834622476,17.952354730032,-50.8241424342588,0.595017181019856
64.0598736197034,17.9272810072517,-50.9587996950862,0.594031866521023
64.3680391364678,17.9021116608758,-51.0933241989844,0.59304687212878
64.6776871098835,17.8768468837098,-51.2277131196021,0.592062239059794
64.9888246714353,17.8514868723896,-51.3619636454098,0.591078008461402
65.3014589869146,17.8260318273481,-51.4960729799693,0.590094221405111
65.6155972565846,17.8004819527813,-51.6300383421992,0.589110918880114
65.9312467153461,17.7748374566136,-51.7638569666364,0.588128141786848
66.2484146329036,17.7490985504634,-51.8975261036934,0.58714593093058
66.5671083139335,17.7232654496071,-52.0310430199119,0.58616432701504
66.8873350982519,17.6973383729432,-52.1644049982124,0.585183370636082
67.2091023609836,17.6713175429564,-52.297609338139,0.584203102275395
67.5324175127322,17.6452031856801,-52.4306533561006,0.583223562294251
67.8572879997505,17.6189955306591,-52.5635343856081,0.582244790927302
68.1837213041123,17.5926948109123,-52.6962497775061,0.581266828276424
68.5117249438845,17.5663012628939,-52.8287969002022,0.580289714304603
68.8413064733001,17.5398151264552,-52.96117313989,0.579313488829881
69.1724734829328,17.5132366448051,-53.0933759007692,0.578338191519348
69.5052335998711,17.4865660644713,-53.2254026052602,0.577363861883188
69.8395944878943,17.4598036352599,-53.3572506942155,0.576390539268789
70.1755638476491,17.4329496102156,-53.4889176271252,0.575418262854893
70.5131494168267,17.4060042455812,-53.6204008823192,0.574447071645828
70.852358970341,17.3789678007563,-53.7516979571639,0.573477004465781
71.1932003205082,17.3518405382569,-53.8828063682556,0.572508099953141
71.5356813172259,17.3246227236732,-54.0137236516078,0.571540396554913
71.8798098481545,17.2973146256282,-54.1444473628351,0.570573932521182
72.2255938388987,17.2699165157356,-54.2749750773322,0.569608745899658
72.5730412531898,17.2424286685575,-54.4053043904479,0.56864487453028
72.9221600930696,17.2148513615617,-54.5354329176548,0.567682356039896
73.2729583990743,17.187184875079,-54.6653582947146,0.56672122783701
73.6254442504195,17.1594294922601,-54.795078177838,0.565761527106603
73.9796257651871,17.1315854990323,-54.9245902438408,0.564803290805027
74.3355111005113,17.1036531840561,-55.0538921902946,0.563846555654976
74.6931084527669,17.0756328386815,-55.1829817356735,0.562891358140532
75.0524260577585,17.0475247569043,-55.3118566194955,0.561937734502285
75.4134721909092,17.0193292353219,-55.4405146024596,0.560985720732538
75.776255167452,16.9910465730892,-55.5689534665779,0.560035352570585
76.1407833426211,16.9626770718744,-55.6971710153039,0.559086665498077
76.5070651118442,16.9342210358146,-55.8251650736547,0.558139694734462
76.8751089109358,16.9056787714713,-55.9529334883297,0.557194475232512
77.2449232162918,16.8770505877854,-56.0804741278245,0.556251041673932
77.6165165450844,16.8483367960332,-56.2077848825394,0.555309428465058
77.9898974554585,16.819537709781,-56.3348636648841,0.554369669732631
78.3650745467286,16.7906536448406,-56.4617084093774,0.553431799319664
78.7420564595769,16.7616849192242,-56.5883170727424,0.552495850781399
79.1208518762525,16.7326318530997,-56.7146876339969,0.55156185738134
79.5014695207711,16.7034947687456,-56.8408180945395,0.550629852087385
79.883918159116,16.674273990506,-56.9667064782311,0.549699867568045
80.2682065994401,16.6449698447458,-57.0923508314714,0.548771936188746
80.6543436922686,16.6155826598056,-57.2177492232719,0.547846090008229
81.042338330703,16.5861127659569,-57.3428997453231,0.546922360775035
81.4321994506256,16.556560495357,-57.4678005120583,0.546000779924088
81.8239360309059,16.5269261820043,-57.5924496607124,0.545081378573359
82.2175570936067,16.4972101616938,-57.7168453513766,0.544164187520631
82.6130717041924,16.4674127719716,-57.8409857670483,0.543249237240354
83.0104889717374,16.4375343520909,-57.9648691136769,0.542336557880587
83.4098180491363,16.4075752429675,-58.0884936202056,0.541426179260043
83.8110681333144,16.3775357871347,-58.211857538608,0.540518130865218
84.2142484654395,16.3474163286997,-58.3349591439216,0.539612441847619
84.619368331135,16.3172172132988,-58.4577967342759,0.53870914102108
85.0264370606935,16.2869387880537,-58.5803686309171,0.537808256859177
85.4354640292916,16.2565814015272,-58.7026731782287,0.536909817492735
85.8464586572064,16.2261454036798,-58.824708743747,0.536013850707425
86.2594304100317,16.1956311458257,-58.9464737181738,0.535120383941461
86.6743887988965,16.1650389805894,-59.0679665153842,0.534229444283385
87.091343380684,16.1343692618627,-59.1891855724307,0.533341058469949
87.5103037582512,16.1036223447611,-59.3101293495431,0.532455252884088
87.9312795806509,16.0727985855814,-59.4307963301251,0.531572053552989
88.3542805433534,16.0418983417586,-59.5511850207462,0.530691486146252
88.7793163884697,16.0109219718236,-59.6712939511301,0.529813575974139
89.2063969049763,15.9798698353609,-59.7911216741398,0.528938347985928
89.6355319289402,15.9487422929666,-59.9106667657582,0.528065826768347
90.0667313437459,15.9175397062066,-60.0299278250653,0.527196036544104
90.5000050803224,15.8862624375748,-60.1489034742121,0.526329001170511
90.9353631173727,15.8549108504523,-60.2675923583901,0.525464744138199
91.372815481603,15.8234853090659,-60.3859931457981,0.524603288569922
91.8123722479537,15.7919861784477,-60.5041045276049,0.52374465721945
92.2540435398318,15.7604138243944,-60.6219252179089,0.522888872470559
92.6978395293437,15.7287686134269,-60.7394539536942,0.5220359563361
93.1437704375297,15.697050912751,-60.856689494783,0.52118593045717
93.591846534599,15.6652610902172,-60.9736306237852,0.520338816102358
94.0420781401669,15.6333995142816,-61.0902761460447,0.519494634167088
94.4944756234919,15.6014665539668,-61.2066248895819,0.518653405173047
94.9490494037146,15.5694625788235,-61.3226757050339,0.517815149267699
95.4058099500981,15.5373879588919,-61.438427465591,0.516979886223882
95.8647677822684,15.5052430646634,-61.5538790669302,0.516147635439499
96.3259334704574,15.4730282670435,-61.6690294271462,0.515318415937282
96.7893176357457,15.4407439373139,-61.7838774866789,0.514492246364648
97.2549309503079,15.4083904470957,-61.898422208238,0.513669144993639
97.7227841376575,15.3759681683127,-62.0126625767253,0.512849129720935
98.1928879728949,15.3434774731549,-62.1265975991541,0.512032218067958
98.6652532829547,15.3109187340428,-62.2402263045651,0.511218427181052
99.1398909468555,15.2782923235915,-62.3535477439407,0.510407773831744
99.6168118959505,15.2455986145756,-62.4665609901159,0.509600274417085
100.096027114179,15.2128379798942,-62.5792651376873,0.508795944960064
100.577547638319,15.1800107925366,-62.6916593029187,0.507994801110105
101.061384558243,15.1471174255478,-62.8037426236455,0.50719685814364
101.547549017171,15.1141582519951,-62.9155142591752,0.506402130964753
102.036052211929,15.0811336449344,-63.026973390187,0.505610634105898
102.526905393207,15.0480439773776,-63.1381192186281,0.504822381728697
103.020119865816,15.0148896222593,-63.2489509676081,0.504037387624805
103.515706988951,14.9816709524054,-63.3594678812915,0.503255665216845
104.013678176451,14.9483883405008,-63.4696692247876,0.502477227559417
104.514044897062,14.9150421590578,-63.5795542840385,0.501702087340177
105.016818674701,14.8816327803856,-63.6891223657053,0.500930256880979
105.522011088722,14.8481605765593,-63.7983727970521,0.500161748139087
106.029633774184,14.8146259193895,-63.907304925828,0.499396572708457
106.539698422116,14.781029180393,-64.0159181201476,0.498634741821075
107.052216779787,14.7473707307628,-64.1242117683694,0.497876266348368
107.567200650978,14.7136509413395,-64.2321852789724,0.497121156802675
108.084661896255,14.6798701825824,-64.3398380804312,0.496369423338773
108.604612433237,14.6460288245415,-64.4471696210897,0.495621075755474
109.127064236876,14.6121272368294,-64.5541793690324,0.494876123497277
109.652029339729,14.5781657885943,-64.6608668119547,0.494134575656073
110.179519832239,14.5441448484928,-64.7672314570321,0.493396440972919
110.709547863008,14.5100647846632,-64.8732728307869,0.492661727839855
111.242125639082,14.4759259646997,-64.9789904789547,0.491930444301787
111.777265426229,14.4417287556262,-65.0843839663484,0.491202598058414
112.314979549224,14.4074735238713,-65.189452876722,0.490478196466219
112.85528039213,14.3731606352434,-65.2941968126321,0.489757246540498
113.398180398585,14.3387904549058,-65.3986153952992,0.489039754957449
113.943692072088,14.3043633473532,-65.5027082644673,0.488325728056309
114.491827976288,14.2698796763873,-65.6064750782622,0.487615171841535
115.042600735271,14.2353398050941,-65.7099155130494,0.486908091985035
115.596023033853,14.2007440958208,-65.8130292632905,0.48620449382844
116.152107617873,14.1660929101532,-65.9158160413986,0.48550438238543
116.710867294482,14.131386608894,-66.0182755775933,0.484807762344093
117.272314932442,14.0966255520407,-66.1204076197545,0.48411463806933
117.836463462423,14.0618100987649,-66.222211933275,0.483425013605304
118.403325877297,14.0269406073909,-66.3236883009132,0.482738892677923
118.97291523244,13.9920174353757,-66.4248365226439,0.482056278697367
119.545244646033,13.9570409392886,-66.5256564155102,0.481377174760647
120.120327299361,13.9220114747921,-66.6261478134724,0.480701583654207
120.698176437121,13.8869293966219,-66.7263105672585,0.480029507856552
121.278805367722,13.851795058569,-66.8261445442124,0.479360949540922
121.862227463597,13.8166088134602,-66.9256496281434,0.478695910577986
122.448456161508,13.7813710131412,-67.0248257191729,0.478034392538577
123.037504962853,13.746082008458,-67.123672733583,0.477376396696454
123.629387433983,13.7107421492402,-67.222190603663,0.476721924031093
124.224117206509,13.6753517842837,-67.3203792775567,0.476070975230508
124.821707977618,13.6399112613347,-67.4182387191084,0.475423550694097
125.42217351039,13.6044209270732,-67.5157689077092,0.474779650535515
126.025527634112,13.5688811270975,-67.6129698381431,0.474139274585575
126.631784244598,13.5332922059087,-67.7098415204326,0.473502422395167
127.240957304511,13.497654506896,-67.8063839796842,0.472869093238205
127.85306084368,13.4619683723216,-67.902597255934,0.472239286114592
128.468108959427,13.4262341433071,-67.9984814039927,0.471612999753208
129.086115816891,13.3904521598191,-68.094036493291,0.470990232614919
129.707095649352,13.3546227606563,-68.189262607725,0.470370982895597
130.331062758561,13.3187462834356,-68.2841598455008,0.469755248529168
130.95803151507,13.28282306458,-68.3787283189804,0.46914302719067
131.58801635856,13.2468534393062,-68.4729681545267,0.468534316299326
132.221031798177,13.2108377416118,-68.5668794923485,0.467929113021635
132.857092412862,13.1747763042646,-68.6604624863468,0.467327414274473
133.496212851692,13.1386694587904,-68.7537173039596,0.466729216728209
134.138407834214,13.1025175354627,-68.8466441260084,0.466134516809833
134.783692150783,13.0663208632916,-68.9392431465439,0.465543310706089
135.432080662906,13.0300797700134,-69.0315145726922,0.464955594366624
136.083588303582,12.993794582081,-69.1234586245016,0.464371363507145
136.738230077646,12.9574656246541,-69.2150755347895,0.463790613612574
137.396021062116,12.9210932215898,-69.306365548989,0.463213339940229
138.056976406539,12.8846776954335,-69.3973289249973,0.462639537522987
138.721111333339,12.8482193674106,-69.4879659330227,0.462069201172474
139.388441138171,12.8117185574179,-69.5782768554335,0.461502325482243
140.058981190269,12.7751755840154,-69.6682619866064,0.460938904830962
140.732746932803,12.738590764419,-69.7579216327755,0.460378933385608
141.409753883233,12.7019644144929,-69.8472561118825,0.459822405104651
142.090017633669,12.6652968487424,-69.9362657534262,0.459269313741251
142.773553851225,12.6285883803071,-70.0249508983134,0.458719652846448
143.460378278386,12.5918393209548,-70.1133118987098,0.458173415772352
144.150506733366,12.5550499810747,-70.2013491178921,0.457630595675331
144.843955110474,12.5182206696719,-70.2890629301001,0.457091185519196
145.540739380481,12.4813516943618,-70.3764537203892,0.45655517807839
146.240875590985,12.4444433613646,-70.4635218844845,0.456022565941156
146.944379866784,12.4074959755002,-70.5502678286343,0.455493341512721
147.651268410244,12.3705098401837,-70.6366919694656,0.454967497018457
148.361557501676,12.3334852574209,-70.7227947338386,0.454445024507047
149.075263499707,12.2964225278035,-70.8085765587038,0.453925915853637
149.792402841659,12.2593219505062,-70.8940378909579,0.453410162762986
150.512992043929,12.2221838232819,-70.979179187302,0.452897756772602
151.237047702364,12.1850084424593,-71.0640009140994,0.452388689255874
151.964586492649,12.147796102939,-71.1485035472352,0.451882951425192
152.69562517069,12.1105470981908,-71.2326875719752,0.451380534335055
153.430180572996,12.0732617202513,-71.3165534828274,0.450881428885175
154.168269617071,12.0359402597212,-71.4001017834027,0.450385625823558
154.909909301802,11.9985830057635,-71.4833329862771,0.449893115749584
155.655116707851,11.9611902461009,-71.566247612855,0.449403889117071
156.403908998046,11.923762267015,-71.6488461932326,0.44891793623732
157.156303417781,11.8862993533442,-71.7311292660629,0.448435247282156
157.912317295408,11.8488017884828,-71.8130973784207,0.447955812286947
158.67196804264,11.81126985438,-71.8947510856695,0.447479621153611
159.43527315495,11.773703831539,-71.9760909513282,0.447006663653611
160.202250211976,11.7361039990165,-72.0571175469396,0.446536929430926
160.972916877922,11.6984706344227,-72.137831451939,0.446070408005014
161.747290901968,11.6608040139206,-72.2182332535244,0.445607088773756
162.525390118679,11.6231044122266,-72.2983235465273,0.445146961016378
163.307232448412,11.5853721026107,-72.3781029332839,0.444690013896362
164.092835897735,11.547607356897,-72.4575720235086,0.444236236464337
164.882218559836,11.5098104454643,-72.5367314341669,0.443785617660948
165.675398614942,11.4719816372472,-72.61558178935,0.443338146319714
166.472394330738,11.434121199737,-72.6941237201506,0.442893811169854
167.273224062787,11.3962293989834,-72.7723578645389,0.442452600839109
168.077906254953,11.3583064995956,-72.8502848672404,0.442014503856533
168.886459439826,11.3203527647441,-72.9279053796138,0.441579508655267
169.698902239147,11.2823684561626,-73.0052200595307,0.441147603575292
170.515253364242,11.2443538341501,-73.0822295712556,0.440718776866162
171.335531616447,11.206309157573,-73.1589345853274,0.44029301668972
172.159755887543,11.1682346838675,-73.2353357784416,0.439870311122778
172.987945160192,11.1301306690423,-73.3114338333332,0.439450648159794
173.820118508376,11.0919973676813,-73.3872294386615,0.439034015715514
174.65629509783,11.053835032946,-73.4627232888951,0.438620401627596
175.496494186491,11.0156439165795,-73.5379160841979,0.438209793659213
176.340735124935,10.9774242689089,-73.6128085303168,0.437802179501627
177.189037356828,10.939176338849,-73.6874013384695,0.437397546776749
178.041420419371,10.9009003739057,-73.7616952252341,0.436995883039669
178.897903943749,10.8625966201799,-73.835690912439,0.436597175781163
179.758507655586,10.8242653223709,-73.9093891270545,0.436201412430182
180.623251375397,10.7859067237808,-73.9827906010851,0.435808580356309
181.492155019044,10.7475210663183,-74.0558960714625,0.435418666872198
182.3652385982,10.7091085905031,-74.1287062799399,0.435031659235988
183.242522220801,10.67066953547,-74.2012219729879,0.434647544653692
184.124026091518,10.6322041389737,-74.2734439016901,0.434266310281557
185.009770512216,10.5937126373936,-74.3453728216409,0.43388794322841
185.899775882424,10.5551952657378,-74.4170094928439,0.43351243055797
186.794062699805,10.5166522576489,-74.4883546796109,0.433139759291138
187.692651560628,10.4780838454082,-74.5594091504629,0.432769916408265
188.595563160243,10.4394902599416,-74.6301736780308,0.432402888851392
189.502818293554,10.4008717308241,-74.7006490389584,0.432038663526463
190.414437855504,10.3622284862857,-74.7708360138056,0.43167722730552
191.330442841551,10.3235607532165,-74.8407353869531,0.431318567028864
192.250854348153,10.2848687571727,-74.9103479465072,0.430962669507202
193.175693573255,10.2461527223819,-74.9796744842071,0.430609521523754
194.104981816778,10.2074128717489,-75.0487157953319,0.43025910983635
195.038740481105,10.1686494268619,-75.1174726786092,0.429911421179489
195.976991071581,10.1298626079982,-75.1859459361243,0.429566442266384
196.919755196999,10.0910526341305,-75.2541363732311,0.429224159790972
197.867054570109,10.0522197229328,-75.3220447984636,0.428884560429903
198.818911008107,10.0133640907873,-75.3896720234476,0.428547630844507
199.775346433145,9.97448595278978,-75.4570188628152,0.428213357682728
200.736382872834,9.93558552275703,-75.5240861341184,0.427881727581041
201.702042460748,9.89666301323285,-75.590874657745,0.427552727166337
202.672347436939,9.85771863549484,-75.6573852568348,0.427226343057787
203.647320148445,9.81875259956114,-75.7236187571971,0.426902561868681
204.626983049809,9.77976511419715,-75.7895759872287,0.426581370208236
205.611358703589,9.7407563869225,-75.8552577778338,0.42626275468339
206.600469780887,9.70172662401793,-75.9206649623438,0.425946701900561
207.594339061863,9.66267603053238,-75.9857983764387,0.425633198467384
208.592989436264,9.62360481029002,-76.0506588580695,0.425322230994427
209.596443903949,9.58451316589752,-76.1152472473809,0.425013786096876
210.604725575423,9.54540129875121,-76.1795643866359,0.424707850396203
211.617857672362,9.50626940904444,-76.2436111201404,0.424404410521803
212.635863528154,9.46711769577493,-76.3073882941695,0.424103453112606
213.658766588436,9.42794635675226,-76.3708967568943,0.423804964818675
214.686590411627,9.38875558860533,-76.4341373583098,0.423508932302765
215.719358669482,9.34954558678992,-76.4971109501635,0.42321534224187
216.757095147626,9.3103165455964,-76.5598183858854,0.42292418132874
217.79982374611,9.27106865815728,-76.6222605205183,0.422635436273376
218.847568479957,9.23180211645511,-76.6844382106495,0.422349093804503
219.900353479716,9.19251711133008,-76.7463523143431,0.422065140671012
220.958202992018,9.15321383248811,-76.8080036910735,0.42178356364339
222.021141380136,9.1138924685085,-76.8693932016595,0.421504349515119
223.089193124544,9.0745532068521,-76.9305217081993,0.421227485104053
224.16238282348,9.03519623386913,-76.9913900740066,0.420952957253775
225.240735193515,8.99582173480735,-77.0519991635477,0.420680752834927
226.324275070121,8.9564298938201,-77.1123498423789,0.420410858746521
227.413027408245,8.91702089397443,-77.1724429770849,0.420143261917225
228.507017282877,8.87759491725933,-77.2322794352191,0.419877949306629
229.606269889639,8.83815214459388,-77.291860085243,0.419614907906489
230.710810545354,8.79869275583559,-77.3511857964679,0.419354124741945
231.820664688635,8.75921692978862,-77.4102574389969,0.419095586872723
232.935857880469,8.7197248442122,-77.4690758836676,0.418839281394309
234.056415804808,8.68021667582897,-77.5276420019956,0.418585195439112
235.182364269157,8.64069260033338,-77.5859566661197,0.41833331617759
236.313729205172,8.60115279240017,-77.6440207487464,0.418083630819372
237.450536669255,8.56159742569285,-77.7018351230966,0.417836126614349
238.592812843152,8.52202667287217,-77.7594006628524,0.417590790853745
239.740584034563,8.48244070560472,-77.8167182421048,0.417347610871168
240.893876677739,8.44283969457152,-77.8737887353024,0.417106574043651
242.0527173341,8.40322380947652,-77.9306130172006,0.416867667792652
243.217132692836,8.3635932190554,-77.987191962812,0.416630879585055
244.387149571533,8.32394809108406,-78.0435264473568,0.416396196934141
245.562794916783,8.28428859238746,-78.0996173462152,0.416163607400539
246.744095804807,8.24461488884823,-78.1554655348791,0.415933098593163
247.931079442079,8.20492714541546,-78.211071888906,0.415704658170126
249.12377316595,8.16522552611346,-78.2664372838725,0.415478273839638
250.322204445284,8.12551019405053,-78.3215625953294,0.415253933360882
251.526400881082,8.08578131142778,-78.3764486987566,0.415031624544874
252.736390207124,8.04603903954797,-78.4310964695201,0.414811335255308
253.952200290605,8.00628353882438,-78.4855067828281,0.414593053409376
255.173859132778,7.9665149687896,-78.5396805136894,0.414376766978576
256.401394869599,7.92673348810455,-78.5936185368712,0.414162463989499
257.634835772374,7.88693925456725,-78.6473217268586,0.413950132524603
258.87421024841,7.84713242512188,-78.7007909578142,0.413739760722966
260.119546841669,7.80731315586765,-78.7540271035385,0.413531336781024
261.370874233429,7.76748160206776,-78.8070310374315,0.413324848953292
262.628221242939,7.72763791815842,-78.8598036324541,0.413120285553069
263.891616828087,7.68778225775781,-78.912345761091,0.412917634953126
265.161090086064,7.64791477367513,-78.9646582953138,0.412716885586381
266.436670254038,7.60803561791956,-79.0167421065451,0.412518025946553
267.718386709822,7.56814494170938,-79.0685980656228,0.412321044588805
269.006268972556,7.52824289548094,-79.1202270427655,0.412125930130372
270.300346703383,7.48832962889782,-79.1716299075385,0.411932671251172
271.600649706132,7.44840529085976,-79.2228075288203,0.411741256694399
272.90720792801,7.40847002951194,-79.2737607747696,0.41155167526711
274.220051460283,7.36852399225391,-79.3244905127934,0.411363915840791
275.539210538977,7.32856732574882,-79.3749976095153,0.411177967351911
276.86471554557,7.28860017593249,-79.4252829307445,0.410993818802458
278.196597007692,7.24862268802254,-79.475347341446,0.410811459260473
279.534885599829,7.20863500652755,-79.5251917057101,0.410630877860555
280.87961214403,7.16863727525621,-79.5748168867242,0.410452063804365
282.230807610615,7.1286296373265,-79.6242237467438,0.410275006361111
283.588503118891,7.08861223517483,-79.6734131470646,0.410099694868022
284.952729937865,7.04858521056527,-79.7223859479955,0.409926118730808
286.323519486968,7.00854870459866,-79.7711430088321,0.409754267424111
287.700903336776,6.96850285772192,-79.8196851878299,0.409584130491939
289.084913209738,6.92844780973713,-79.8680133421793,0.409415697548093
290.475580980908,6.88838369981088,-79.9161283279806,0.409248958276578
291.872938678674,6.84831066648341,-79.9640310002196,0.409083902432009
293.277018485504,6.80822884767782,-80.0117222127435,0.408920519839993
294.687852738678,6.76813838070939,-80.0592028182381,0.408758800397517
296.105473931042,6.72803940229477,-80.1064736682047,0.408598734073312
297.529914711747,6.68793204856126,-80.1535356129379,0.408440310908209
298.96120788701,6.64781645505603,-80.2003895015043,0.408283521015493
300.39938642086,6.60769275675548,-80.2470361817212,0.408128354581231
301.844483435907,6.56756108807438,-80.293476500136,0.40797480186461
303.296532214097,6.52742158287528,-80.3397113020062,0.407822853198243
304.755566197485,6.48727437447772,-80.3857414312799,0.407672498988485
306.221618988997,6.44711959566757,-80.4315677305767,0.407523729715729
307.694724353213,6.40695737870632,-80.4771910411695,0.407376535934693
309.174916217139,6.36678785534038,-80.522612202966,0.407230908274706
310.662228670989,6.32661115681041,-80.5678320544918,0.407086837439973
312.156695968973,6.28642741386063,-80.6128514328728,0.40694431420984
313.658352530081,6.2462367567482,-80.6576711738194,0.406803329439052
315.16723293888,6.20603931525249,-80.7022921116099,0.406663874057995
316.683371946309,6.16583521868448,-80.7467150790753,0.406525939072937
318.206804470481,6.12562459589607,-80.790940907584,0.406389515566258
319.737565597481,6.08540757528952,-80.8349704270277,0.406254594696673
321.275690582184,6.0451842848267,-80.8788044658067,0.406121167699448
322.821214849058,6.00495485203859,-80.9224438508168,0.405989225886608
324.374173992984,5.96471940403458,-80.9658894074358,0.40585876064714
325.934603780077,5.92447806751191,-81.0091419595109,0.405729763447184
327.502540148506,5.88423096876505,-81.0522023293466,0.405602225830226
329.078019209325,5.84397823369509,-81.0950713376927,0.405476139417278
330.661077247302,5.80371998781923,-81.1377498037329,0.40535149590705
332.251750721758,5.76345635628011,-81.180238545074,0.405228287076125
333.850076267401,5.72318746385538,-81.2225383777357,0.405106504779118
335.456090695178,5.68291343496695,-81.2646501161399,0.404986140948836
337.069830993115,5.64263439369068,-81.3065745731019,0.40486718759643
338.691334327173,5.60235046376562,-81.3483125598203,0.404749636811539
340.320638042104,5.56206176860369,-81.3898648858693,0.404633480762438
341.957779662309,5.52176843129901,-81.4312323591895,0.404518711696168
343.602796892702,5.48147057463748,-81.4724157860803,0.404405321938672
345.255727619584,5.44116832110626,-81.5134159711926,0.404293303894921
346.916609911507,5.40086179290331,-81.5542337175214,0.404182650049037
348.585482020157,5.3605511119469,-81.5948698263993,0.404073352964412
350.262382381232,5.32023639988515,-81.63532509749,0.403965405283819
351.94734961533,5.27991777810565,-81.6756003287829,0.403858799729529
353.640422528836,5.23959536774493,-81.715696316587,0.403753529103411
355.341640114814,5.19926928969813,-81.7556138555262,0.403649586287039
357.051041553912,5.15893966462852,-81.7953537385346,0.403546964241789
358.768666215255,5.11860661297722,-81.8349167568522,0.403445656008938
360.494553657361,5.07827025497269,-81.8743037000208,0.403345654709755
362.228743629044,5.03793071064049,-81.9135153558804,0.403246953545589
363.971276070336,4.99758809981287,-81.9525525105665,0.403149545797962
365.722191113402,4.95724254213844,-81.991415948507,0.403053424828649
367.481529083467,4.91689415709192,-82.0301064524196,0.40295858407976
369.249330499743,4.87654306398376,-82.0686248033102,0.402865017073824
371.025636076365,4.83618938196996,-82.1069717804711,0.402772717413859
372.810486723326,4.79583323006168,-82.1451481614796,0.402681678783456
374.603923547418,4.75547472713519,-82.1831547221968,0.402591894946845
376.405987853185,4.71511399194142,-82.220992236768,0.402503359748973
378.216721143866,4.67475114311597,-82.2586614776212,0.402416067115569
380.036165122357,4.63438629918878,-82.2961632154684,0.402330011053216
381.864361692169,4.59401957859406,-82.3334982193053,0.402245185649416
383.701352958393,4.55365109968007,-82.3706672564128,0.40216158507266
385.54718122867,4.5132809807191,-82.4076710923575,0.402079203572488
387.401889014167,4.47290933991729,-82.4445104909939,0.401998035479558
389.265519030554,4.4325362954246,-82.4811862144662,0.401918075205706
391.138114198986,4.39216196534476,-82.5176990232102,0.401839317244011
393.019717647097,4.3517864677452,-82.5540496759563,0.401761756168857
394.910372709989,4.31140992066716,-82.5902389297323,0.401685386635996
396.810122931233,4.27103244213557,-82.6262675398666,0.40161020338261
398.719012063865,4.23065415016924,-82.662136259992,0.401536201227369
400.637084071405,4.19027516279084,-82.6978458420496,0.401463375070499
402.564383128859,4.14989559803707,-82.7333970362931,0.401391719893841
404.500953623742,4.10951557396877,-82.7687905912935,0.401321230760914
406.4468401571,4.06913520868108,-82.8040272539439,0.401251902816979
408.402087544534,4.02875462031364,-82.8391077694652,0.401183731289101
410.366740817237,3.98837392706085,-82.8740328814111,0.401116711486216
412.340845223025,3.94799324718208,-82.9088033316748,0.401050838799196
414.324446227386,3.90761269901195,-82.9434198604949,0.40098610870091
416.31758951452,3.86723240097074,-82.9778832064621,0.400922516746302
418.320320988399,3.82685247157461,-83.012194106526,0.400860058572449
420.332686773817,3.78647302944614,-83.0463532960029,0.40079872989864
422.354733217455,3.74609419332463,-83.0803615085828,0.400738526526442
424.386506888951,3.70571608207665,-83.1142194763378,0.400679444339775
426.428054581969,3.66533881470645,-83.1479279297303,0.40062147930499
428.479423315277,3.6249625103666,-83.1814875976212,0.40056462747094
430.540660333832,3.5845872883685,-83.2148992072795,0.400508884969067
432.611813109867,3.54421326819297,-83.2481634843909,0.400454248013476
434.692929343983,3.50384056950101,-83.2812811530678,0.400400712901023
436.784056966251,3.46346931214436,-83.3142529358591,0.400348276011399
438.885244137311,3.42309961617637,-83.3470795537603,0.40029693380722
440.996539249488,3.38273160186266,-83.3797617262242,0.400246682834116
443.117990927896,3.34236538969205,-83.4123001711716,0.400197519720827
445.249648031571,3.30200110038737,-83.4446956050027,0.400149441179299
447.391559654584,3.26163885491638,-83.4769487426084,0.400102444004782
449.543775127183,3.22127877450275,-83.5090602973826,0.400056525075935
451.706344016918,3.18092098063708,-83.5410309812336,0.400011681354932
453.87931612979,3.14056559508794,-83.5728615045972,0.399967909887571
456.062741511398,3.10021273991295,-83.6045525764497,0.399925207803385
458.256670448086,3.05986253747004,-83.6361049043201,0.399883572315762
460.461153468109,3.01951511042854,-83.6675191943047,0.399843000722063
462.676241342787,2.97917058178056,-83.6987961510801,0.399803490403745
464.901985087686,2.93882907485219,-83.7299364779179,0.399765038826493
467.138435963782,2.89849071331499,-83.7609408766987,0.399727643540348
469.385645478648,2.85815562119736,-83.7918100479271,0.399691302179844
471.643665387639,2.817823922896,-83.822544690747,0.399656012464151
473.912547695084,2.77749574318756,-83.8531455029567,0.399621772197217
476.192344655481,2.73717120724012,-83.883613181025,0.399588579267918
478.483108774705,2.69685044062495,-83.9139484201072,0.399556431650215
480.784892811214,2.65653356932819,-83.9441519140616,0.399525327403308
483.097749777265,2.61622071976268,-83.9742243554664,0.399495264671803
485.421732940137,2.57591201877975,-84.0041664356368,0.399466241685882
487.756895823352,2.53560759368124,-84.033978844642,0.399438256761473
490.103292207916,2.49530757223136,-84.0636622713242,0.399411308300431
492.460976133548,2.4550120826689,-84.0932174033155,0.399385394790723
494.830001899934,2.4147212537192,-84.1226449270573,0.39936051480662
497.210424067972,2.37443521460646,-84.1519455278189,0.399336667008885
499.60229746103,2.33415409506594,-84.1811198897165,0.399313850144984
502.005677166206,2.29387802535633,-84.2101686957334,0.399292063049286
504.420618535604,2.25360713627215,-84.2390926277392,0.399271304643278
506.847177187601,2.21334155915625,-84.2678923665107,0.399251573935787
509.285409008129,2.17308142591237,-84.2965685917523,0.3992328700232
511.73537015197,2.13282686901778,-84.3251219821169,0.399215192089701
514.197117044037,2.09257802153602,-84.3535532152278,0.399198539407504
516.670706380685,2.05233501712966,-84.3818629676998,0.399182911337102
519.156195131008,2.01209799007327,-84.410051915162,0.399168307327516
521.653640538156,1.97186707526632,-84.4381207322799,0.399154726916552
524.163100120653,1.93164240824624,-84.4660700927782,0.39914216973107
526.684631673719,1.8914241252016,-84.4939006694646,0.399130635487251
529.218293270606,1.85121236298532,-84.521613134253,0.39912012399088
531.764143263928,1.81100725912801,-84.5492081581879,0.399110635137633
534.322240287013,1.77080895185133,-84.5766864114683,0.399102168913365
536.892643255247,1.73061758008159,-84.6040485634733,0.399094725394422
539.475411367436,1.69043328346322,-84.6312952827869,0.399088304747938
542.070604107163,1.65025620237262,-84.6584272372236,0.399082907232163
544.678281244169,1.61008647793178,-84.6854450938547,0.399078533196781
547.298502835713,1.56992425202237,-84.7123495190347,0.399075183083245
549.931329227973,1.52976966729954,-84.7391411784281,0.399072857425122
552.576821057423,1.48962286720615,-84.7658207370368,0.399071556848436
555.235039252235,1.44948399598693,-84.792388859228,0.399071282072031
557.90604503368,1.40935319870276,-84.818846208762,0.399072033907937
560.589899917542,1.36923062124511,-84.8451934488211,0.399073813261745
563.286665715531,1.32911641035058,-84.8714312420388,0.399076621132991
565.996404536703,1.28901071361551,-84.8975602505287,0.399080458615553
568.719178788903,1.24891367951071,-84.9235811359153,0.399085326898048
571.455051180188,1.20882545739638,-84.9494945593635,0.399091227264249
574.20408472028,1.16874619753701,-84.9753011816104,0.399098161093504
576.966342722013,1.12867605111658,-85.0010016629959,0.39910612986117
579.741888802797,1.08861517025367,-85.0265966634948,0.39911513513905
582.530786886073,1.0485637080169,-85.0520868427491,0.399125178595847
585.333101202796,1.00852181844031,-85.077472860101,0.399136261997625
588.148896292907,0.968489656539004,-85.1027553746257,0.39914838720828
590.978237006824,0.928467378324868,-85.1279350451656,0.399161556190021
593.821188506931,0.888455140822388,-85.1530125303643,0.399175771003863
596.677816269081,0.848453102084679,-85.1779884887016,0.399191033810128
599.548186084109,0.808461421209538,-85.2028635785289,0.399207346868965
602.432364059336,0.768480258355786,-85.2276384581045,0.399224712540867
605.330416620103,0.728509774759558,-85.2523137856306,0.399243133287213
608.242410511293,0.688550132750954,-85.27689021929,0.399262611670813
611.168412798872,0.648601495770577,-85.3013684172834,0.399283150356469
614.108490871433,0.608664028386504,-85.3257490378678,0.399304752111545
617.062712441745,0.568737896311136,-85.3500327393946,0.399327419806548
620.03114554832,0.528823266418382,-85.3742201803492,0.399351156415728
623.01385855697,0.488920306760911,-85.3983120193904,0.399375965017678
626.01092016239,0.449029186587572,-85.422308915391,0.399401848795963
629.022399389733,0.409150076361022,-85.4462115274788,0.399428811039743
632.04836559621,0.369283147775387,-85.4700205150776,0.399456855144424
635.088888472673,0.329428573774274,-85.49373653795,0.399485984612317
638.144038045235,0.289586528568712,-85.5173602562399,0.399516203053305
641.213884676869,0.249757187655538,-85.5408923305157,0.399547514185531
644.298499069041,0.209940727835643,-85.5643334218149,0.399579921836097
647.397952263327,0.170137327232715,-85.5876841916884,0.399613429941776
650.512315643059,0.13034716531185,-85.6109453022459,0.399648042549738
653.641660934964,0.0905704228985643,-85.6341174162021,0.39968376381829
656.786060210813,0.0508072821978915,-85.6572011969237,0.399720598017634
659.945585889089,0.0110579268136533,-85.680197308476,0.399758549530636
663.120310736648,-0.028677458232034,-85.7031064156721,0.39979762285361
666.310307870397,-0.0683986864791205,-85.7259291841211,0.399837822597119
669.515650758978,-0.108105570009706,-85.748666280278,0.399879153486791
672.736413224464,-0.14779791942808,-85.7713183714936,0.39992162036415
675.972669444048,-0.187475543840362,-85.7938861260665,0.399965228187461
679.224493951767,-0.227138250834152,-85.8163702132941,0.400009982032599
682.491961640203,-0.266785846457784,-85.8387713035255,0.400055887093921
685.775147762222,-0.306418135199532,-85.8610900682152,0.400102948685168
689.074127932694,-0.346034919966508,-85.8833271799773,0.400151172240376
692.388978130246,-0.385636002063386,-85.9054833126403,0.400200563314807
695.719774699003,-0.42522118117089,-85.9275591413031,0.400251127585896
699.066594350352,-0.464790255324096,-85.9495553423922,0.400302870854215
702.429514164707,-0.504343020890479,-85.9714725937187,0.400355799044461
705.808611593282,-0.543879272547708,-85.993311574537,0.400409918206451
709.203964459879,-0.583398803261347,-86.0150729656046,0.400465234516149
712.615650962674,-0.622901404262088,-86.0367574492419,0.400521754276699
716.04374967603,-0.662386865023022,-86.0583657093936,0.400579483919487
719.488339552289,-0.701854973236409,-86.0798984316909,0.400638430005217
722.949499923606,-0.741305514790411,-86.1013563035146,0.400698599225007
726.42731050377,-0.780738273745461,-86.1227400140593,0.40075999840151
729.921851390038,-0.820153032310409,-86.1440502543983,0.400822634490046
733.433203064983,-0.859549570818425,-86.1652877175498,0.400886514579765
736.961446398345,-0.898927667702628,-86.1864530985442,0.400951645894825
740.506662648897,-0.938287099471473,-86.2075470944918,0.401018035795592
744.068933466311,-0.977627640683816,-86.2285704046525,0.401085691779863
747.648340893046,-1.01694906392382,-86.249523730506,0.40115462148411
751.244967366228,-1.05625113977542,-86.270407775823,0.401224832684746
754.858895719561,-1.0955336367967,-86.2912232467381,0.401296333299417
758.490209185221,-1.13479632149381,-86.3119708518229,0.401369131388314
762.138991395781,-1.17403895829471,-86.3326513021617,0.401443235155508
765.805326386139,-1.2132613095226,-86.3532653114267,0.401518652950311
769.489298595447,-1.25246313536899,-86.3738135959556,0.40159539326866
773.19099286906,-1.29164419386656,-86.39429687483,0.401673464754529
776.910494460487,-1.33080424086166,-86.4147158699553,0.40175287620136
780.64788903336,-1.3699430299865,-86.4350713061414,0.401833636553525
784.403262663398,-1.40906031263103,-86.4553639111851,0.401915754907812
788.176701840401,-1.44815583791453,-86.4755944159535,0.401999240514936
791.968293470229,-1.4872293526568,-86.4957635544694,0.402084102781079
795.778124876816,-1.52628060134916,-86.5158720639971,0.402170351269459
799.606283804172,-1.56530932612489,-86.5359206851306,0.402257995701921
803.452858418406,-1.60431526672957,-86.5559101618822,0.402347045960559
807.317937309761,-1.64329816049094,-86.5758412417735,0.402437512089374
811.201609494649,-1.68225774228838,-86.5957146759273,0.402529404295945
815.103964417704,-1.72119374452218,-86.6155312191611,0.402622732953148
819.025091953839,-1.76010589708226,-86.6352916300824,0.402717508600893
822.965082410321,-1.7989939273167,-86.6549966711851,0.402813741947893
826.924026528843,-1.83785755999974,-86.674647108948,0.402911443873472
830.902015487627,-1.87669651729955,-86.6942437139345,0.403010625429397
834.899140903506,-1.91551051874545,-86.7137872608942,0.403111297841744
838.915494834053,-1.95429928119494,-86.733278528866,0.403213472512799
842.951169779682,-1.99306251880008,-86.7527183012833,0.403317161022995
847.006258685797,-2.03179994297373,-86.7721073660805,0.403422375132872
851.080854944919,-2.07051126235519,-86.7914465158014,0.403529126785088
855.175052398842,-2.10919618277552,-86.8107365477097,0.403637428106452
859.288945340796,-2.14785440722238,-86.8299782639011,0.40374729141
863.422628517615,-2.18648563580447,-86.8491724714172,0.403858729197105
867.576197131923,-2.22508956571556,-86.8683199823616,0.403971754159624
871.749746844319,-2.26366589119799,-86.8874216140179,0.404086379182088
875.943373775594,-2.30221430350586,-86.9064781889696,0.404202617343922
880.157174508926,-2.34073449086755,-86.925490535222,0.404320481921713
884.391246092126,-2.37922613844807,-86.9444594863266,0.404439986391511
888.645686039852,-2.41768892831061,-86.9633858815069,0.404561144431178
892.92059233587,-2.45612253937788,-86.9822705657872,0.404683969922771
897.216063435304,-2.49452664739281,-87.001114390123,0.404808476954976
901.532198266904,-2.53290092487879,-87.0199182115338,0.404934679825575
905.869096235327,-2.57124504109944,-87.0386828932386,0.405062593043966
910.226857223423,-2.60955866201783,-87.0574093047933,0.405192231333723
914.605581594539,-2.64784145025521,-87.0760983222302,0.405323609635204
919.005370194825,-2.68609306504915,-87.0947508282012,0.405456743108204
923.426324355564,-2.72431316221127,-87.1133677121221,0.405591647134652
927.868545895498,-2.76250139408423,-87.1319498703202,0.405728337321368
932.332137123181,-2.80065740949845,-87.1504982061846,0.405866829502854
936.817200839328,-2.83878085372789,-87.1690136303183,0.406007139744144
941.323840339187,-2.87687136844566,-87.1874970606944,0.406149284343705
945.852159414915,-2.91492859167871,-87.2059494228135,0.40629327983639
950.402262357972,-2.95295215776217,-87.2243716498655,0.406439142996438
954.97425396152,-2.99094169729295,-87.2427646828927,0.406586890840535
959.568239522839,-3.02889683708276,-87.2611294709574,0.406736540630927
964.184324845749,-3.06681720011057,-87.279466971311,0.406888109878594
968.822616243046,-3.10470240547435,-87.2977781495677,0.40704161634647
973.48322053896,-3.14255206834224,-87.31606397988,0.407197078052736
978.1662450716,-3.18036579990301,-87.3343254451179,0.407354513274158
982.871797695441,-3.21814320731594,-87.3525635370518,0.407513940549502
987.599986783795,-3.25588389365991,-87.3707792565384,0.407675378682993
992.350921231318,-3.2935874578819,-87.3889736137092,0.407838846747852
997.12471045651,-3.3312534947448,-87.4071476281642,0.408004364089888
1001.92146440424,-3.36888159477442,-87.4253023291676,0.408171950331164
1006.74129354828,-3.40647134420587,-87.443438755848,0.408341625373718
1011.58430889383,-3.44402232492916,-87.4615579574016,0.408513409403369
1016.45062198011,-3.48153411443409,-87.4796609933002,0.408687322893573
1021.3403448829,-3.51900628575436,-87.4977489335021,0.408863386609372
1026.25359021713,-3.55643840741091,-87.5158228586676,0.409041621611394
1031.19047113947,-3.59383004335453,-87.5338838603779,0.409222049259944
1036.15110135095,-3.63118075290754,-87.5519330413588,0.409404691219161
1041.13559509955,-3.66849009070485,-87.5699715157082,0.409589569461256
1046.14406718288,-3.70575760663404,-87.5880004091283,0.409776706270827
1051.17663295076,-3.74298284577472,-87.6060208591613,0.409966124249258
1056.23340830794,-3.78016534833691,-87.624034015431,0.410157846319193
1061.31450971672,-3.81730464959869,-87.6420410398875,0.410351895729104
1066.42005419965,-3.85440027984289,-87.6600431070578,0.410548296057929
1071.55015934225,-3.89145176429289,-87.6780414043008,0.410747071219819
1076.70494329566,-3.92845862304755,-87.6960371320666,0.41094824546895
1081.88452477944,-3.96542037101516,-87.7140315041619,0.411151843404448
1087.08902308422,-4.00233651784652,-87.7320257480198,0.411357889975389
1092.31855807451,-4.03920656786693,-87.750021104975,0.411566410485907
1097.57325019143,-4.07603002000741,-87.7680188305444,0.411777430600387
1102.8532204555,-4.11280636773469,-87.7860201947133,0.411990976348774
1108.15859046941,-4.14953509898043,-87.8040264822271,0.412207074131961
1113.48948242084,-4.18621569606916,-87.8220389928886,0.412425750727299
1118.84601908526,-4.22284763564542,-87.8400590418616,0.412647033294203
1124.22832382876,-4.25943038859968,-87.8580879599798,0.412870949379867
1129.63652061089,-4.29596341999319,-87.8761270940628,0.413097526925092
1135.07073398753,-4.33244618898183,-87.8941778072372,0.413326794270222
1140.53108911374,-4.36887814873869,-87.9122414792654,0.413558780161202
1146.01771174664,-4.40525874637567,-87.93031950688,0.41379351375574
1151.53072824833,-4.44158742286375,-87.9484133041252,0.414031024629607
1157.07026558878,-4.47786361295223,-87.9665243027054,0.414271342783046
1162.63645134876,-4.51408674508669,-87.9846539523404,0.414514498647309
1168.22941372277,-4.55025624132571,-88.0028037211282,0.414760523091328
1173.84928152202,-4.5863715172564,-88.0209750959148,0.41500944742851
1179.49618417736,-4.62243198190862,-88.0391695826716,0.415261303423669
1185.17025174229,-4.65843703766791,-88.0573887068813,0.415516123300095
1190.87161489592,-4.69438608018714,-88.07563401393,0.415773939746764
1196.60040494604,-4.73027849829676,-88.0939070695097,0.416034785925684
1202.35675383209,-4.76611367391378,-88.1122094600269,0.416298695479401
1208.1407941282,-4.80189098194923,-88.130542793021,0.41656570253864
1213.95265904627,-4.83760979021433,-88.148908697591,0.416835841730108
1219.79248243905,-4.87326945932517,-88.1673088248315,0.417109148184453
1225.66039880316,-4.90886934260592,-88.1857448482766,0.417385657544377
1231.55654328227,-4.94440878599054,-88.2042184643551,0.417665405972922
1237.48105167013,-4.97988712792299,-88.2227313928529,0.417948430161914
1243.43406041376,-5.01530369925592,-88.2412853773878,0.418234767340585
1249.41570661657,-5.05065782314768,-88.2598821858918,0.418524455284369
1255.42612804152,-5.08594881495785,-88.2785236111055,0.418817532323878
1261.46546311427,-5.12117598214107,-88.2972114710823,0.419114037354056
1267.53385092641,-5.15633862413918,-88.3159476097034,0.41941400984353
1273.63143123864,-5.19143603227174,-88.3347338972039,0.419717489844148
1279.75834448398,-5.22646748962472,-88.3535722307104,0.420024518000712
1285.91473177101,-5.26143227093753,-88.3724645347899,0.420335135560919
1292.10073488716,-5.29632964248818,-88.391412762011,0.420649384385501
1298.31649630189,-5.33115886197668,-88.4104188935169,0.420967306958583
1304.56215917007,-5.36591917840648,-88.4294849396112,0.421288946398253
1310.83786733519,-5.40060983196413,-88.4486129403562,0.421614346467352
1317.14376533274,-5.4352300538969,-88.467804966185,0.421943551584496
1323.4799983935,-5.46977906638851,-88.4870631185261,0.422276606835328
1329.84671244688,-5.50425608243278,-88.5063895304428,0.422613557984004
1336.24405412432,-5.53866030570532,-88.525786367286,0.422954451484926
1342.67217076262,-5.57299093043306,-88.545255827362,0.423299334494727
1349.13121040739,-5.60724714126165,-88.5648001426153,0.423648254884505
1355.62132181639,-5.64142811312081,-88.584421579326,0.424001261252325
1362.14265446301,-5.67553301108729,-88.6041224388238,0.424358402935985
1368.69535853969,-5.70956099024575,-88.6239050582173,0.42471973002606
1375.27958496139,-5.74351119554725,-88.6437718111406,0.425085293379221
1381.89548536905,-5.7773827616654,-88.6637251085161,0.425455144631855
1388.54321213309,-5.81117481285019,-88.6837673993351,0.425829336213967
1395.22291835695,-5.84488646277935,-88.7039011714563,0.426207921363391
1401.93475788054,-5.87851681440719,-88.7241289524223,0.426590954140317
1408.67888528387,-5.91206495981103,-88.7444533102953,0.426978489442125
1415.45545589054,-5.94552998003495,-88.7648768545118,0.427370583018556
1422.26462577138,-5.97891094493095,-88.7854022367574,0.427767291487212
1429.10655174799,-6.01220691299742,-88.8060321518616,0.428168672349396
1435.98139139637,-6.04541693121496,-88.8267693387138,0.428574784006316
1442.88930305056,-6.07854003487929,-88.8476165812006,0.428985685775634
1449.83044580629,-6.11157524743144,-88.8685767091655,0.4294014379084
1456.80497952463,-6.14452158028494,-88.8896525993904,0.42982210160635
1463.81306483565,-6.17737803265016,-88.9108471766016,0.430247739039612
1470.85486314218,-6.2101435913556,-88.9321634144985,0.430678413364789
1477.93053662347,-6.24281723066608,-88.9536043368075,0.431114188743474
1485.04024823895,-6.27539791209783,-88.9751730183613,0.431555130361166
1492.184161732,-6.30788458423044,-88.9968725862036,0.432001304446633
1499.36244163367,-6.34027618251543,-89.0187062207204,0.432452778291705
1506.57525326653,-6.37257162908163,-89.0406771567997,0.432909620271527
1513.82276274841,-6.40476983253709,-89.0627886850179,0.433371899865278
1521.10513699632,-6.43686968776759,-89.0850441528565,0.433839687677367
1528.42254373019,-6.46887007573158,-89.1074469659475,0.434313055459119
1535.7751514768,-6.50076986325156,-89.13000058935,0.434792076130966
1543.16312957364,-6.53256790280176,-89.1527085488583,0.435276823805158
1550.58664817282,-6.56426303229217,-89.1755744323418,0.435767373808995
1558.04587824497,-6.59585407484861,-89.1986018911192,0.436263802708618
1565.5409915832,-6.62733983858902,-89.2217946413657,0.436766188333352
1573.07216080703,-6.65871911639579,-89.2451564655562,0.437274609800619
1580.63955936639,-6.68999068568394,-89.2686912139452,0.437789147541457
1588.24336154562,-6.72115330816525,-89.2924028060825,0.438309883326628
1595.88374246744,-6.75220572960818,-89.3162952323691,0.438836900293361
1603.56087809704,-6.78314667959344,-89.340372555651,0.439370282972731
1611.27494524609,-6.81397487126521,-89.3646389128552,0.439910117317692
1619.02612157684,-6.84468900107787,-89.3890985166658,0.440456490731793
1626.81458560617,-6.87528774853816,-89.4137556572449,0.44100949209858
1634.64051670978,-6.90576977594271,-89.4386147039973,0.441569211811717
1642.50409512622,-6.93613372811078,-89.4636801073801,0.44213574180584
1650.40550196113,-6.96637823211219,-89.4889564007605,0.442709175588156
1658.34491919136,-6.99650189699026,-89.5144482023217,0.443289608270829
1666.32252966918,-7.02650331347974,-89.5401602170186,0.443877136604151
1674.33851712648,-7.05638105371958,-89.5660972385852,0.444471859010537
1682.39306617902,-7.08613367096044,-89.5922641515946,0.44507387561936
1690.48636233064,-7.11575969926683,-89.6186659335745,0.44568328830265
1698.61859197761,-7.14525765321386,-89.6453076571779,0.446300200711682
1706.78994241283,-7.17462602757826,-89.6721944924129,0.446924718314478
1715.00060183021,-7.20386329702387,-89.6993317089316,0.447556948434257
1723.25075932899,-7.23296791578125,-89.7267246783813,0.448197000288836
1731.54060491807,-7.26193831732135,-89.7543788768186,0.448844985031044
1739.87032952041,-7.29077291402319,-89.7822998871899,0.449501015790148
1748.24012497744,-7.31947009683533,-89.8104934018789,0.450165207714335
1756.65018405343,-7.34802823493112,-89.8389652253245,0.450837678014278
1765.10070043997,-7.37644567535745,-89.86772127671,0.451518546007817
1773.59186876044,-7.40472074267709,-89.8967675927272,0.452207933165784
1782.12388457443,-7.4328517386042,-89.9261103304172,0.45290596315901
1790.69694438233,-7.46083694163318,-89.9557557700893,0.453612761906551
1799.31124562979,-7.48867460666055,-89.985710318323,0.454328457625152
1807.96698671228,-7.51636296459967,-90.0159805110534,0.455053180880015
1816.6643669797,-7.54390022198841,-90.0465730167437,0.455787064636876
1825.40358674091,-7.57128456058935,-90.0774946396475,0.456530244315452
1834.18484726838,-7.5985141369825,-90.1087523231644,0.457282857844297
1843.00835080284,-7.62558708215045,-90.1403531532908,0.458045045717093
1851.87430055788,-7.65250150105565,-90.1723043621703,0.458816951050437
1860.78290072469,-7.67925547220983,-90.2046133317453,0.459598719643161
1869.73435647673,-7.70584704723528,-90.2372875975156,0.460390500037227
1878.72887397448,-7.73227425041793,-90.2703348524054,0.461192443580246
1887.76666037015,-7.75853507825201,-90.3037629507429,0.46200470448968
1896.84792381249,-7.78462749897617,-90.3375799123572,0.46282743991876
1905.97287345157,-7.81054945210091,-90.3717939267956,0.463660810024187
1915.14171944357,-7.83629884792709,-90.4064133576648,0.464504978035661
1924.35467295567,-7.86187356705549,-90.4414467471023,0.465360110327292
1933.61194617088,-7.8872714598871,-90.4769028203796,0.466226376490965
1942.91375229294,-7.91249034611412,-90.5127904906449,0.467103949411695
1952.2603055512,-7.93752801420137,-90.5491188638069,0.467993005345057
1961.65182120561,-7.96238222085811,-90.5858972435671,0.46889372399673
1971.08851555163,-7.98705069049986,-90.6231351366049,0.469806288604242
1980.57060592523,-8.01153111470041,-90.6608422579197,0.470730886020969
1990.0983107079,-8.03582115163346,-90.6990285363379,0.471667706802466
1999.67184933166,-8.05991842550396,-90.7377041201885,0.472616945295189
2009.29144228413,-8.08382052596902,-90.7768793831537,0.473578799727703
2018.95731111363,-8.10752500754799,-90.8165649303021,0.474553472304423
2028.66967843421,-8.13102938902187,-90.8567716043089,0.475541169302002
2038.42876793086,-8.15433115282149,-90.8975104918717,0.476542101168416
2048.23480436463,-8.17742774440477,-90.9387929303272,0.477556482624843
2058.08801357776,-8.20031657162243,-90.9806305144777,0.478584532770434
2067.98862249898,-8.2229950040724,-91.023035103634,0.479626475190038
2077.93685914862,-8.24546037244243,-91.066018828883,0.480682538065001
2087.93295264398,-8.26770996784105,-91.1095941005875,0.481752954287118
2097.97713320452,-8.28974104111659,-91.153773616128,0.482837961575843
2108.06963215717,-8.31155080216402,-91.1985703678945,0.483937802598851
2118.21068194172,-8.33313641921977,-91.2439976515374,0.485052725096072
2128.4005161161,-8.35449501814414,-91.2900690744886,0.486182982007281
2138.6393693618,-8.37562368169124,-91.3367985647603,0.487328831603387
2148.92747748928,-8.39651944876654,-91.3842003800352,0.4884905376215
2159.26507744337,-8.41717931367165,-91.4322891170559,0.489668369403924
2169.65240730874,-8.43760022533645,-91.4810797213272,0.490862602041188
2180.0897063154,-8.45777908653843,-91.5305874971422,0.492073516519227
2190.57721484419,-8.47771275310919,-91.580828117944,0.493301399870872
2201.11517443231,-8.49739803312803,-91.6318176370375,0.494546545331749
2211.70382777893,-8.51683168610271,-91.6835724986633,0.495809252500755
2222.34341875071,-8.53601042213717,-91.7361095494481,0.497089827505229
2233.03419238746,-8.5549309010865,-91.7894460502471,0.498388583170978
2243.77639490779,-8.57358973169897,-91.8435996883917,0.499705839197299
2254.57027371476,-8.59198347074528,-91.8985885903611,0.501041922337165
2265.41607740157,-8.61010862213515,-91.9544313348919,0.502397166582709
2276.31405575731,-8.6279616360213,-92.0111469665447,0.503771913356194
2287.2644597727,-8.64553890789109,-92.068755009745,0.505166511706624
2298.26754164588,-8.66283677764586,-92.1272754833177,0.506581318512168
2309.32355478819,-8.67985152866833,-92.1867289155349,0.508016698688574
2320.43275383005,-8.69657938687833,-92.2471363596969,0.509473025403753
2331.59539462679,-8.71301651977715,-92.3085194102695,0.510950680298724
2342.81173426455,-8.7291590354808,-92.3709002195983,0.512450053715097
2354.08203106622,-8.74500298174292,-92.4343015152246,0.513971544929298
2365.40654459736,-8.7605443449674,-92.4987466178277,0.515515562393733
2376.7855356722,-8.77577904921172,-92.5642594598175,0.517082523985087
2388.21926635963,-8.79070295518126,-92.6308646046068,0.518672857259968
2399.70799998927,-8.80531185921566,-92.6985872665889,0.520286999718107
2411.25200115746,-8.8196014922677,-92.7674533318518,0.521925399073327
2422.85153573347,-8.83356751887588,-92.8374893796577,0.523588513532491
2434.50687086549,-8.84720553613146,-92.9087227047216,0.525276812082662
2446.21827498691,-8.86051107264133,-92.9811813403213,0.526990774786687
2457.98601782239,-8.87347958748772,-93.0548940822743,0.52873089308743
2469.81037039415,-8.88610646918625,-93.1298905138184,0.530497670120893
2481.69160502819,-8.8983870346437,-93.2062010314336,0.532291621038432
2493.62999536055,-8.91031652811744,-93.2838568716462,0.534113273338317
2505.62581634361,-8.9218901201779,-93.3628901388566,0.535963167206856
2517.67934425245,-8.93310290667656,-93.4433338342349,0.537841855869304
2529.79085669119,-8.94394990772137,-93.5252218857298,0.539749905950794
2541.96063259937,-8.95442606666206,-93.6085891792394,0.541687897847505
2554.18895225842,-8.96452624908816,-93.6934715909936,0.543656426108292
2566.47609729807,-8.97424524184232,-93.7799060212014,0.545656099826978
2578.82235070286,-8.98357775205255,-93.8679304290172,0.547687543045531
2591.22799681864,-8.99251840618631,-93.957583868885,0.549751395168308
2603.69332135916,-9.00106174913073,-94.0489065283194,0.551848311387553
2616.21861141259,-9.00920224330277,-94.1419397671876,0.553978963120333
2628.80415544817,-9.01693426779397,-94.2367261585578,0.556144038457055
2641.45024332286,-9.02425211755464,-94.3333095311837,0.558344242621708
2654.15716628799,-9.03115000262287,-94.4317350136967,0.560580298443949
2666.92521699597,-9.03762204740428,-94.5320490805823,0.562852946843114
2679.75468950706,-9.04366229000859,-94.6342996000191,0.565162947324232
2692.6458792961,-9.04926468165026,-94.7385358836641,0.567511078486058
2705.59908325937,-9.05442308612042,-94.8448087384701,0.569898138541121
2718.61459972136,-9.05913127933844,-94.9531705206268,0.572324945847734
2731.69272844169,-9.06338294899196,-95.0636751917194,0.574792339453864
2744.833770622,-9.06717169427499,-95.1763783772051,0.577301179652698
2758.03802891289,-9.07049102573471,-95.2913374273094,0.579852348549696
2771.30580742088,-9.07333436523815,-95.4086114804531,0.582446750640815
2784.63741171542,-9.07569504607138,-95.5282615293196,0.58508531340155
2798.03314883594,-9.07756631318447,-95.6503504896848,0.587768987886311
2811.49332729888,-9.0789413235969,-95.7749432721294,0.590498749337567
2825.01825710487,-9.07981314697933,-95.9021068567647,0.593275597804082
2838.60824974579,-9.08017476642876,-96.0319103711054,0.596100558767411
2852.26361821198,-9.08001907945608,-96.1644251712295,0.59897468377571
2865.98467699947,-9.07933889920595,-96.2997249263715,0.601899051083734
2879.77174211717,-9.07812695593125,-96.4378857071007,0.604874766297714
2893.6251310942,-9.07637589874599,-96.5789860772434,0.607902963023621
2907.54516298718,-9.07407829768249,-96.7231071897119,0.610984803517065
2921.53215838756,-9.07122664608104,-96.8703328864141,0.614121479332875
2935.58643942905,-9.06781336334264,-97.0207498024173,0.617314211972065
2949.70832979499,-9.06383079807777,-97.1744474745537,0.62056425352364
2963.89815472583,-9.05927123168727,-97.3315184546555,0.623872887298299
2978.15624102664,-9.05412688241436,-97.492058427617,0.627241428450739
2992.48291707457,-9.04838990990988,-97.6561663344884,0.63067122458682
3006.87851282651,-9.04205242035685,-97.8239445008079,0.63416365635137
3021.34335982658,-9.035106472204,-97.99549877039,0.637720137991899
3035.87779121387,-9.02754408256227,-98.1709386447901,0.641342117892886
3050.48214173003,-9.01935723432277,-98.3503774286708,0.645031079074653
3065.15674772704,-9.01053788405979,-98.533932381302,0.648788539650126
3079.9019471749,-9.00107797078752,-98.7217248744292,0.652616053231983
3094.71807966947,-8.99096942564526,-98.913880556747,0.656515209281788
3109.60548644026,-8.98020418259181,-99.1105295252192,0.660487633391744
3124.56451035828,-8.96877419019705,-99.3118065034856,0.664534987488609
3139.59549594396,-8.95667142462531,-99.5178510275947,0.668658969948105
3154.69878937508,-8.94388790391383,-99.7288076393014,0.672861315606835
3169.87473849474,-8.93041570365771,-99.9448260871612,0.677143795657256
3185.12369281934,-8.9162469742221,-100.166061535648,0.681508217409614
3200.4460035467,-8.90137395961261,-100.392674782508,0.685956423902996
3215.84202356408,-8.8857890181453,-100.62483248456,0.690490293345628
3231.31210745634,-8.86948464506964,-100.862707392112,0.695111738362431
3246.85661151411,-8.85245349731016,-101.106478592175,0.699822705025401
3262.47589374197,-8.83468842050577,-101.356331760593,0.704625171639779
3278.17031386673,-8.81618247854071,-101.612459423202,0.709521147256044
3293.94023334568,-8.79692898577598,-101.875061226073,0.714512669874627
3309.78601537495,-8.77692154220723,-102.14434421485,0.719601804306685
3325.70802489784,-8.75615407179256,-102.420523123144,0.724790639650505
3341.70662861324,-8.73462086421263,-102.70382066986,0.730081286338886
3357.78219498409,-8.71231662034593,-102.994467865262,0.735475872708255
3373.93509424585,-8.6892365017632,-103.292704325492,0.740976541035331
3390.16569841501,-8.66537618456793,-103.598778595124,0.746585442981615
3406.47438129771,-8.64073191793361,-103.912948477249,0.75230473438016
3422.86151849828,-8.61530058771395,-104.235481370377,0.758136569292604
3439.32748742796,-8.58907978552833,-104.566654611332,0.764083093257497
3455.87266731354,-8.56206788375257,-104.90675582307,0.770146435643508
3472.49743920612,-8.53426411687324,-105.256083266159,0.776328701013012
3489.20218598987,-8.5056686696933,-105.614946192355,0.782631959392938
3505.98729239087,-8.47628277290653,-105.983665198472,0.789058235340571
3522.85314498595,-8.44610880658809,-106.362572578342,0.795609495682245
3539.8001322116,-8.41515041217882,-106.75201267032,0.802287635792566
3556.82864437292,-8.38341261356941,-107.152342197338,0.809094464271043
3573.93907365261,-8.35090194791913,-107.563930596016,0.816031685861782
3591.13181411999,-8.31762660686884,-107.9871603308,0.823100882450436
3608.4072617401,-8.28359658883095,-108.422427188449,0.830303491960875
3625.76581438277,-8.24882386305724,-108.870140547528,0.837640784962419
3643.20787183186,-8.21332254619785,-109.330723616747,0.845113838787018
3660.73383579439,-8.17710909207027,-109.804613635169,0.852723508944936
3678.34410990985,-8.14020249535268,-110.292262026299,0.86047039761758
3696.03909975946,-8.10262450990021,-110.794134497038,0.868354818997636
3713.81921287553,-8.06439988235215,-111.310711071332,0.876376761240219
3731.68485875082,-8.02555660164987,-111.842486047026,0.884535844785042
3749.63644884802,-7.98612616501565,-112.389967863116,0.8928312768095
3767.67439660917,-7.94614386084721,-112.953678863043,0.901261801577083
3785.79911746522,-7.90564906885676,-113.534154938117,0.909825646455957
3804.0110288456,-7.86468557762191,-114.131945033423,0.918520463400217
3822.31055018779,-7.82330191951169,-114.747610496824,0.927343265712935
3840.69810294704,-7.78155172269912,-115.381724249784,0.936290359947577
3859.17411060602,-7.73949407966349,-116.034869756869,0.945357272854727
3877.73899868462,-7.69719393121465,-116.707639768891,0.954538673346822
3896.39319474971,-7.65472246462889,-117.400634812815,0.963828289537197
3915.13712842504,-7.61215752396459,-118.114461399819,0.973218821014115
3933.97123140107,-7.56958403001693,-118.849729921345,0.982701846638435
3952.89593744496,-7.52709440666822,-119.607052201744,0.992267728308102
3971.91168241053,-7.48478900958706,-120.38703867525,1.00190551131666
3991.01890424832,-7.44277655232224,-121.19029515471,1.01160282214896
4010.21804301569,-7.40117452382376,-122.017419159914,1.02134576480719
4029.50954088689,-7.36010959030645,-122.868995774651,1.03111881704595
4048.89384216333,-7.31971797315889,-123.745593004026,1.04090472821535
4068.37139328374,-7.28014579330397,-124.64775660732,1.05068442076583
4087.94264283449,-7.24154937106151,-125.576004386985,1.06043689785237
4107.60804155993,-7.20409546917579,-126.530819921548,1.07013915988341
4127.36804237273,-7.16796146529662,-127.512645739425,1.07976613328086
4147.22310036435,-7.1333354388944,-128.521875942253,1.08929061513782
4167.1736728155,-7.10041615641733,-129.558848300384,1.0986832378623
4187.22021920668,-7.06941293754413,-130.623835859963,1.10791245825445
4207.36320122876,-7.04054538474645,-131.717038120336,1.11694457575288
4227.60308279361,-7.01404295816033,-132.83857186257,1.12574378476986
4247.94033004481,-6.990144378095,-133.988461734077,1.13427226607729
4268.37541136832,-6.96909683850584,-135.166630720506,1.14249032206439
4288.90879740336,-6.95115501654733,-136.372890663334,1.15035656032384
4309.54096105317,-6.93657986601529,-137.606933009062,1.15782812939402
4330.27237749592,-6.92563718617498,-138.868320002395,1.1648610095598
4351.10352419571,-6.91859596220802,-140.156476559736,1.17141036036676
4372.03488091349,-6.91572647930346,-141.470683079059,1.17743092492785
4393.06692971813,-6.91729821920943,-142.810069455853,1.18287748920759
4414.20015499757,-6.92357755571966,-144.173610580467,1.18770539229526
4435.43504346991,-6.93482527387583,-145.560123587867,1.1918710812905
4456.77208419466,-6.95129394631739,-146.968267115007,1.19533270191822
4478.211768584,-6.9732252088146,-148.396542792448,1.19805071349127
4499.75459041408,-7.00084698511528,-149.843299154949,1.19998851449814
4521.40104583639,-7.03437071831207,-151.306738100657,1.20111306307661
4543.15163338924,-7.07398867146688,-152.784923961367,1.20139547511491
4565.00685400916,-7.1198713637121,-154.275795169178,1.20081158186071
4586.96721104249,-7.17216520905321,-155.777178420735,1.19934242885078
4609.03321025699,-7.23099042331165,-157.286805153168,1.1969746987926
4631.2053598534,-7.29643925991586,-158.802330060151,1.19370104276737
4653.48417047726,-7.36857462760728,-160.321351297268,1.18952030674941
4675.87015523058,-7.44742913281655,-161.841431957739,1.18443764384545
4698.36382968371,-7.53300457692234,-163.360122346933,1.17846450667729
4720.96571188718,-7.62527192444504,-164.874982550392,1.1716185187368
4743.67632238366,-7.72417174319545,-166.383604777589,1.1639232280683
4766.49618421994,-7.82961510231031,-167.883634973205,1.15540775100328
4789.42582295894,-7.94148489978391,-169.372793218666,1.14610631761937
4812.46576669188,-8.05963757830638,-170.84889249694,1.13605773388912
4835.61654605039,-8.18390517757789,-172.309855459884,1.12530477794786
4858.87869421876,-8.3140976632508,-173.753728915469,1.11389354943819
4882.2527469462,-8.45000546752302,-175.178695837278,1.10187279144708
4905.73924255918,-8.59140217423097,-176.583084785886,1.08929320417933
4929.33872197386,-8.7380472819347,-177.965376716459,1.07620676830956
4953.05172870849,-8.88968898166214,-179.324209225237,1.06266609406983
4976.87880889601,-9.04606689126236,-180.658378356158,1.04872380974188
5000.82051129652,-9.20691469521652,-181.966838145721,1.03443200051798
5024.87738731003,-9.37196264674432,-183.248698127868,1.01984170585853
5049.04999098907,-9.54093989760721,-184.503219051014,1.00500248067276
5073.3388790515,-9.7135766296787,-185.729807076827,0.989962023017542
5097.74461089333,-9.88960597072447,-186.928006736105,0.974765868654167
5122.26774860159,-10.0687656845949,-188.097492912723,0.959457150791882
5146.90885696725,-10.2507996329485,-189.23806211393,0.944076421716732
5171.66850349829,-10.4354590115581,-190.349623266269,0.928661531762942
5196.54725843272,-10.6225033691275,-191.43218825288,0.913247560215536
5221.54569475173,-10.8117014203746,-192.485862381756,0.897866792204615
5246.66438819288,-11.0028316679598,-193.510834947061,0.882548735420004
5271.90391726339,-11.1956828497382,-194.507370018295,0.867320170489897
5297.2648632534,-11.3900542289187,-195.475797565719,0.852205229077634
5322.74781024942,-11.585755745117,-196.416505005935,0.837225494107659
5348.35334514775,-11.7826080441484,-197.329929229189,0.822400116990056
5374.08205766803,-11.9804424038091,-198.216549150248,0.807745947233853
5399.93454036675,-12.1791005719849,-199.0768788076,0.793277670389677
5425.91138865099,-12.3784345322698,-199.911461021315,0.779007950816329
5452.01320079206,-12.5783062109903,-200.720861607989,0.764947576303291
5478.2405779393,-12.7785871381555,-201.505664141646,0.751105602087777
5504.59412413396,-12.9791580734705,-202.266465242066,0.737489492271036
5531.07444632305,-13.1799086071839,-203.003870366402,0.72410525705848
5557.68215437338,-13.3807367442375,-203.718490076077,0.710957584619528
5584.41786108555,-13.5815484789595,-204.410936748306,0.698049966685665
5611.28218220811,-13.7822573664126,-205.081821700235,0.685384817280838
5638.2757364517,-13.9827840954821,-205.731752693107,0.672963584210072
5665.39914550335,-14.1830560678649,-206.361331784135,0.660786853123476
5692.65303404075,-14.3830069863061,-206.97115349453,0.648854444128179
5720.03802974665,-14.5825764547115,-207.561803263344,0.637165501044036
5747.55476332333,-14.7817095921452,-208.133856158284,0.625718573494644
5775.20386850713,-14.9803566621875,-208.687875816399,0.614511692097171
5802.985982083,-15.1784727186757,-209.224413589332,0.60354243706653
5830.90174389923,-15.3760172684709,-209.744007869751,0.592808000584696
5858.95179688214,-15.5729539515777,-210.247183577432,0.582305243307693
5887.13678705092,-15.7692502386833,-210.734451785354,0.57203074539343
5915.45736353246,-15.9648771459745,-211.206309467938,0.561980852435438
5943.91417857635,-16.1598089669228,-211.663239355277,0.552151716682635
5972.50788756989,-16.354023020598,-212.10570987882,0.54253933391513
6001.23914905316,-16.5474994159706,-212.534175195467,0.533139576332152
6030.10862473421,-16.7402208315933,-212.949075278459,0.523948221791495
6059.1169795043,-16.9321723099956,-213.350836064684,0.514960979721528
6088.26488145319,-17.1233410660995,-213.739869649248,0.506173514007229
6117.55300188455,-17.3137163089417,-214.116574519199,0.497581463131889
6146.98201533143,-17.5032890759825,-214.481335819288,0.489180457836087
6176.55259957177,-17.6920520792898,-214.834525643502,0.480966136535932
6206.26543564399,-17.8799995628919,-215.17650334692,0.472934158723597
6236.12120786276,-18.0671271706161,-215.507615873142,0.465080216554855
6266.12060383465,-18.2534318237496,-215.828198093159,0.457400044811021
6296.26431447405,-18.4389116078832,-216.138573152118,0.449889429406355
6326.55303401906,-18.6235656683297,-216.439052820919,0.442544214596628
6356.98746004744,-18.8073941135343,-216.729937850034,0.435360309030289
6387.56829349274,-18.9903979259256,-217.011518323315,0.428333690770426
6418.29623866038,-19.1725788796861,-217.284074009928,0.421460411403441
6449.17200324394,-19.3539394649508,-217.547874712811,0.414736599339173
6480.19629834138,-19.5344828179706,-217.803180612376,0.408158462396773
6511.36983847149,-19.714212656808,-218.050242604348,0.401722289761287
6542.69334159029,-19.8931332221579,-218.289302630873,0.3954244533872
6574.16752910762,-20.0712492229154,-218.520594004201,0.389261408917396
6605.79312590368,-20.2485657861351,-218.744341722382,0.383229696178853
6637.57086034581,-20.4250884110523,-218.960762776557,0.377325939309899
6669.5014643052,-20.6008229268597,-219.170066449551,0.371546846568047
6701.58567317378,-20.7757754539535,-219.372454605541,0.365889209862113
6733.82422588113,-20.9499523683836,-219.568121970693,0.360349904047554
6766.21786491153,-21.1233602692626,-219.7572564047,0.354925886019657
6798.76733632104,-21.2960059489045,-219.940039163224,0.349614193635373
6831.47338975469,-21.4678963654831,-220.116645151312,0.344411944491053
6864.33677846373,-21.6390386180135,-220.287243167865,0.339316334580277
6897.358259323,-21.8094399234752,-220.451996141302,0.334324636853115
6930.53859284836,-21.9791075959111,-220.611061356573,0.329434199695686
6963.87854321417,-22.1480490273459,-220.764590673705,0.324642445346592
6997.37887827095,-22.3162716703809,-220.912730738084,0.319946868264846
7031.04036956299,-22.4837830223345,-221.055623182675,0.315345033462042
7064.86379234621,-22.6505906108043,-221.193404822427,0.310834574809987
7098.84992560591,-22.8167019805393,-221.326207841062,0.306413193333524
7132.99955207481,-22.9821246815183,-221.454159970528,0.302078655497031
7167.31345825101,-23.1468662581372,-221.577384663308,0.297828791491939
7201.79243441614,-23.3109342394182,-221.696001257868,0.293661493531591
7236.43727465353,-23.4743361301573,-221.810125137454,0.289574714158893
7271.24877686654,-23.6370794029366,-221.919867882494,0.285566464571377
7306.22774279688,-23.7991714909302,-222.025337416833,0.281634812967622
7341.37497804315,-23.9606197814404,-222.126638148032,0.277777882918338
7376.69129207931,-24.1214316101054,-222.223871101957,0.273993851764872
7412.1774982734,-24.281614255722,-222.317134051889,0.270280949047408
7447.83441390619,-24.4411749356359,-222.406521642358,0.266637454964704
7483.66286019011,-24.6001208016508,-222.492125507917,0.26306169886682
7519.66366228804,-24.7584589364141,-222.574034387064,0.259552057781996
7555.83764933242,-24.9161963502414,-222.652334231501,0.25610695497849
7592.1856544443,-25.0733399783405,-222.727108310931,0.252724858562
7628.7085147525,-25.2298966784045,-222.798437313568,0.249404280109014
7665.40707141295,-25.3858732285408,-222.866399442544,0.246143773336279
7702.28216962803,-25.5412763255085,-222.931070508387,0.2429419328064
7739.33465866602,-25.6961125832387,-222.992524017724,0.239797392669434
7776.56539188069,-25.8503885316115,-223.050831258386,0.236708825440223
7813.97522673095,-26.0041106154701,-223.106061381048,0.233674940811119
7851.56502480058,-26.1572851938487,-223.158281477564,0.230694484499636
7889.33565181808,-26.3099185393978,-223.207556656138,0.22776623713052
7927.2879776766,-26.4620168379875,-223.253950113452,0.22488901315165
7965.42287645402,-26.6135861884745,-223.297523203904,0.222061659783123
8003.74122643301,-26.7646326026162,-223.338335506055,0.219283055998863
8042.24391012132,-26.91516200512,-223.37644488642,0.216552111540026
8080.93181427208,-27.0651802338141,-223.411907560715,0.213867765959478
8119.80582990419,-27.2146930399291,-223.44477815266,0.211228987696575
8158.86685232291,-27.3637060884787,-223.475109750457,0.208634773181491
8198.11578114042,-27.512224958731,-223.502953961023,0.206084145968308
8237.55352029657,-27.6602551447608,-223.528360962093,0.203576155896081
8277.1809780797,-27.8078020560743,-223.551379552274,0.201109878277108
8316.99906714753,-27.9548710182992,-223.572057199137,0.19868441311161
8357.0087045482,-28.1014672739326,-223.590440085431,0.196298884328063
8397.2108117414,-28.2475959831414,-223.606573153503,0.193952439048393
8437.60631461958,-28.3932622246078,-223.620500147995,0.191644246877307
8478.19614352927,-28.5384709964151,-223.632263656892,0.18937349921498
8518.9812332925,-28.6832272169701,-223.64190515099,0.187139408592394
8559.96252322837,-28.8275357259545,-223.649465021857,0.184941208028598
8601.14095717464,-28.971401285305,-223.654982618338,0.182778150409184
8642.51748350947,-29.1148285802144,-223.658496281673,0.180649507885295
8684.0930551733,-29.2578222201535,-223.66004337929,0.178554571292492
8725.86862969075,-29.4003867399079,-223.659660337312,0.17649264958883
8767.84516919271,-29.542526600629,-223.657382671856,0.174463069311491
8810.02364043846,-29.6842461908945,-223.653245019144,0.172465174051375
8852.40501483798,-29.8255498277777,-223.647281164505,0.170498323945027
8894.9902684743,-29.9664417579219,-223.63952407029,0.16856189518332
8937.78038212598,-30.1069261586191,-223.630005902757,0.166655279536333
8980.77634128969,-30.2470071388901,-223.618758057967,0.16477788389386
9023.97913620292,-30.3866887405649,-223.605811186723,0.162929129821021
9067.38976186679,-30.5259749393616,-223.591195218604,0.161108453128467
9111.00921806895,-30.664869645963,-223.57493938512,0.15931530345665
9154.83850940662,-30.8033767070885,-223.557072242023,0.157549143873713
9198.87864530971,-30.9414999065609,-223.537621690819,0.155809450486488
9243.1306400641,-31.0792429663678,-223.5166149995,0.154095712064182
9287.59551283495,-31.2166095477146,-223.494078822532,0.152407429674297
9332.27428769022,-31.3536032520708,-223.470039220136,0.150744116330352
9377.16799362425,-31.4902276222063,-223.444521676868,0.149105296651023
9422.27766458141,-31.6264861432196,-223.417551119559,0.147490506530279
9467.60433947998,-31.7623822435551,-223.389151934606,0.145899292818146
9513.14906223604,-31.8979192960105,-223.359347984661,0.144331213011731
9558.9128817875,-32.0331006187328,-223.328162624736,0.142785834956145
9604.89685211829,-32.1679294762031,-223.295618717739,0.14126273655498
9651.10203228261,-32.3024090802104,-223.26173864948,0.139761505490024
9697.52948642936,-32.4365425908121,-223.226544343144,0.13828173894987
9744.18028382658,-32.5703331172836,-223.190057273274,0.136823043367135
9791.05549888614,-32.7037837190542,-223.152298479268,0.135385034163978
9838.15621118845,-32.8368974066319,-223.113288578411,0.133967335505632
9885.48350550733,-32.9696771425138,-223.073047778469,0.13256958006168
9933.03847183503,-33.1021258420848,-223.031595889843,0.131191408774801
9980.82220540725,-33.2342463745027,-222.988952337322,0.129832470636737
10028.8358067285,-33.3660415635708,-222.945136171425,0.128492422471226
10077.0803815972,-33.4975141885971,-222.900166079376,0.127170928723664
10125.5570411315,-33.6286669852403,-222.854060395695,0.125867661257278
10174.2669017945,-33.7595026463432,-222.806837112442,0.124582299155567
10223.2110854204,-33.8900238227527,-222.758513889118,0.123314528530812
10272.3907192397,-34.0202331241272,-222.709108062234,0.122064042338449
10321.8069359059,-34.1501331197308,-222.658636654565,0.120830540197102
10371.4608735211,-34.2797263392143,-222.607116384093,0.11961372821408
10421.3536756622,-34.4090152733843,-222.554563672659,0.118413318816169
10471.4864914075,-34.5380023749589,-222.500994654328,0.117229030585522
10521.8604753631,-34.666690059311,-222.446425183478,0.116060588100491
10572.4767876893,-34.7950807051995,-222.390870842628,0.11490772178123
10623.3365941276,-34.923176655487,-222.334346950004,0.113770167739905
10674.4410660272,-35.0509802178473,-222.276868566867,0.112647667635363
10725.7913803724,-35.1784936654586,-222.218450504593,0.111539968532115
10777.3887198093,-35.3057192376858,-222.159107331528,0.110446822763484
10829.2342726733,-35.4326591407512,-222.098853379626,0.109367987798779
10881.3292330164,-35.5593155483931,-222.037702750861,0.108303226114369
10933.6748006346,-35.6856906025126,-221.975669323444,0.107252305068527
10986.2721810959,-35.8117864138096,-221.912766757832,0.106214996779913
11039.1225857673,-35.9376050624072,-221.849008502549,0.10519107800959
11092.2272318436,-36.0631485984648,-221.784407799816,0.104180330046451
11145.5873423749,-36.188419042781,-221.718977691005,0.103182538595939
11199.2041462949,-36.3134183873846,-221.652731021919,0.102197493671966
11253.0788784491,-36.438148596116,-221.585680447898,0.10122498949193
11307.2127796235,-36.5626116051974,-221.517838438768,0.100264824374706
11361.6070965727,-36.686809323793,-221.449217283633,0.0993168006415476
11416.2630820493,-36.810743634559,-221.379829095508,0.0983807245197835
11471.1819948321,-36.9344163941835,-221.309685815816,0.0974564060492301
11526.3650997555,-37.0578294339163,-221.238799218732,0.0965436589912298
11581.8136677385,-37.1809845600894,-221.167180915394,0.0956423007402337
11637.5289758138,-37.3038835546279,-221.094842357984,0.0947521522378474
11693.5123071576,-37.4265281755511,-221.021794843675,0.0938730378892629
11749.7649511188,-37.5489201574642,-220.948049518456,0.0930047854820028
11806.2882032488,-37.6710612120417,-220.873617380835,0.0921472261069016
11863.0833653314,-37.7929530285012,-220.798509285427,0.091300194081255
11920.1517454128,-37.9145972740685,-220.722735946428,0.0904635268740736
11977.4946578317,-38.0359955944335,-220.64630794098,0.0896370650333718
12035.1134232493,-38.1571496141986,-220.569235712428,0.0888206521154296
12093.0093686801,-38.278060937318,-220.49152957348,0.0880141346159663
12151.1838275225,-38.3987311475282,-220.413199709259,0.0872173619031722
12209.638139589,-38.519161808772,-220.334256180269,0.0864301861525322
12268.3736511377,-38.6393544656125,-220.254708925256,0.0856524622833974
12327.3917149026,-38.7593106436406,-220.174567763993,0.0848840478972427
12386.6936901255,-38.8790318498743,-220.093842399962,0.0841248032175636
12446.2809425869,-38.9985195731503,-220.012542422966,0.083374591031363
12506.1548446373,-39.1177752845084,-219.930677311647,0.0826332766321796
12566.3167752292,-39.2368004375678,-219.848256435931,0.0819007277646098
12626.7681199486,-39.3555964688971,-219.765289059396,0.08117681457028
12687.510271047,-39.4741647983769,-219.68178434156,0.0804614095352276
12748.5446274733,-39.5925068295543,-219.597751340104,0.0797543874386471
12809.8725949065,-39.7106239499926,-219.513199013019,0.0790556253029594
12871.4955857873,-39.8285175316117,-219.428136220686,0.0783650023451694
12933.4150193515,-39.9461889310246,-219.342571727893,0.0776823999294694
12995.632321662,-40.0636394898644,-219.256514205787,0.0770077015210557
13058.1489256419,-40.1808705351074,-219.169972233757,0.076340792641122
13120.9662711076,-40.297883379388,-219.082954301272,0.0756815608229927
13184.0858048018,-40.4146793213088,-218.995468809644,0.0750298955693655
13247.5089804269,-40.5312596457431,-218.907524073746,0.0743856883106319
13311.2372586784,-40.6476256241326,-218.81912832367,0.0737488323642436
13375.2721072788,-40.7637785147786,-218.730289706335,0.073119222895093
13439.6150010109,-40.8797195631273,-218.641016287038,0.0724967568768806
13504.2674217523,-40.9954500020496,-218.551316050965,0.0718813330544434
13569.2308585092,-41.1109710521148,-218.461196904641,0.0712728519070106
13634.5068074509,-41.2262839218594,-218.370666677344,0.0706712156123677
13700.0967719439,-41.3413898080497,-218.279733122465,0.070076328011898
13766.0022625871,-41.4562898959398,-218.188403918833,0.0694880945764788
13832.2247972461,-41.5709853595235,-218.096686671987,0.0689064223732081
13898.7659010883,-41.6854773617814,-218.004588915413,0.0683312200329403
13965.6271066181,-41.7997670549229,-217.912118111741,0.0677623977186045
14032.809953712,-41.9138555806231,-217.819281653899,0.0671998670942863
14100.3159896545,-42.0277440702547,-217.726086866232,0.0666435412950526
14168.1467691732,-42.141433645115,-217.632541005586,0.0660933348974974
14236.303854475,-42.254925416648,-217.538651262348,0.0655491638909883
14304.7888152817,-42.3682204866622,-217.444424761467,0.0650109456495964
14373.6032288667,-42.4813199475432,-217.349868563422,0.064478598904689
14442.7486800908,-42.5942248824619,-217.254989665178,0.0639520437181686
14512.2267614389,-42.7069363655787,-217.159795001092,0.0634312014563402
14582.0390730568,-42.8194554622423,-217.064291443803,0.0629159947643889
14652.1872227878,-42.9317832291849,-216.968485805084,0.062406347541452
14722.6728262101,-43.0439207147132,-216.872384836669,0.0619021849162707
14793.4975066736,-43.1558689588942,-216.775995231051,0.0614034332234045
14864.6628953373,-43.2676289937383,-216.679323622256,0.0609100199799935
14936.1706312074,-43.379201843377,-216.582376586586,0.0604218738630536
15008.0223611745,-43.4905885242373,-216.485160643342,0.0599389246872919
15080.2197400517,-43.601790045212,-216.387682255517,0.0594611033834282
15152.7644306126,-43.7128074078261,-216.289947830476,0.0589883419770072
15225.65810363,-43.8236416063993,-216.191963720598,0.0585205735676911
15298.9024379139,-43.9342936282048,-216.093736223911,0.0580577323090182
15372.4991203504,-44.0447644536247,-215.995271584693,0.0575997533886169
15446.4498459404,-44.1550550563009,-215.896575994063,0.0571465730088624
15520.756317839,-44.2651664032837,-215.797655590546,0.0566981283679641
15595.4202473943,-44.3750994551753,-215.698516460617,0.0562543576414727
15670.443354187,-44.4848551662718,-215.599164639236,0.0558151999641979
15745.82736607,-44.5944344846995,-215.49960611035,0.0553805954125242
15821.5740192082,-44.7038383525501,-215.399846807393,0.0549504849871152
15897.6850581185,-44.8130677060107,-215.299892613759,0.0545248105959963
15974.1622357098,-44.9221234754921,-215.199749363262,0.0541035150380063
16051.0073133238,-45.031006585753,-215.099422840581,0.0536865419866098
16128.222060775,-45.1397179560209,-214.998918781689,0.0532738359740592
16205.8082563919,-45.2482585001109,-214.898242874267,0.0528653423758981
16283.7676870577,-45.3566291265406,-214.797400758106,0.0524610073957983
16362.1021482517,-45.4648307386424,-214.696398025492,0.0520607780507217
16440.8134440904,-45.5728642346728,-214.59524022158,0.0516646021563993
16519.9033873691,-45.6807305079185,-214.493932844759,0.0512724283131175
16599.3737996039,-45.7884304468006,-214.392481346994,0.0508842058918068
16679.2265110733,-45.895964934975,-214.29089113417,0.0504998850204238
16759.4633608606,-46.0033348514305,-214.189167566416,0.0501194165706201
16840.0861968961,-46.1105410705841,-214.087315958418,0.0497427521446899
16921.0968759997,-46.2175844623742,-213.985341579729,0.0493698440627906
17002.4972639238,-46.3244658923505,-213.88324965506,0.049000645350429
17084.2892353962,-46.4311862217615,-213.781045364565,0.0486351097262071
17166.474674163,-46.5377463076399,-213.678733844121,0.0482731915898221
17249.0554730324,-46.6441470028852,-213.576320185593,0.0479148460103116
17332.033533918,-46.7503891563439,-213.473809437092,0.0475600287145407
17415.4107678831,-46.8564736128877,-213.371206603229,0.0472086960759248
17499.1890951837,-46.9624012134886,-213.268516645355,0.0468608051033819
17583.3704453139,-47.0681727952929,-213.165744481799,0.0465163134305087
17667.9567570496,-47.1737891916915,-213.062894988094,0.0461751793049759
17752.9499784931,-47.2792512323897,-212.959972997201,0.0458373615781364
17838.3520671188,-47.3845597434731,-212.856983299726,0.0455028196948435
17924.1649898171,-47.489715547473,-212.753930644123,0.0451715136834718
18010.3907229406,-47.5947194634281,-212.650819736906,0.0448434041461371
18097.0312523493,-47.699572306946,-212.547655242837,0.0445184522491106
18184.0885734563,-47.804274890261,-212.444441785128,0.0441966197134228
18271.5646912737,-47.9088280222912,-212.341183945622,0.043877868805653
18359.4616204592,-48.0132325086927,-212.237886264977,0.0435621623288999
18447.7813853618,-48.117489151913,-212.134553242845,0.0432494636139276
18536.5260200692,-48.2215987512415,-212.031189338047,0.0429397365104864
18625.6975684538,-48.3255621028589,-211.92779896874,0.0426329453788011
18715.2980842206,-48.4293799998845,-211.824386512584,0.0423290550812246
18805.329630954,-48.533053232422,-211.720956306905,0.0420280309740522
18895.7942821653,-48.6365825876036,-211.617512648853,0.0417298388994941
18986.6941213409,-48.7399688496323,-211.514059795559,0.041434445177801
19078.0312419897,-48.8432127998222,-211.410601964288,0.0411418165995414
19169.8077476919,-48.9463152166384,-211.307143332586,0.0408519204180244
19262.0257521467,-49.0492768757341,-211.203688038433,0.0405647243418668
19354.6873792221,-49.152098549987,-211.100240180382,0.0402801965277015
19447.7947630025,-49.2547810095336,-210.996803817708,0.0399983055730223
19541.3500478388,-49.3573250218026,-210.893382970544,0.0397190205091634
19635.3553883975,-49.4597313515465,-210.789981620024,0.0394423107944105
19729.8129497102,-49.5620007608721,-210.686603708416,0.0391681463072393
19824.7249072237,-49.6641340092699,-210.583253139262,0.0388964973396811
19920.0934468499,-49.7661318536409,-210.479933777512,0.0386273345908108
20015.9207650162,-49.8679950483237,-210.376649449654,0.0383606291603542
20112.209068716,-49.9697243451198,-210.273403943849,0.0380963525424134
20208.9605755599,-50.071320493317,-210.17020101006,0.0378344766193079
20306.1775138263,-50.1727842397126,-210.067044360187,0.0375749736555272
20403.862122513,-50.2741163286348,-209.963937668189,0.0373178162917942
20502.0166513886,-50.3753175019633,-209.86088457022,0.0370629775392353
20600.6433610446,-50.4763884991486,-209.757888664755,0.0368104307736571
20699.7445229471,-50.5773300572303,-209.654953512715,0.0365601497299258
20799.3224194892,-50.6781429108543,-209.552082637602,0.0363121084964469
20899.379344044,-50.778827792289,-209.449279525619,0.036066281509745
20999.9176010166,-50.8793854314408,-209.346547625803,0.0358226435491387
21100.9395058981,-50.9798165558681,-209.243890350152,0.0355811697315115
21202.4473853181,-51.0801218907947,-209.14131107375,0.035341835506175
21304.4435770989,-51.1803021591223,-209.038813134898,0.0351046166498226
21406.9304303089,-51.280358081442,-208.936399835242,0.0348694892615719
21509.9103053171,-51.380290376045,-208.834074439901,0.0346364297580944
21613.3855738471,-51.4800997589327,-208.731840177595,0.0344054148688308
21717.3586190319,-51.5797869438251,-208.62970024078,0.034176421631289
21821.8318354688,-51.6793526421698,-208.527657785771,0.0339494273864234
21926.8076292746,-51.7787975631493,-208.425715932879,0.0337244097740958
22032.2884181407,-51.8781224136875,-208.323877766538,0.0335013467286132
22138.2766313893,-51.9773278984561,-208.222146335442,0.0332802164743431
22244.7747100287,-52.07641471988,-208.120524652677,0.0330609975214038
22351.7851068103,-52.1753835781416,-208.019015695852,0.0328436686614282
22459.3102862845,-52.2742351711857,-207.917622407238,0.0326282089634004
22567.3527248574,-52.3729701947221,-207.816347693902,0.0324145977695626
22675.9149108484,-52.471589342229,-207.715194427847,0.0322028146913913
22784.999344547,-52.5700933049552,-207.614165446144,0.0319928396056414
22894.6085382706,-52.6684827719219,-207.513263551078,0.0317846526504575
23004.7450164223,-52.7667584299237,-207.412491510286,0.0315782342215496
23115.4113155491,-52.8649209635296,-207.311852056897,0.0313735649684335
23226.6099844001,-52.962971055083,-207.211347889676,0.0311706257907335
23338.3435839857,-53.0609093847015,-207.110981673167,0.0309693978345464
23450.6146876361,-53.1587366302765,-207.010756037841,0.0307698624888666
23563.4258810606,-53.2564534674716,-206.910673580238,0.0305720013820692
23676.7797624074,-53.3540605697212,-206.810736863119,0.0303757963784522
23790.6789423232,-53.4515586082286,-206.71094841561,0.0301812295748344
23905.1260440138,-53.548948251964,-206.611310733357,0.0299882832972096
24020.1237033037,-53.6462301676612,-206.511826278675,0.0297969400974559
24135.6745686975,-53.7434050198149,-206.412497480701,0.0296071827500977
24251.7813014407,-53.8404734706776,-206.313326735551,0.0294189942491204
24368.4465755807,-53.9374361802553,-206.214316406468,0.0292323578048378
24485.6730780289,-54.0342938063044,-206.115468823989,0.0290472568408084
24603.4635086222,-54.1310470043267,-206.016786286094,0.0288636749908027
24721.8205801853,-54.2276964275652,-205.918271058371,0.0286815960958185
24840.7470185931,-54.3242427269997,-205.819925374176,0.0285010042011443
24960.2455628339,-54.4206865513415,-205.721751434792,0.0283218835534691
25080.3189650717,-54.517028547028,-205.623751409598,0.028144218598039
25200.9699907101,-54.6132693582178,-205.525927436228,0.0279679939758583
25322.2014184562,-54.7094096267851,-205.428281620741,0.0277931945209353
25444.0160403842,-54.8054499923138,-205.330816037785,0.027619805257571
25566.4166619995,-54.9013910920914,-205.23353273077,0.0274478113976916
25689.4061023039,-54.9972335611034,-205.136433712035,0.0272771983382216
25812.9871938603,-55.0929780320269,-205.03952096302,0.0271079516584993
25937.1627828578,-55.1886251352246,-204.942796434437,0.0269400571177315
26061.9357291773,-55.2841754987377,-204.846262046445,0.0267735006524885
26187.3089064574,-55.3796297482804,-204.749919688828,0.0266082683742387
26313.2852021606,-55.4749885072323,-204.653771221165,0.0264443465669199
26439.8675176399,-55.5702523966327,-204.55781847301,0.0262817216845492
26567.0587682054,-55.6654220351733,-204.462063244073,0.0261203803488698
26694.8618831916,-55.7604980391914,-204.366507304396,0.0259603093470336
26823.2798060246,-55.8554810226636,-204.271152394534,0.0258014956293193
26952.3154942905,-55.9503715971984,-204.17600022574,0.0256439263068861
27081.9719198027,-56.0451703720298,-204.081052480143,0.0254875886495611
27212.2520686711,-56.1398779540103,-203.986310810938,0.0253324700836605
27343.1589413705,-56.2344949476037,-203.891776842564,0.0251785581898442
27474.6955528093,-56.3290219548786,-203.797452170896,0.025025840701003
27606.8649324001,-56.4234595755019,-203.703338363428,0.0248743055001769
27739.6701241281,-56.517808406731,-203.609436959462,0.0247239406185062
27873.1141866224,-56.6120690434079,-203.515749470298,0.0245747342332123
28007.2001932253,-56.7062420779522,-203.422277379422,0.0244266746656097
28141.9312320641,-56.8003281003542,-203.329022142696,0.0242797503791469
28277.3104061219,-56.8943276981686,-203.235985188553,0.0241339499774775
28413.3408333086,-56.9882414565075,-203.143167918184,0.0239892622025596
28550.0256465332,-57.0820699580345,-203.050571705735,0.0238456759327838
28687.3679937759,-57.1758137829575,-202.958197898498,0.0237031801811285
28825.3710381606,-57.2694735090232,-202.866047817108,0.0235617640933434
28964.0379580274,-57.3630497115104,-202.774122755736,0.023421416946159
29103.3719470064,-57.4565429632236,-202.682423982284,0.0232821281455231
29243.3762140906,-57.5499538344875,-202.590952738585,0.0231438872248637
29384.0539837105,-57.6432828931408,-202.499710240595,0.0230066838433758
29525.4084958078,-57.7365307045304,-202.408697678596,0.0228705077843355
29667.4430059102,-57.8296978315055,-202.317916217387,0.0227353489534373
29810.1607852063,-57.9227848344123,-202.227366996491,0.0226011973771564
29953.5651206213,-58.0157922710885,-202.137051130345,0.0224680432011347
30097.6593148923,-58.1087206968578,-202.046969708509,0.0223358766885898
30242.4466866446,-58.201570664525,-201.957123795856,0.0222046882187486
30387.9305704677,-58.2943427243704,-201.867514432779,0.0220744682853018
30534.1143169927,-58.3870374241458,-201.77814263539,0.0219452074948824
30681.0012929693,-58.4796553090687,-201.689009395718,0.0218168965655647
30828.5948813431,-58.5721969218187,-201.600115681915,0.0216895263253863
30976.8984813335,-58.6646628025322,-201.511462438452,0.021563087710891
31125.9155085123,-58.7570534887988,-201.423050586325,0.0214375717656917
31275.6493948822,-58.8493695156567,-201.334881023253,0.0213129696390556
31426.103588956,-58.9416114155891,-201.246954623884,0.0211892725845081
31577.2815558355,-59.03377971852,-201.159272239993,0.0210664719584581
31729.186777292,-59.1258749518111,-201.071834700686,0.0209445592188414
31881.8227518458,-59.2178976402577,-200.984642812602,0.020823525923785
32035.1929948475,-59.3098483060863,-200.897697360115,0.0207033637302893
32189.3010385586,-59.4017274689508,-200.810999105537,0.0205840643929295
32344.1504322324,-59.4935356459296,-200.724548789317,0.0204656197625753
32499.7447421967,-59.5852733515232,-200.638347130248,0.0203480217851291
32656.0875519351,-59.6769410976518,-200.552394825664,0.0202312625002812
32813.18246217,-59.7685393936523,-200.466692551646,0.0201153340402835
32971.0330909454,-59.8600687462766,-200.38124096322,0.0200002286287404
33129.6430737101,-59.9515296596893,-200.296040694561,0.0198859385794158
33289.0160634016,-60.0429226354664,-200.211092359194,0.019772456295058
33449.1557305302,-60.1342481725931,-200.126396550193,0.0196597742662405
33610.0657632635,-60.2255067674626,-200.041953840384,0.0195478850702193
33771.7498675112,-60.3166989138749,-199.957764782546,0.0194367813698062
33934.2117670108,-60.4078251030356,-199.873829909607,0.0193264559122574
34097.455203413,-60.4988858235552,-199.79014973485,0.0192169015281784
34261.4839363683,-60.5898815614485,-199.706724752107,0.0191081111304433
34426.301743613,-60.6808128001338,-199.62355543596,0.0190000777131301
34591.9124210565,-60.7716800204327,-199.540642241942,0.0188927943504703
34758.3197828691,-60.8624837005702,-199.457985606729,0.0187862541958127
34925.5276615694,-60.9532243161746,-199.375585948346,0.0186804504806023
35093.5399081123,-61.0439023402779,-199.293443666356,0.018575376513373
35262.3603919784,-61.1345182433162,-199.211559142064,0.0184710256787544
35431.9930012626,-61.2250724931301,-199.129932738705,0.0183673914364922
35602.4416427639,-61.315565554966,-199.048564801647,0.0182644673204818
35773.7102420755,-61.4059978914771,-198.967455658584,0.0181622469378161
35945.8027436745,-61.4963699627241,-198.886605619726,0.0180607239678457
36118.7231110136,-61.586682226177,-198.806014977998,0.0179598921612521
36292.475326612,-61.6769351367168,-198.725684009231,0.0178597453391338
36467.0633921471,-61.7671291466371,-198.645612972354,0.0177602773921051
36642.4913285468,-61.857264705646,-198.565802109585,0.0176614822794069
36818.7631760817,-61.9473422608682,-198.486251646623,0.0175633540280302
36995.8829944588,-62.0373622568477,-198.40696179284,0.0174658867318505
37173.8548629147,-62.1273251355498,-198.327932741467,0.0173690745507755
37352.6828803093,-62.2172313363643,-198.249164669783,0.0172729117099036
37532.3711652205,-62.3070812961077,-198.170657739305,0.0171773924986937
37712.9238560388,-62.396875449027,-198.092412095974,0.017082511270147
37894.3451110633,-62.4866142268024,-198.014427870342,0.0169882624399992
38076.6391085964,-62.5762980585508,-197.936705177754,0.0168946404859243
38259.8100470409,-62.6659273708294,-197.859244118536,0.016801639946749
38443.8621449962,-62.7555025876394,-197.782044778178,0.0167092554216776
38628.7996413556,-62.8450241304299,-197.705107227515,0.0166174815695275
38814.6267954044,-62.9344924181021,-197.628431522912,0.0165263131079752
39001.3478869169,-63.0239078670132,-197.55201770644,0.0164357448128124
39188.9672162562,-63.1132708909811,-197.475865806059,0.0163457715172125
39377.4891044721,-63.2025819012888,-197.399975835798,0.016256388111006
39566.9178934017,-63.2918413066892,-197.324347795931,0.0161675895399671
39757.2579457688,-63.3810495134099,-197.248981673153,0.0160793708051085
39948.5136452841,-63.4702069251583,-197.173877440759,0.0159917269619872
40140.6893967467,-63.5593139431267,-197.099035058816,0.0159046531200184
40333.7896261456,-63.6483709659975,-197.024454474339,0.0158181444417989
40527.8187807612,-63.7373783899493,-196.950135621463,0.0157321961424402
40722.7813292678,-63.8263366086615,-196.876078421616,0.0156468034889102
40918.6817618369,-63.9152460133209,-196.802282783685,0.0155619617993833
41115.5245902401,-64.0041069926276,-196.728748604195,0.0154776664425999
41313.3143479536,-64.0929199328004,-196.655475767467,0.0153939128372342
41512.0555902619,-64.1816852175837,-196.582464145794,0.0153106964512703
41711.7528943632,-64.2704032282535,-196.509713599603,0.015228012801387
41912.4108594749,-64.3590743436239,-196.43722397762,0.0151458574523508
42114.0341069391,-64.4476989400537,-196.364995117039,0.0150642260164164
42316.6272803295,-64.5362773914533,-196.29302684368,0.014983114152736
42520.1950455579,-64.6248100692912,-196.221318972151,0.0149025175667762
42724.7420909818,-64.7132973426014,-196.149871306014,0.0148224320097425
42930.2731275126,-64.8017395779903,-196.07868363794,0.0147428532780117
43136.7928887242,-64.8901371396439,-196.007755749867,0.0146637772125717
43344.3061309612,-64.9784903893353,-195.937087413164,0.0145851996984689
43552.8176334493,-65.066799686432,-195.866678388778,0.0145071166642628
43762.3321984052,-65.1550653879036,-195.796528427396,0.0144295240814881
43972.8546511468,-65.2432878483295,-195.726637269595,0.0143524179641236
44184.3898402049,-65.3314674199066,-195.657004646,0.0142757943680684
44396.9426374343,-65.4196044524574,-195.587630277427,0.0141996493906249
44610.5179381264,-65.5076992934378,-195.518513875041,0.014123979169989
44825.1206611218,-65.5957522879453,-195.449655140503,0.0140487798847466
45040.7557489238,-65.6837637787276,-195.381053766115,0.0139740477533767
45257.4281678116,-65.7717341061902,-195.312709434971,0.013899779033762
45475.1429079555,-65.8596636084053,-195.244621821101,0.0138259700227048
45693.9049835312,-65.9475526211204,-195.176790589614,0.0137526170554498
45913.7194328358,-66.0354014777667,-195.109215396842,0.0136797165052136
46134.5913184034,-66.1232105094678,-195.041895890485,0.0136072647827198
46356.5257271216,-66.2109800450484,-194.974831709745,0.0135352583357403
46579.5277703493,-66.2987104110435,-194.908022485474,0.0134636936486432
46803.6025840339,-66.3864019317071,-194.841467840304,0.013392567241946
47028.7553288297,-66.4740549290213,-194.775167388792,0.0133218756718751
47254.9911902168,-66.5616697227055,-194.709120737549,0.013251615529931
47482.3153786203,-66.6492466302254,-194.643327485379,0.013181783442459
47710.7331295308,-66.7367859668024,-194.577787223412,0.0131123760702259
47940.2497036246,-66.8242880454231,-194.512499535236,0.0130433901080023
48170.8703868848,-66.9117531768483,-194.447463997025,0.0129748222841495
48402.6004907231,-66.9991816696228,-194.382680177675,0.0129066693602136
48635.4453521027,-67.086573830085,-194.318147638927,0.0128389281305228
48869.41033366,-67.1739299623762,-194.253865935499,0.0127715954217916
49104.5008238294,-67.2612503684508,-194.189834615207,0.0127046680927295
49340.7222369667,-67.3485353480852,-194.126053219097,0.0126381430336551
49578.0800134735,-67.4357851988885,-194.062521281561,0.0125720171661147
49816.5796199236,-67.5230002163118,-193.999238330467,0.0125062874425069
50056.2265491878,-67.6101806936582,-193.936203887276,0.0124409508457107
50297.0263205609,-67.6973269220928,-193.873417467163,0.0123760043887202
50538.9844798886,-67.7844391906527,-193.810878579137,0.0123114451142826
50782.1065996956,-67.8715177862572,-193.748586726158,0.0122472700945413
51026.3982793138,-67.9585629937176,-193.686541405255,0.0121834764306845
51271.8651450108,-68.0455750957476,-193.624742107639,0.0121200612525971
51518.5128501202,-68.1325543729733,-193.563188318822,0.0120570217185182
51766.347075171,-68.2195011039436,-193.501879518723,0.0119943550147023
52015.3735280193,-68.3064155651402,-193.440815181789,0.0119320583550856
52265.5979439793,-68.3932980309885,-193.379994777096,0.011870128980956
52517.0260859552,-68.4801487738671,-193.319417768468,0.0118085641606277
52769.6637445741,-68.5669680641186,-193.259083614579,0.0117473611891206
53023.5167383198,-68.6537561700604,-193.198991769063,0.0116865173878422
53278.5909136661,-68.7405133579945,-193.13914168062,0.0116260301042759
53534.8921452119,-68.827239892218,-193.07953279312,0.0115658967116715
53792.4263358161,-68.913936035034,-193.020164545709,0.0115061146087405
54051.1994167342,-69.0006020467619,-192.96103637291,0.0114466812193555
54311.2173477541,-69.0872381857479,-192.902147704726,0.011387593992253
54572.4861173343,-69.1738447083756,-192.843497966737,0.0113288504007405
54835.0117427407,-69.2604218690765,-192.785086580206,0.011270447942407
55098.8002701862,-69.3469699203406,-192.726912962171,0.0112123841388378
55363.8577749693,-69.4334891127273,-192.668976525544,0.0111546565353323
55630.1903616145,-69.5199796948756,-192.611276679211,0.0110972627006261
55897.8041640124,-69.606441913515,-192.553812828121,0.0110402002266162
56166.7053455611,-69.6928760134762,-192.496584373383,0.0109834667280901
56436.9000993085,-69.7792822377013,-192.439590712359,0.0109270598424582
56708.3946480949,-69.8656608272553,-192.382831238755,0.0108709772294897
56981.1952446955,-69.952012021336,-192.326305342712,0.010815216571052
57255.3081719655,-70.0383360572849,-192.270012410895,0.0107597755708531
57530.739742984,-70.1246331705983,-192.213951826582,0.0107046519541882
57807.4963011999,-70.2109035949375,-192.158122969752,0.0106498434676885
58085.5842205779,-70.2971475621396,-192.102525217171,0.0105953478790738
58365.009905745,-70.3833653022285,-192.047157942477,0.0105411629769081
58645.7797921381,-70.4695570434249,-191.992020516264,0.0104872865703589
58927.9003461527,-70.5557230121581,-191.937112306167,0.0104337164889588
59211.3780652913,-70.6418634330755,-191.882432676942,0.0103804505823702
59496.2194783131,-70.7279785290542,-191.82798099055,0.010327486720154
59782.4311453842,-70.8140685212111,-191.773756606236,0.0102748227915403
60070.0196582296,-70.9001336289138,-191.719758880606,0.0102224567052021
60358.9916402838,-70.9861740697915,-191.665987167711,0.0101703863890326
60649.3537468443,-71.0721900597451,-191.612440819117,0.0101186097899246
60941.1126652241,-71.1581818129584,-191.559119183988,0.010067124873553
61234.2751149062,-71.2441495419084,-191.506021609158,0.0100159296241606
61528.8478476984,-71.3300934573761,-191.453147439204,0.00996502204434527
61824.8376478887,-71.416013768457,-191.400496016524,0.00991440015485171
62122.2513324012,-71.5019106825716,-191.348066681405,0.00986406199436428
62421.0957509536,-71.5877844054764,-191.295858772097,0.0098140056193033
62721.3777862147,-71.673635141274,-191.243871624884,0.00976422910362372
63023.1043539631,-71.7594630924239,-191.19210457415,0.00971473053861635
63326.2824032462,-71.8452684597529,-191.140556952454,0.00966550803271177
63630.9189165404,-71.9310514424657,-191.089228090592,0.00961655971128653
63937.0209099118,-72.0168122381554,-191.038117317666,0.00956788371647201
64244.5954331781,-72.1025510428137,-190.987223961152,0.00951947820696554
64553.6495700708,-72.188268050842,-190.936547346963,0.00947134135784405
64864.190438398,-72.273963455061,-190.886086799514,0.00942347136038012
65176.2251902088,-72.3596374467216,-190.835841641783,0.00937586642186024
65489.7610119578,-72.4452902155152,-190.785811195378,0.00932852476540544
65804.805124671,-72.5309219495842,-190.735994780597,0.00928144462979418
66121.3647841112,-72.6165328355317,-190.686391716485,0.00923462426928763
66439.4472809457,-72.7021230584326,-190.637001320901,0.00918806195345694
66759.0599409148,-72.7876928018432,-190.58782291057,0.00914175596701279
67080.2101249994,-72.8732422478122,-190.538855801147,0.00909570460963716
67402.9052295911,-72.95877157689,-190.490099307272,0.00904990619581721
67727.1526866626,-73.0442809681394,-190.441552742624,0.0090043590546812
68052.9599639384,-73.1297705991457,-190.393215419983,0.00895906152983652
68380.3345650675,-73.215240646027,-190.345086651279,0.00891401197920977
68709.284029796,-73.3006912834438,-190.297165747652,0.00886920877488883
69039.8159341401,-73.3861226846095,-190.249452019499,0.00882465030296702
69371.9378905612,-73.4715350213,-190.201944776532,0.00878033496338915
69705.6575481413,-73.5569284638642,-190.154643327829,0.0087362611697994
70040.982592759,-73.6423031812337,-190.107546981881,0.00869242734939132
70377.9207472663,-73.7276593409325,-190.060655046648,0.00864883194275969
70716.4797716666,-73.812997109087,-190.013966829606,0.00860547340375404
71056.6674632935,-73.8983166504362,-189.967481637796,0.0085623501993343
71398.4916569904,-73.9836181283412,-189.921198777871,0.00851946080942797
71741.9602252911,-74.0689017047948,-189.875117556148,0.0084768037267893
72087.0810786006,-74.1541675404315,-189.829237278646,0.0084343774568602
72433.8621653774,-74.2394157945373,-189.783557251144,0.00839218051763285
72782.3114723171,-74.3246466250588,-189.738076779215,0.00835021143951393
73132.4370245362,-74.4098601886138,-189.692795168277,0.00830846876519076
73484.2468857562,-74.4950566404997,-189.647711723636,0.00826695104949902
73837.7491584898,-74.5802361347039,-189.602825750527,0.00822565685929209
74192.9519842279,-74.6653988239129,-189.55813655416,0.00818458477331196
74549.8635436268,-74.750544859522,-189.513643439759,0.00814373338206196
74908.4920566962,-74.8356743916446,-189.469345712603,0.00810310128768091
75268.8457829889,-74.9207875691213,-189.42524267807,0.00806268710381886
75630.9330217911,-75.0058845395298,-189.381333641674,0.00802248945551444
75994.7621123135,-75.0909654491938,-189.337617909103,0.0079825069790736
76360.3414338833,-75.1760304431922,-189.294094786263,0.00794273832195003
76727.6794061369,-75.2610796653687,-189.25076357931,0.00790318214262701
77096.7844892143,-75.3461132583403,-189.207623594691,0.00786383711050063
77467.6651839537,-75.4311313635073,-189.164674139179,0.00782470190576453
77840.3300320874,-75.5161341210617,-189.121914519911,0.00778577521929611
78214.7876164383,-75.6011216699963,-189.079344044422,0.00774705575254407
78591.0465611178,-75.6860941481139,-189.036962020681,0.00770854221741741
78969.1155317239,-75.7710516920363,-188.994767757124,0.00767023333617575
79349.003235542,-75.8559944372129,-188.952760562688,0.00763212784132097
79730.7184217441,-75.9409225179299,-188.910939746847,0.00759422447549029
80114.269881591,-76.0258360673187,-188.86930461964,0.00755652199135064
80499.6664486343,-76.1107352173651,-188.827854491708,0.00751901915149427
80886.9169989207,-76.1956200989177,-188.786588674321,0.00748171472833564
81276.0304511956,-76.2804908416967,-188.745506479413,0.00744460750400967
81667.0157671089,-76.3653475743027,-188.704607219609,0.00740769627027118
82059.8819514208,-76.4501904242247,-188.663890208257,0.00737097982839561
82454.6380522104,-76.5350195178494,-188.623354759457,0.00733445698908079
82851.293161083,-76.6198349804692,-188.583000188089,0.00729812657235014
83249.8564133799,-76.7046369362909,-188.542825809844,0.00726198740745699
83650.3369883886,-76.7894255084436,-188.502830941248,0.00722603833278994
84052.7441095542,-76.8742008189879,-188.46301489969,0.00719027819577952
84457.0870446927,-76.9589629889233,-188.423377003453,0.00715470585280592
84863.3751062031,-77.0437121381973,-188.383916571735,0.00711932016910785
85271.6176512827,-77.1284483857128,-188.344632924678,0.0070841200186926
85681.8240821421,-77.2131718493368,-188.305525383393,0.00704910428424704
86094.0038462225,-77.2978826459086,-188.266593269983,0.00701427185704978
86508.1664364128,-77.3825808912474,-188.227835907569,0.00697962163688441
86924.3213912679,-77.4672667001606,-188.189252620314,0.00694515253195384
87342.4782952287,-77.5519401864518,-188.150842733446,0.00691086345879553
87762.6467788434,-77.6366014629288,-188.112605573283,0.00687675334219783
88184.8365189883,-77.7212506414109,-188.07454046725,0.00684282111511742
88609.0572390915,-77.8058878327379,-188.036646743907,0.00680906571859753
89035.3187093561,-77.8905131467767,-187.99892373297,0.00677548610168742
89463.6307469857,-77.9751266924295,-187.961370765329,0.00674208122136262
89894.0032164107,-78.0597285776418,-187.92398717307,0.00670885004244613
90326.4460295151,-78.1443189094097,-187.886772289498,0.00667579153753073
90760.9691458646,-78.2288977937875,-187.849725449154,0.00664290468690213
91197.5825729362,-78.3134653358952,-187.812845987836,0.006610188478463
91636.2963663492,-78.3980216399265,-187.776133242618,0.00657764190765794
92077.120630096,-78.4825668091555,-187.739586551869,0.00654526397739937
92520.0655167752,-78.5671009459448,-187.703205255269,0.00651305369799435
92965.1412278253,-78.6516241517523,-187.666988693833,0.00648101008707216
93412.3580137594,-78.7361365271389,-187.630936209921,0.00644913216951284
93861.7261744021,-78.8206381717759,-187.595047147261,0.0064174189773765
94313.2560591262,-78.9051291844516,-187.559320850964,0.00638586954983356
94766.9580670906,-78.989609663079,-187.523756667539,0.00635448293309578
95222.8426474803,-79.0740797047029,-187.488353944911,0.0063232581803481
95680.9202997473,-79.1585394055069,-187.453112032438,0.00629219435168127
96141.2015738522,-79.2429888608201,-187.418030280921,0.00626129051402532
96603.6970705067,-79.3274281651248,-187.383108042626,0.00623054574108382
97068.4174414181,-79.4118574120627,-187.348344671296,0.00619995911326892
97535.3733895352,-79.4962766944426,-187.313739522161,0.00616952971763701
98004.5756692935,-79.5806861042463,-187.27929195196,0.00613925664782546
98476.0350868645,-79.6650857326363,-187.245001318948,0.0061091390039897
98949.762500403,-79.749475669962,-187.210866982914,0.00607917589274144
99425.768820298,-79.8338560057666,-187.176888305191,0.0060493664270873
99904.0650094241,-79.9182268287939,-187.143064648671,0.00601970972636833
100384.662083394,-80.0025882269947,-187.109395377814,0.00599020491620016
100867.571110811,-80.0869402875333,-187.075879858664,0.00596085112841394
101352.803213526,-80.1712830967946,-187.042517458861,0.00593164750099792
101840.369566892,-80.2556167403898,-187.009307547648,0.00590259317803958
102330.281400021,-80.3399413031634,-186.976249495887,0.00587368730966875
102822.549996046,-80.4242568691996,-186.943342676066,0.00584492905200103
103317.186692376,-80.5085635218282,-186.910586462314,0.00581631756708218
103814.202880961,-80.5928613436314,-186.877980230407,0.00578785202283289
104313.610008552,-80.6771504164498,-186.845523357782,0.00575953159299444
104815.419576968,-80.7614308213888,-186.813215223544,0.00573135545707476
105319.643143355,-80.8457026388243,-186.781055208475,0.00570332280029531
105826.292320458,-80.9299659484098,-186.749042695048,0.00567543281353838
106335.378776884,-81.0142208290814,-186.717177067429,0.00564768469329522
106846.914237376,-81.0984673590645,-186.685457711493,0.00562007764161454
107360.910483078,-81.1827056158798,-186.653884014826,0.00559261086605178
107877.379351808,-81.2669356763487,-186.622455366737,0.00556528357961887
108396.33273833,-81.3511576166001,-186.591171158267,0.00553809500073456
108917.782594631,-81.4353715120755,-186.560030782193,0.00551104435317542
109441.740930194,-81.5195774375351,-186.529033633038,0.00548413086602721
109968.219812272,-81.6037754670638,-186.498179107077,0.00545735377363708
110497.231366171,-81.6879656740766,-186.467466602345,0.00543071231556599
111028.787775525,-81.7721481313245,-186.436895518645,0.00540420573654197
111562.901282581,-81.8563229109002,-186.40646525755,0.00537783328641369
112099.584188476,-81.9404900842435,-186.376175222415,0.0053515942201047
112638.848853524,-82.0246497221472,-186.34602481838,0.00532548779756814
113180.707697498,-82.1088018947622,-186.316013452375,0.00529951328374187
113725.173199919,-82.1929466716034,-186.286140533128,0.00527366994850433
114272.25790034,-82.2770841215552,-186.256405471169,0.00524795706663064
114821.974398639,-82.3612143128763,-186.226807678838,0.00522237391774939
115374.335355305,-82.4453373132059,-186.197346570284,0.00519691978629978
115929.353491732,-82.5294531895682,-186.168021561477,0.0051715939614894
116487.04159051,-82.6135620083786,-186.138832070208,0.00514639573725227
117047.412495723,-82.6976638354481,-186.109777516094,0.00512132441220754
117610.479113241,-82.781758735989,-186.080857320585,0.00509637928961855
118176.25441102,-82.8658467746199,-186.052070906964,0.00507155967735238
118744.751419398,-82.949928015371,-186.023417700355,0.00504686488783986
119315.983231397,-83.034002521689,-185.994897127723,0.00502229423803595
119889.963003025,-83.1180703564421,-185.966508617881,0.0049978470493807
120466.703953578,-83.2021315819255,-185.938251601489,0.00497352264776049
121046.219365942,-83.2861862598656,-185.910125511064,0.0049493203634698
121628.522586906,-83.3702344514256,-185.882129780974,0.00492523953117338
122213.627027461,-83.4542762172102,-185.854263847449,0.0049012794898688
122801.546163115,-83.5383116172703,-185.826527148578,0.00487743958284946
123392.293534199,-83.6223407111079,-185.798919124315,0.004853719157668
123985.882746183,-83.7063635576812,-185.771439216481,0.00483011756610003
124582.327469987,-83.7903802154087,-185.744086868763,0.00480663416410844
125181.641442294,-83.8743907421745,-185.71686152672,0.00478326831180787
125783.838465871,-83.9583951953329,-185.689762637782,0.00476001937342975
126388.932409882,-84.0423936317126,-185.662789651253,0.00473688671728764
126996.937210214,-84.1263861076218,-185.635942018313,0.00471386971574294
127607.866869789,-84.2103726788526,-185.60921919202,0.00469096774517102
128221.735458893,-84.2943534006853,-185.582620627306,0.00466818018592767
128838.5571155,-84.3783283278933,-185.556145780987,0.00464550642231595
129458.346045594,-84.4622975147473,-185.529794111757,0.00462294584255336
130081.116523497,-84.5462610150196,-185.50356508019,0.00460049783873939
130706.882892203,-84.6302188819889,-185.477458148743,0.00457816180682343
131335.659563701,-84.7141711684443,-185.451472781756,0.00455593714657296
131967.46101931,-84.7981179266896,-185.425608445451,0.00453382326154221
132602.301810014,-84.882059208548,-185.399864607934,0.00451181955904098
133240.196556794,-84.9659950653656,-185.374240739192,0.00448992545010396
133881.15995097,-85.0499255480167,-185.348736311097,0.00446814034946024
134525.206754531,-85.1338507069067,-185.323350797407,0.00444646367550327
135172.351800484,-85.2177705919772,-185.298083673758,0.00442489485026104
135822.609993189,-85.3016852527099,-185.272934417672,0.00440343329936661
136475.996308706,-85.3855947381303,-185.247902508555,0.00438207845202896
137132.525795137,-85.4694990968122,-185.222987427691,0.00436082974100417
137792.213572977,-85.5533983768816,-185.198188658249,0.00433968660256682
138455.074835457,-85.6372926260204,-185.173505685277,0.00431864847648178
139121.124848896,-85.7211818914706,-185.148937995703,0.00429771480597629
139790.378953055,-85.8050662200384,-185.124485078335,0.00427688503771222
140462.852561488,-85.8889456580975,-185.100146423856,0.0042561586217588
141138.561161895,-85.9728202515938,-185.075921524829,0.00423553501156547
141817.520316483,-86.0566900460481,-185.051809875691,0.00421501366393512
142499.745662322,-86.1405550865611,-185.027810972754,0.00419459403899755
143185.252911704,-86.2244154178161,-185.003924314201,0.00417427560018325
143874.057852509,-86.3082710840835,-184.980149400087,0.00415405781419736
144566.176348563,-86.3921221292241,-184.956485732337,0.00413394015099408
145261.62434001,-86.4759685966928,-184.932932814744,0.0041139220837511
145960.417843671,-86.5598105295423,-184.909490152965,0.00409400308884451
146662.57295342,-86.6436479704267,-184.886157254525,0.00407418264582388
147368.105840551,-86.727480961605,-184.862933628806,0.00405446023738753
148077.032754153,-86.8113095449448,-184.839818787055,0.00403483534935818
148789.370021481,-86.8951337619257,-184.816812242374,0.00401530747065873
149505.134048334,-86.9789536536427,-184.79391350972,0.00399587609328843
150224.341319433,-87.0627692608099,-184.771122105907,0.0039765407122991
150947.008398799,-87.1465806237637,-184.748437549596,0.00395730082577178
151673.151930137,-87.2303877824661,-184.725859361298,0.00393815593479347
152402.788637216,-87.3141907765086,-184.703387063372,0.00391910554343423
153135.93532426,-87.3979896451148,-184.681020180018,0.00390014915872439
153872.608876328,-87.4817844271445,-184.658758237276,0.00388128629063208
154612.826259705,-87.5655751610962,-184.636600763027,0.00386251645204095
155356.604522298,-87.649361885111,-184.614547286985,0.00384383915872809
156103.960794019,-87.7331446369754,-184.592597340695,0.00382525392934223
156854.91228719,-87.8169234541248,-184.570750457535,0.00380676028538211
157609.476296932,-87.9006983736463,-184.549006172706,0.00378835775117507
158367.670201565,-87.9844694322825,-184.527364023234,0.00377004585385587
159129.51146301,-88.0682366664337,-184.505823547964,0.00375182412334571
159895.01762719,-88.1520001121619,-184.484384287558,0.00373369209233145
160664.206324434,-88.2357598051933,-184.463045784491,0.00371564929624507
161437.095269883,-88.3195157809215,-184.441807583051,0.00369769527324326
162213.702263898,-88.4032680744106,-184.420669229329,0.00367982956418729
162994.045192472,-88.4870167203979,-184.399630271222,0.00366205171262305
163778.142027636,-88.5707617532975,-184.378690258426,0.00364436126476121
164566.010827882,-88.6545032072023,-184.357848742433,0.00362675776945776
165357.669738571,-88.7382411158877,-184.337105276528,0.00360924077819448
166153.136992354,-88.8219755128144,-184.316459415787,0.00359180984505987
166952.430909593,-88.9057064311306,-184.295910717068,0.00357446452673004
167755.569898779,-88.9894339036758,-184.275458739014,0.00355720438244994
168562.572456962,-89.0731579629828,-184.255103042043,0.00354002897401464
169373.457170171,-89.1568786412808,-184.234843188348,0.00352293786575096
170188.242713847,-89.2405959704986,-184.214678741895,0.00350593062449908
171006.947853269,-89.3243099822665,-184.194609268411,0.0034890068195945
171829.591443988,-89.4080207079195,-184.174634335389,0.00347216602285003
172656.192432262,-89.4917281785001,-184.15475351208,0.00345540780853804
173486.769855492,-89.5754324247608,-184.134966369486,0.00343873175337291
174321.342842659,-89.6591334771666,-184.115272480364,0.00342213743649348
175159.930614765,-89.7428313658979,-184.095671419213,0.00340562443944588
176002.552485279,-89.8265261208529,-184.076162762276,0.00338919234616637
176849.227860577,-89.9102177716505,-184.056746087531,0.00337284074296441
177699.976240391,-89.9939063476322,-184.037420974692,0.00335656921850585
178554.817218259,-90.0775918778655,-184.0181870052,0.00334037736379633
179413.770481974,-90.1612743911456,-183.999043762222,0.00332426477216476
180276.855814042,-90.2449539159986,-183.979990830646,0.00330823103924705
181144.093092129,-90.3286304806832,-183.961027797073,0.00329227576296991
182015.502289531,-90.412304113194,-183.942154249817,0.00327639854353482
182891.103475621,-90.4959748412633,-183.923369778901,0.00326059898340218
183770.916816321,-90.5796426923636,-183.904673976048,0.00324487668727558
184654.962574562,-90.6633076937104,-183.88606643468,0.00322923126208622
185543.261110753,-90.7469698722638,-183.867546749912,0.00321366231697745
186435.832883245,-90.8306292547317,-183.849114518549,0.00319816946328953
187332.698448809,-90.9142858675716,-183.830769339079,0.00318275231454441
188233.878463104,-90.9979397369928,-183.812510811672,0.00316741048643076
189139.393681156,-91.0815908889591,-183.79433853817,0.00315214359678908
190049.264957835,-91.1652393491909,-183.776252122088,0.00313695126559694
190963.513248335,-91.2488851431671,-183.758251168605,0.00312183311495438
191882.159608656,-91.3325282961279,-183.740335284562,0.00310678876906945
192805.225196089,-91.4161688330766,-183.722504078456,0.00309181785424382
193732.731269707,-91.4998067787819,-183.704757160436,0.00307691999885861
194664.699190848,-91.58344215778,-183.687094142297,0.00306209483336026
195601.150423613,-91.6670749943768,-183.669514637476,0.00304734199024657
196542.106535357,-91.7507053126502,-183.652018261047,0.00303266110405291
197487.589197187,-91.8343331364518,-183.634604629717,0.00301805181133841
198437.62018446,-91.9179584894093,-183.617273361819,0.00300351375067248
199392.221377286,-92.0015813949285,-183.600024077311,0.00298904656262123
200351.414761031,-92.0852018761952,-183.582856397767,0.00297464988973417
201315.222426823,-92.1688199561775,-183.565769946372,0.00296032337653098
202283.666572062,-92.2524356576277,-183.548764347922,0.00294606666948837
203256.769500928,-92.336049003084,-183.531839228814,0.00293187941702708
204234.553624903,-92.4196600148731,-183.514994217044,0.00291776126949896
205217.041463274,-92.5032687151115,-183.498228942199,0.00290371187917428
206204.255643665,-92.5868751257079,-183.481543035455,0.00288973090022894
207196.218902548,-92.670479268365,-183.464936129573,0.00287581798873202
208192.954085774,-92.7540811645812,-183.448407858889,0.00286197280263327
209194.484149093,-92.8376808356528,-183.431957859312,0.0028481950017508
210200.832158688,-92.9212783026757,-183.415585768321,0.00283448424775883
211212.021291702,-93.0048735865472,-183.399291224956,0.00282084020417556
212228.074836775,-93.0884667079682,-183.383073869816,0.00280726253635116
213249.016194578,-93.1720576874445,-183.366933345052,0.00279375091145585
214274.868878354,-93.2556465452888,-183.350869294363,0.00278030499846807
215305.656514458,-93.3392333016229,-183.33488136299,0.00276692446816275
216341.4028429,-93.4228179763788,-183.318969197711,0.00275360899309974
217382.131717896,-93.5064005893009,-183.303132446839,0.00274035824761221
218427.867108414,-93.5899811599476,-183.287370760211,0.00272717190779532
219478.633098725,-93.6735597076933,-183.271683789188,0.00271404965149481
220534.453888962,-93.7571362517293,-183.256071186649,0.00270099115829584
221595.353795673,-93.8407108110667,-183.240532606982,0.00268799610951179
222661.357252383,-93.924283404537,-183.225067706084,0.00267506418817328
223732.488810159,-94.0078540507945,-183.209676141354,0.00266219507901715
224808.773138169,-94.0914227683174,-183.194357571686,0.00264938846847565
225890.235024256,-94.1749895754098,-183.179111657466,0.00263664404466569
226976.89937551,-94.2585544902033,-183.163938060566,0.00262396149737807
228068.791218832,-94.3421175306584,-183.14883644434,0.00261134051806699
229165.935701524,-94.4256787145663,-183.133806473618,0.00259878079983948
230268.358091857,-94.5092380595503,-183.118847814699,0.00258628203744501
231376.083779659,-94.5927955830676,-183.103960135349,0.00257384392726514
232489.138276897,-94.6763513024104,-183.089143104796,0.00256146616730331
233607.547218266,-94.7599052347082,-183.07439639372,0.00254914845717461
234731.336361778,-94.8434573969284,-183.059719674253,0.00253689049809579
235860.531589358,-94.9270078058786,-183.045112619973,0.00252469199287514
236995.158907437,-95.0105564782075,-183.030574905895,0.00251255264590271
238135.244447551,-95.0941034304067,-183.016106208472,0.00250047216314036
239280.814466947,-95.1776486788123,-183.001706205585,0.00248845025211205
240431.895349182,-95.2611922396059,-182.987374576539,0.00247648662189417
241588.513604735,-95.3447341288164,-182.973111002058,0.00246458098310591
242750.695871614,-95.4282743623213,-182.958915164281,0.00245273304789974
243918.468915974,-95.5118129558482,-182.944786746757,0.00244094252995197
245091.859632729,-95.595349924976,-182.930725434435,0.00242920914445339
246270.895046175,-95.6788852851366,-182.916730913667,0.00241753260809993
247455.602310609,-95.7624190516158,-182.902802872196,0.00240591263908347
248646.008710956,-95.8459512395554,-182.888940999153,0.00239434895708266
249842.141663399,-95.9294818639538,-182.875144985054,0.00238284128325386
251044.028716007,-96.0130109396675,-182.861414521791,0.00237138934022214
252251.697549373,-96.0965384814131,-182.847749302631,0.00235999285207229
253465.17597725,-96.1800645037675,-182.834149022207,0.00234865154434002
254684.491947189,-96.2635890211702,-182.820613376516,0.0023373651440031
255909.673541189,-96.3471120479239,-182.807142062912,0.00232613337947268
257140.748976336,-96.4306335981963,-182.7937347801,0.00231495598058457
258377.746605459,-96.514153686021,-182.780391228135,0.0023038326785907
259620.69491778,-96.5976723252988,-182.767111108413,0.00229276320615057
260869.622539571,-96.6811895297992,-182.753894123667,0.00228174729732276
262124.558234813,-96.7647053131612,-182.740739977961,0.00227078468755658
263385.530905859,-96.848219688895,-182.727648376688,0.00225987511368368
264652.569594098,-96.9317326703828,-182.714619026562,0.00224901831390984
265925.703480628,-97.0152442708803,-182.701651635612,0.00223821402780671
267204.96188692,-97.0987545035178,-182.688745913182,0.00222746199630369
268490.374275505,-97.1822633813012,-182.67590156992,0.00221676196167985
269781.97025064,-97.2657709171133,-182.663118317777,0.0022061136675559
271079.779559,-97.3492771237151,-182.65039587,0.00219551685888623
272383.832090357,-97.4327820137466,-182.637733941128,0.002184971281951
273694.157878271,-97.5162855997285,-182.625132246985,0.00217447668434833
275010.787100781,-97.5997878940624,-182.612590504678,0.00216403281498648
276333.750081099,-97.6832889090329,-182.600108432591,0.00215363942407613
277663.077288311,-97.7667886568083,-182.587685750376,0.00214329626312276
278998.799338075,-97.8502871494413,-182.575322178956,0.00213300308491897
280340.946993331,-97.9337843988707,-182.563017440512,0.00212275964353696
281689.551165005,-98.0172804169222,-182.550771258483,0.00211256569432106
283044.642912723,-98.1007752153095,-182.53858335756,0.00210242099388025
284406.253445526,-98.1842688056352,-182.526453463678,0.00209232530008078
285774.414122589,-98.2677611993921,-182.514381304017,0.00208227837203884
287149.156453942,-98.351252407964,-182.50236660699,0.00207227997011329
288530.512101199,-98.4347424426271,-182.490409102245,0.00206232985589842
289918.512878281,-98.5182313145502,-182.478508520655,0.00205242779221681
291313.190752158,-98.6017190347969,-182.466664594314,0.00204257354311216
292714.577843575,-98.6852056143255,-182.454877056536,0.00203276687384225
294122.706427798,-98.7686910639906,-182.443145641844,0.00202300755087192
295537.608935358,-98.8521753945438,-182.431470085969,0.00201329534186612
296959.317952793,-98.9356586166349,-182.419850125846,0.00200363001568295
298387.866223404,-99.0191407408126,-182.408285499604,0.00199401134236684
299823.286648003,-99.1026217775257,-182.396775946568,0.00198443909314171
301265.612285678,-99.186101737124,-182.385321207248,0.00197491304040419
302714.876354548,-99.2695806298589,-182.373921023339,0.00196543295771694
304171.112232531,-99.3530584658848,-182.362575137714,0.00195599861980191
305634.353458114,-99.4365352552597,-182.351283294417,0.00194660980253382
307104.633731121,-99.5200110079462,-182.340045238662,0.00193726628293347
308581.986913495,-99.6034857338124,-182.328860716828,0.00192796783916127
310066.447030072,-99.6869594426329,-182.31772947645,0.00191871425051077
311558.048269369,-99.7704321440895,-182.30665126622,0.00190950529740217
313056.824984368,-99.853903847772,-182.295625835977,0.00190034076137596
314562.811693313,-99.9373745631795,-182.284652936706,0.00189122042508656
316076.043080497,-100.020844299721,-182.273732320532,0.00188214407229605
317596.553997066,-100.104313066715,-182.262863740714,0.00187311148786782
319124.37946182,-100.187780873394,-182.252046951644,0.00186412245776048
320659.554662021,-100.271247728901,-182.241281708836,0.00185517676902156
322202.114954202,-100.354713642293,-182.230567768928,0.00184627420978147
323752.095864981,-100.43817862254,-182.219904889674,0.00183741456924738
325309.533091881,-100.521642678528,-182.209292829939,0.00182859763769717
326874.462504149,-100.605105819058,-182.198731349697,0.00181982320647342
328446.920143587,-100.688568052848,-182.188220210022,0.00181109106797746
330026.942225376,-100.772029388533,-182.177759173087,0.00180240101566345
331614.565138915,-100.855489834666,-182.167348002159,0.00179375284403249
333209.825448658,-100.938949399719,-182.156986461594,0.00178514634862679
334812.759894954,-101.022408092082,-182.146674316829,0.00177658132602383
336423.405394895,-101.105865920069,-182.136411334385,0.00176805757383065
338041.799043166,-101.18932289191,-182.126197281855,0.00175957489067809
339667.978112899,-101.272779015761,-182.116031927904,0.00175113307621515
341301.980056533,-101.3562342997,-182.105915042261,0.00174273193110325
342943.842506672,-101.439688751725,-182.09584639572,0.00173437125701074
344593.603276958,-101.523142379762,-182.085825760128,0.00172605085660726
346251.300362938,-101.60659519166,-182.075852908387,0.00171777053355819
347916.971942937,-101.690047195193,-182.065927614446,0.00170953009251923
349590.656378945,-101.773498398062,-182.056049653298,0.00170132933913086
351272.392217492,-101.856948807894,-182.046218800974,0.00169316808001296
352962.218190541,-101.940398432245,-182.036434834542,0.00168504612275943
354660.173216377,-102.023847278597,-182.026697532098,0.0016769632759328
356366.296400507,-102.107295354363,-182.017006672764,0.00166891934905896
358080.627036556,-102.190742666885,-182.007362036685,0.00166091415262185
359803.204607176,-102.274189223434,-181.997763405021,0.0016529474980582
361534.068784954,-102.357635031214,-181.988210559947,0.00164501919775238
363273.259433322,-102.441080097358,-181.978703284643,0.00163712906503115
365020.816607484,-102.524524428934,-181.969241363298,0.00162927691415857
366776.780555327,-102.60796803294,-181.959824581096,0.00162146256033086
368541.19171836,-102.69141091631,-181.950452724218,0.00161368581967134
370314.090732633,-102.77485308591,-181.941125579837,0.00160594650922538
372095.518429686,-102.858294548543,-181.931842936112,0.00159824444695539
373885.515837475,-102.941735310945,-181.922604582184,0.00159057945173585
375684.124181332,-103.02517537979,-181.913410308173,0.00158295134334834
377491.384884902,-103.108614761686,-181.904259905173,0.00157535994247668
379307.339571104,-103.192053463181,-181.895153165248,0.00156780507070196
381132.030063086,-103.275491490759,-181.886089881427,0.00156028655049779
382965.498385193,-103.358928850842,-181.8770698477,0.00155280420522541
384807.786763929,-103.442365549793,-181.868092859016,0.00154535785912892
386658.937628932,-103.525801593913,-181.859158711276,0.00153794733733054
388518.993613953,-103.609236989443,-181.850267201329,0.00153057246582585
390387.997557835,-103.692671742565,-181.841418126971,0.00152323307147914
392265.992505504,-103.776105859403,-181.832611286935,0.00151592898201867
394153.021708952,-103.85953934602,-181.823846480895,0.00150866002603211
396049.128628243,-103.942972208424,-181.815123509453,0.00150142603296188
397954.356932506,-104.026404452566,-181.806442174144,0.0014942268331006
399868.750500949,-104.109836084339,-181.797802277423,0.00148706225758651
401792.353423858,-104.19326710958,-181.789203622667,0.00147993213839898
403725.210003625,-104.276697534072,-181.780646014169,0.00147283630835397
405667.36475576,-104.36012736354,-181.772129257136,0.00146577460109964
407618.862409916,-104.443556603658,-181.763653157679,0.00145874685111184
409579.747910928,-104.526985260044,-181.755217522817,0.00145175289368972
411550.066419836,-104.610413338262,-181.746822160468,0.00144479256495139
413529.863314935,-104.693840843826,-181.738466879444,0.00143786570182948
415519.184192814,-104.777267782194,-181.730151489452,0.00143097214206691
417518.07486941,-104.860694158774,-181.721875801087,0.00142411172421252
419526.58138106,-104.944119978923,-181.713639625826,0.00141728428761681
421544.749985563,-105.027545247945,-181.70544277603,0.00141048967242771
423572.627163246,-105.110969971095,-181.697285064932,0.00140372771958635
425610.259618033,-105.194394153578,-181.689166306643,0.00139699827082285
427657.694278521,-105.27781780055,-181.681086316138,0.00139030116865217
429714.978299061,-105.361240917115,-181.673044909259,0.00138363625636995
431782.159060845,-105.444663508332,-181.665041902709,0.0013770033780484
433859.284172995,-105.52808557921,-181.657077114049,0.0013704023785322
435946.401473663,-105.611507134711,-181.649150361692,0.00136383310343444
438043.559031126,-105.694928179749,-181.641261464901,0.00135729539913257
440150.805144904,-105.778348719192,-181.633410243786,0.00135078911276436
442268.188346859,-105.861768757861,-181.625596519297,0.00134431409222395
444395.757402326,-105.945188300532,-181.617820113223,0.00133787018615784
446533.561311225,-106.028607351935,-181.610080848189,0.00133145724396097
448681.649309199,-106.112025916753,-181.602378547649,0.00132507511577277
450840.070868738,-106.195443999629,-181.594713035886,0.00131872365247326
453008.875700327,-106.278861605158,-181.587084138004,0.00131240270567923
455188.113753587,-106.362278737892,-181.579491679929,0.0013061121277403
457377.835218425,-106.445695402341,-181.571935488402,0.00129985177173515
459578.090526194,-106.52911160297,-181.564415390976,0.00129362149146771
461788.930350845,-106.612527344203,-181.556931216013,0.00128742114146335
464010.405610109,-106.695942630422,-181.54948279268,0.00128125057696514
466242.567466652,-106.779357465967,-181.542069950947,0.00127510965393009
468485.467329271,-106.862771855135,-181.53469252158,0.00126899822902546
470739.156854061,-106.946185802184,-181.527350336141,0.00126291615962504
473003.687945621,-107.029599311332,-181.52004322698,0.00125686330380549
475279.112758237,-107.113012386754,-181.512771027237,0.0012508395203427
477565.483697086,-107.196425032588,-181.505533570834,0.00124484466870812
479862.853419451,-107.279837252932,-181.498330692473,0.00123887860906521
482171.274835921,-107.363249051844,-181.491162227635,0.0012329412022658
484490.801111619,-107.446660433344,-181.484028012571,0.00122703230984654
486821.485667422,-107.530071401413,-181.476927884302,0.00122115179402539
489163.382181196,-107.613481959996,-181.469861680617,0.00121529951769805
491516.544589024,-107.696892112998,-181.462829240066,0.00120947534443446
493881.027086458,-107.780301864288,-181.455830401959,0.00120367913847534
496256.884129757,-107.863711217698,-181.44886500636,0.00119791076472872
498644.170437152,-107.947120177024,-181.441932894088,0.0011921700887665
501042.940990098,-108.030528746026,-181.435033906709,0.001186456976821
503453.251034542,-108.113936928426,-181.428167886536,0.00118077129578161
505875.156082199,-108.197344727913,-181.421334676621,0.00117511291319135
508308.711911825,-108.280752148139,-181.414534120758,0.00116948169724353
510753.974570508,-108.364159192724,-181.407766063476,0.00116387751677843
513211.000374952,-108.447565865251,-181.401030350033,0.00115830024127994
515679.845912779,-108.530972169268,-181.394326826421,0.00115274974087227
518160.56804383,-108.614378108292,-181.387655339352,0.00114722588631666
520653.223901476,-108.697783685806,-181.381015736263,0.00114172854900812
523157.870893931,-108.781188905257,-181.37440786531,0.00113625760097216
525674.56670558,-108.864593770063,-181.367831575363,0.00113081291486159
528203.369298299,-108.947998283607,-181.361286716005,0.00112539436395329
530744.336912797,-109.031402449239,-181.354773137529,0.00112000182214503
533297.528069957,-109.114806270281,-181.348290690932,0.00111463516395225
535863.001572176,-109.198209750019,-181.341839227915,0.00110929426450498
538440.816504731,-109.28161289171,-181.335418600877,0.00110397899954462
541031.03223713,-109.365015698579,-181.329028662914,0.00109868924542089
543633.708424485,-109.448418173821,-181.322669267815,0.00109342487908867
546248.905008883,-109.5318203206,-181.316340270059,0.00108818577810496
548876.682220768,-109.61522214205,-181.310041524811,0.00108297182062576
551517.100580327,-109.698623641276,-181.30377288792,0.00107778288540306
554170.220898887,-109.782024821352,-181.297534215915,0.00107261885178182
556836.10428031,-109.865425685324,-181.291325366002,0.00106747959969688
559514.812122404,-109.948826236207,-181.285146196061,0.00106236500967005
562206.406118338,-110.03222647699,-181.278996564646,0.00105727496280706
564910.948258059,-110.11562641063,-181.272876330974,0.00105220934079463
567628.500829726,-110.19902604006,-181.266785354931,0.00104716802589748
570359.126421135,-110.282425368182,-181.260723497062,0.00104215090095548
573102.887921172,-110.365824397872,-181.254690618574,0.00103715784938063
575859.848521248,-110.449223131976,-181.248686581326,0.00103218875515423
578630.07171677,-110.532621573316,-181.242711247832,0.00102724350282397
581413.621308587,-110.616019724686,-181.236764481257,0.00102232197750107
584210.561404476,-110.699417588852,-181.230846145409,0.00101742406485742
587020.956420602,-110.782815168556,-181.224956104744,0.00101254965112274
589844.871083013,-110.866212466512,-181.219094224355,0.00100769862308179
592682.37042913,-110.949609485409,-181.213260369976,0.00100287086807153
595533.519809235,-111.03300622791,-181.207454407974,0.000998066273978335
598398.384887991,-111.116402696652,-181.201676205349,0.000993284729235238
601277.03164594,-111.199798894249,-181.195925629729,0.000988526122819165
604169.526381035,-111.283194823288,-181.19020254937,0.000983790344248184
607075.935710154,-111.366590486332,-181.184506833149,0.000979077283578788
609996.326570649,-111.44998588592,-181.178838350566,0.000974386831403169
612930.766221873,-111.533381024566,-181.173196971737,0.000969718878846535
615879.32224674,-111.616775904759,-181.167582567392,0.000965073317564409
618842.062553277,-111.700170528968,-181.161995008874,0.000960450039739979
621819.055376186,-111.783564899635,-181.156434168136,0.000955848938081431
624810.36927842,-111.86695901918,-181.150899917734,0.000951269905819309
627816.07315276,-111.950352889999,-181.145392130832,0.000946712836703902
630836.236223402,-112.033746514467,-181.13991068119,0.000942177625002617
633870.928047547,-112.117139894935,-181.134455443168,0.000937664165497397
636920.218517013,-112.200533033731,-181.129026291722,0.000933172353482128
639984.177859834,-112.283925933162,-181.123623102399,0.00092870208476008
643062.876641884,-112.367318595514,-181.118245751336,0.000924253255641342
646156.385768499,-112.450711023047,-181.112894115256,0.000919825762940292
649264.776486114,-112.534103218005,-181.107568071467,0.000915419503973062
652388.120383897,-112.617495182607,-181.102267497858,0.000911034376555031
655526.489395403,-112.700886919051,-181.096992272898,0.000906670278998325
658679.955800232,-112.784278429515,-181.09174227563,0.000902327110109325
661848.592225689,-112.867669716156,-181.086517385672,0.000898004769186202
665032.47164846,-112.951060781111,-181.081317483211,0.000893703156016455
668231.66739629,-113.034451626496,-181.076142449003,0.000889422170874467
671446.253149676,-113.117842254406,-181.07099216437,0.000885161714519065
674676.302943557,-113.201232666917,-181.065866511197,0.000880921688191115
677921.89116903,-113.284622866085,-181.060765371926,0.000876701993611098
681183.092575049,-113.368012853947,-181.05568862956,0.000872502532976735
684459.982270162,-113.45140263252,-181.050636167656,0.000868323208960587
687752.635724228,-113.534792203802,-181.045607870324,0.000864163924707702
691061.128770159,-113.61818156977,-181.04060362222,0.000860024583833258
694385.537605674,-113.701570732386,-181.035623308553,0.000855905090420207
697725.938795042,-113.784959693589,-181.030666815073,0.000851805349016967
701082.409270854,-113.868348455304,-181.025734028072,0.000847725264635079
704455.026335789,-113.951737019433,-181.020824834384,0.000843664742746929
707843.867664401,-114.035125387864,-181.015939121378,0.000839623689283429
711249.0113049,-114.118513562464,-181.011076776958,0.000835602010631756
714670.535680959,-114.201901545083,-181.00623768956,0.000831599613633071
718108.519593507,-114.285289337555,-181.001421748152,0.000827616405580272
721563.04222256,-114.368676941694,-180.996628842225,0.000823652294215737
725034.183129029,-114.452064359299,-180.991858861798,0.000819707187729109
728522.022256567,-114.535451592149,-180.98711169741,0.000815780994755053
732026.639933395,-114.61883864201,-180.982387240123,0.000811873624371071
735548.116874165,-114.702225510626,-180.977685381512,0.000807984986095285
739086.534181813,-114.78561219973,-180.97300601367,0.00080411498988426
742641.973349424,-114.868998711034,-180.968349029202,0.000800263546130833
746214.51626212,-114.952385046235,-180.963714321224,0.00079643056566194
749804.24519893,-115.035771207016,-180.959101783356,0.000792615959736476
753411.242834699,-115.119157195041,-180.954511309728,0.000788819640043147
757035.592241983,-115.20254301196,-180.949942794971,0.000785041518698346
760677.37689297,-115.285928659405,-180.945396134217,0.000781281508244031
764336.680661392,-115.369314138995,-180.940871223095,0.000777539521645628
768013.587824469,-115.452699452332,-180.936367957731,0.000773815472289919
771708.18306484,-115.536084601004,-180.931886234747,0.000770109273982978
775420.551472516,-115.619469586582,-180.927425951252,0.000766420840948083
779150.778546846,-115.702854410624,-180.922987004846,0.000762750087823658
782898.950198474,-115.786239074671,-180.918569293618,0.000759096929661223
786665.152751332,-115.869623580252,-180.914172716138,0.000755461281923351
790449.472944615,-115.953007928879,-180.909797171461,0.00075184306048164
794251.997934787,-116.03639212205,-180.905442559119,0.000748242181614689
798072.815297584,-116.11977616125,-180.901108779124,0.000744658562006095
801912.013030036,-116.203160047949,-180.896795731964,0.000741092118742448
805769.679552484,-116.286543783603,-180.892503318597,0.000737542769311351
809645.90371063,-116.369927369653,-180.888231440456,0.000734010431599431
813540.774777571,-116.453310807529,-180.883979999441,0.000730495023890381
817454.382455859,-116.536694098644,-180.879748897917,0.000726996464863003
821386.816879574,-116.6200772444,-180.875538038716,0.000723514673589249
825338.168616385,-116.703460246186,-180.87134732513,0.000720049569532302
829308.528669655,-116.786843105374,-180.867176660914,0.000716601072544631
833297.988480515,-116.870225823327,-180.863025950279,0.000713169102866089
837306.639929992,-116.953608401394,-180.858895097891,0.000709753581121993
841334.575341106,-117.03699084091,-180.854784008871,0.000706354428321243
845381.887481012,-117.120373143197,-180.85069258879,0.000702971565854413
849448.669563122,-117.203755309566,-180.846620743672,0.000699604915491898
853535.015249267,-117.287137341316,-180.842568379983,0.000696254399382023
857641.01865184,-117.37051923973,-180.838535404638,0.000692919940049203
861766.774335971,-117.453901006082,-180.834521724993,0.000689601460392085
865912.377321708,-117.537282641633,-180.830527248848,0.000686298883681707
870077.923086193,-117.620664147632,-180.826551884437,0.000683012133559681
874263.507565879,-117.704045525316,-180.822595540435,0.000679741134036353
878469.22715872,-117.78742677591,-180.81865812595,0.000676485809489015
882695.178726408,-117.870807900628,-180.814739550523,0.000673246084660083
886941.459596591,-117.954188900671,-180.810839724126,0.00067002188465532
891208.167565125,-118.03756977723,-180.806958557159,0.000666813134942042
895495.400898315,-118.120950531483,-180.80309596045,0.000663619761347353
899803.258335193,-118.2043311646,-180.799251845249,0.000660441690056374
904131.839089776,-118.287711677735,-180.795426123231,0.000657278847610491
908481.24285336,-118.371092072036,-180.791618706492,0.000654131160905608
912851.569796819,-118.454472348636,-180.787829507544,0.000650998557190403
917242.920572902,-118.53785250866,-180.784058439319,0.000647880964064613
921655.396318561,-118.62123255322,-180.78030541516,0.000644778309477296
926089.098657272,-118.70461248342,-180.776570348826,0.000641690521725138
930544.129701385,-118.78799230035,-180.772853154486,0.000638617529450736
935020.592054462,-118.871372005093,-180.769153746716,0.000635559261640914
939518.588813658,-118.95475159872,-180.765472040502,0.000632515647625031
944038.223572077,-119.038131082292,-180.761807951232,0.000629486617073311
948579.600421173,-119.12151045686,-180.7581613947,0.000626472099995167
953142.823953138,-119.204889723464,-180.7545322871,0.00062347202673755
957727.999263309,-119.288268883136,-180.750920545023,0.000620486327983295
962335.231952605,-119.371647936896,-180.747326085462,0.000617514934749474
966964.628129934,-119.455026885756,-180.743748825802,0.000614557778385769
971616.294414662,-119.538405730718,-180.740188683822,0.000611614790572839
976290.337939045,-119.621784472774,-180.736645577696,0.000608685903320711
980986.86635072,-119.705163112906,-180.733119425984,0.000605771048967158
985705.98781516,-119.788541652087,-180.729610147636,0.000602870160176113
990447.811018188,-119.871920091282,-180.726117661989,0.000599983169936063
995212.44516846,-119.955298431445,-180.722641888762,0.000597110011558471
1000000,-120.038676673523,-180.719182748061,0.000594250618676196
