frequency_hz,bridge_voltage_peak_v
0,0
16.66666666665,0
33.3333333333,0
49.99999999995,40.9222024710869
66.6666666666,0
83.33333333325,0
99.9999999999,0
116.66666666655,0
133.3333333332,0
149.99999999985,0.123479912390292
166.6666666665,0
183.33333333315,0
199.9999999998,0
216.66666666645,0
233.3333333331,0
249.99999999975,0.126197135420887
266.6666666664,0
283.33333333305,0
299.9999999997,0
316.66666666635,0
333.333333333,0
349.99999999965,0.185448896247486
366.6666666663,0
383.33333333295,0
399.9999999996,0
416.66666666625,0
433.3333333329,0
449.99999999955,0.260565546198811
466.6666666662,0
483.33333333285,0
499.9999999995,0
516.66666666615,0
533.3333333328,0
549.99999999945,0.289003654426057
566.6666666661,0
583.33333333275,0
599.9999999994,0
616.66666666605,0
633.3333333327,0
649.99999999935,0.368667555813008
666.666666666,0
683.33333333265,0
699.9999999993,0
716.66666666595,0
733.3333333326,0
749.99999999925,0.347420766462741
766.6666666659,0
783.33333333255,0
799.9999999992,0
816.66666666585,0
833.3333333325,0
849.99999999915,0.297915543161393
866.6666666658,0
883.33333333245,0
899.9999999991,0
916.66666666575,0
933.3333333324,0
949.99999999905,0.185070372535157
966.6666666657,0
983.33333333235,0
999.999999999,0
1016.66666666565,0
1033.3333333323,0
1049.99999999895,0.0558702098952565
1066.6666666656,0
1083.33333333225,0
1099.9999999989,0
1116.66666666555,0
1133.3333333322,0
1149.99999999885,0.16515330501894
1166.6666666655,0
1183.33333333215,0
1199.9999999988,0
1216.66666666545,0
1233.3333333321,0
1249.99999999875,0.262573795127386
1266.6666666654,0
1283.33333333205,0
1299.9999999987,0
1316.66666666535,0
1333.333333332,0
1349.99999999865,0.274252144983406
1366.6666666653,0
1383.33333333195,0
1399.9999999986,0
1416.66666666525,0
1433.3333333319,0
1449.99999999855,0.100371338309304
1466.6666666652,0
1483.33333333185,0
1499.9999999985,0
1516.66666666515,0
1533.3333333318,0
1549.99999999845,0.0670034255347415
1566.6666666651,0
1583.33333333175,0
1599.9999999984,0
1616.66666666505,0
1633.3333333317,0
1649.99999999835,0.033331168889709
1666.666666665,0
1683.33333333165,0
1699.9999999983,0
1716.66666666495,0
1733.3333333316,0
1749.99999999825,0.1979599906664
1766.6666666649,0
1783.33333333155,0
1799.9999999982,0
1816.66666666485,0
1833.3333333315,0
1849.99999999815,0.333242430985429
1866.6666666648,0
1883.33333333145,0
1899.9999999981,0
1916.66666666475,0
1933.3333333314,0
1949.99999999805,0.232127248991417
1966.6666666647,0
1983.33333333135,0
1999.999999998,0
2016.66666666465,0
2033.3333333313,0
2049.99999999795,0.15323536199155
2066.6666666646,0
2083.33333333125,0
2099.9999999979,0
2116.66666666455,0
2133.3333333312,0
2149.99999999785,0.367134347458856
2166.6666666645,0
2183.33333333115,0
2199.9999999978,0
2216.66666666445,0
2233.3333333311,0
2249.99999999775,0.0340066030359415
2266.6666666644,0
2283.33333333105,0
2299.9999999977,0
2316.66666666435,0
2333.333333331,0
2349.99999999765,0.175995842803853
2366.6666666643,0
2383.33333333095,0
2399.9999999976,0
2416.66666666425,0
2433.3333333309,0
2449.99999999755,0.0960233677359445
2466.6666666642,0
2483.33333333085,0
2499.9999999975,0
2516.66666666415,0
2533.3333333308,0
2549.99999999745,0.311068098897836
2566.6666666641,0
2583.33333333075,0
2599.9999999974,0
2616.66666666405,0
2633.3333333307,0
2649.99999999735,0.0694265669547876
2666.666666664,0
2683.33333333065,0
2699.9999999973,0
2716.66666666395,0
2733.3333333306,0
2749.99999999725,0.154196552617251
2766.6666666639,0
2783.33333333055,0
2799.9999999972,0
2816.66666666385,0
2833.3333333305,0
2849.99999999715,0.429414605962273
2866.6666666638,0
2883.33333333045,0
2899.9999999971,0
2916.66666666375,0
2933.3333333304,0
2949.99999999705,0.0561706275059923
2966.6666666637,0
2983.33333333035,0
2999.999999997,0
3016.66666666365,0
3033.3333333303,0
3049.99999999695,0.250813684930678
3066.6666666636,0
3083.33333333025,0
3099.9999999969,0
3116.66666666355,0
3133.3333333302,0
3149.99999999685,0.34186420438922
3166.6666666635,0
3183.33333333015,0
3199.9999999968,0
3216.66666666345,0
3233.3333333301,0
3249.99999999675,0.495299548973678
3266.6666666634,0
3283.33333333005,0
3299.9999999967,0
3316.66666666335,0
3333.33333333,0
3349.99999999665,0.14308390637632
3366.6666666633,0
3383.33333332995,0
3399.9999999966,0
3416.66666666325,0
3433.3333333299,0
3449.99999999655,0.157500805813308
3466.6666666632,0
3483.33333332985,0
3499.9999999965,0
3516.66666666315,0
3533.3333333298,0
3549.99999999645,0.115390360686002
3566.6666666631,0
3583.33333332975,0
3599.9999999964,0
3616.66666666305,0
3633.3333333297,0
3649.99999999635,0.0250691301535874
3666.666666663,0
3683.33333332965,0
3699.9999999963,0
3716.66666666295,0
3733.3333333296,0
3749.99999999625,0.103705714444404
3766.6666666629,0
3783.33333332955,0
3799.9999999962,0
3816.66666666285,0
3833.3333333295,0
3849.99999999615,0.213460424643174
3866.6666666628,0
3883.33333332945,0
3899.9999999961,0
3916.66666666275,0
3933.3333333294,0
3949.99999999605,0.0320011335648122
3966.6666666627,0
3983.33333332935,0
3999.999999996,0
4016.66666666265,0
4033.3333333293,0
4049.99999999595,0.0828197621846031
4066.6666666626,0
4083.33333332925,0
4099.9999999959,0
4116.66666666255,0
4133.3333333292,0
4149.99999999585,0.0591842427957295
4166.6666666625,0
4183.33333332915,0
4199.9999999958,0
4216.66666666245,0
4233.3333333291,0
4249.99999999575,0.0300135546841029
4266.6666666624,0
4283.33333332905,0
4299.9999999957,0
4316.66666666235,0
4333.333333329,0
4349.99999999565,0.0231621509356632
4366.6666666623,0
4383.33333332895,0
4399.9999999956,0
4416.66666666225,0
4433.3333333289,0
4449.99999999555,0.0610824903482656
4466.6666666622,0
4483.33333332885,0
4499.9999999955,0
4516.66666666215,0
4533.3333333288,0
4549.99999999545,0.100003598424494
4566.6666666621,0
4583.33333332875,0
4599.9999999954,0
4616.66666666205,0
4633.3333333287,0
4649.99999999535,0.000600754014290591
4666.666666662,0
4683.33333332865,0
4699.9999999953,0
4716.66666666195,0
4733.3333333286,0
4749.99999999525,0.055357624880022
4766.6666666619,0
4783.33333332855,0
4799.9999999952,0
4816.66666666185,0
4833.3333333285,0
4849.99999999515,0.109192663059182
4866.6666666618,0
4883.33333332845,0
4899.9999999951,0
4916.66666666175,0
4933.3333333284,0
4949.99999999505,0.194003292127357
4966.6666666617,0
4983.33333332835,0
4999.999999995,0
5016.66666666165,0
5033.3333333283,0
5049.99999999495,0.0423670444331027
5066.6666666616,0
5083.33333332825,0
5099.9999999949,0
5116.66666666155,0
5133.3333333282,0
5149.99999999485,0.116746493080071
5166.6666666615,0
5183.33333332815,0
5199.9999999948,0
5216.66666666145,0
5233.3333333281,0
5249.99999999475,0.00635645048766922
5266.6666666614,0
5283.33333332805,0
5299.9999999947,0
5316.66666666135,0
5333.333333328,0
5349.99999999465,0.0213925680918248
5366.6666666613,0
5383.33333332795,0
5399.9999999946,0
5416.66666666125,0
5433.3333333279,0
5449.99999999455,0.080918309986493
5466.6666666612,0
5483.33333332785,0
5499.9999999945,0
5516.66666666115,0
5533.3333333278,0
5549.99999999445,0.0308098583235069
5566.6666666611,0
5583.33333332775,0
5599.9999999944,0
5616.66666666105,0
5633.3333333277,0
5649.99999999435,0.0917279644711508
5666.666666661,0
5683.33333332765,0
5699.9999999943,0
5716.66666666095,0
5733.3333333276,0
5749.99999999425,0.192047415169017
5766.6666666609,0
5783.33333332755,0
5799.9999999942,0
5816.66666666085,0
5833.3333333275,0
5849.99999999415,0.11694387402112
5866.6666666608,0
5883.33333332745,0
5899.9999999941,0
5916.66666666075,0
5933.3333333274,0
5949.99999999405,0.0917022882586044
5966.6666666607,0
5983.33333332735,0
5999.999999994,0
6016.66666666065,0
6033.3333333273,0
6049.99999999395,0.0952478530427495
6066.6666666606,0
6083.33333332725,0
6099.9999999939,0
6116.66666666055,0
6133.3333333272,0
6149.99999999385,0.0698934235987761
6166.6666666605,0
6183.33333332715,0
6199.9999999938,0
6216.66666666045,0
6233.3333333271,0
6249.99999999375,0.0421409328303555
6266.6666666604,0
6283.33333332705,0
6299.9999999937,0
6316.66666666035,0
6333.333333327,0
6349.99999999365,0.10408616504297
6366.6666666603,0
6383.33333332695,0
6399.9999999936,0
6416.66666666025,0
6433.3333333269,0
6449.99999999355,0.239145897316515
6466.6666666602,0
6483.33333332685,0
6499.9999999935,0
6516.66666666015,0
6533.3333333268,0
6549.99999999345,0.130143363345456
6566.6666666601,0
6583.33333332675,0
6599.9999999934,0
6616.66666666005,0
6633.3333333267,0
6649.99999999335,0.0742907793239416
6666.66666666,0
6683.33333332665,0
6699.9999999933,0
6716.66666665995,0
6733.3333333266,0
6749.99999999325,0.0599093153652395
6766.6666666599,0
6783.33333332655,0
6799.9999999932,0
6816.66666665985,0
6833.3333333265,0
6849.99999999315,0.136781526132356
6866.6666666598,0
6883.33333332645,0
6899.9999999931,0
6916.66666665975,0
6933.3333333264,0
6949.99999999305,0.0621399808561225
6966.6666666597,0
6983.33333332635,0
6999.999999993,0
7016.66666665965,0
7033.3333333263,0
7049.99999999295,0.058431630087168
7066.6666666596,0
7083.33333332625,0
7099.9999999929,0
7116.66666665955,0
7133.3333333262,0
7149.99999999285,0.114001715799446
7166.6666666595,0
7183.33333332615,0
7199.9999999928,0
7216.66666665945,0
7233.3333333261,0
7249.99999999275,0.0374760672368429
7266.6666666594,0
7283.33333332605,0
7299.9999999927,0
7316.66666665935,0
7333.333333326,0
7349.99999999265,0.0337770159449454
7366.6666666593,0
7383.33333332595,0
7399.9999999926,0
7416.66666665925,0
7433.3333333259,0
7449.99999999255,0.0314056818526742
7466.6666666592,0
7483.33333332585,0
7499.9999999925,0
7516.66666665915,0
7533.3333333258,0
7549.99999999245,0.0248145415090993
7566.6666666591,0
7583.33333332575,0
7599.9999999924,0
7616.66666665905,0
7633.3333333257,0
7649.99999999235,0.0174253646930754
7666.666666659,0
7683.33333332565,0
7699.9999999923,0
7716.66666665895,0
7733.3333333256,0
7749.99999999225,0.0260081813284832
7766.6666666589,0
7783.33333332555,0
7799.9999999922,0
7816.66666665885,0
7833.3333333255,0
7849.99999999215,0.126845634497126
7866.6666666588,0
7883.33333332545,0
7899.9999999921,0
7916.66666665875,0
7933.3333333254,0
7949.99999999205,0.0159890339999115
7966.6666666587,0
7983.33333332535,0
7999.999999992,0
8016.66666665865,0
8033.3333333253,0
8049.99999999195,0.0542105584427359
8066.6666666586,0
8083.33333332525,0
8099.9999999919,0
8116.66666665855,0
8133.3333333252,0
8149.99999999185,0.0480778336399326
8166.6666666585,0
8183.33333332515,0
8199.9999999918,0
8216.66666665845,0
8233.3333333251,0
8249.99999999175,0.0211015230556731
8266.6666666584,0
8283.33333332505,0
8299.9999999917,0
8316.66666665835,0
8333.333333325,0
8349.99999999165,0.0794157449377016
8366.6666666583,0
8383.33333332495,0
8399.9999999916,0
8416.66666665825,0
8433.3333333249,0
8449.99999999155,0.0673457808508226
8466.6666666582,0
8483.33333332485,0
8499.9999999915,0
8516.66666665815,0
8533.3333333248,0
8549.99999999145,0.0578610714473725
8566.6666666581,0
8583.33333332475,0
8599.9999999914,0
8616.66666665805,0
8633.3333333247,0
8649.99999999135,0.0104246761680189
8666.666666658,0
8683.33333332465,0
8699.9999999913,0
8716.66666665795,0
8733.3333333246,0
8749.99999999125,0.0518033191816261
8766.6666666579,0
8783.33333332455,0
8799.9999999912,0
8816.66666665785,0
8833.3333333245,0
8849.99999999115,0.0199739489060043
8866.6666666578,0
8883.33333332445,0
8899.9999999911,0
8916.66666665775,0
8933.3333333244,0
8949.99999999105,0.135112507540858
8966.6666666577,0
8983.33333332435,0
8999.999999991,0
9016.66666665765,0
9033.3333333243,0
9049.99999999095,0.0111761456163735
9066.6666666576,0
9083.33333332425,0
9099.9999999909,0
9116.66666665755,0
9133.3333333242,0
9149.99999999085,0.0957143413035755
9166.6666666575,0
9183.33333332415,0
9199.9999999908,0
9216.66666665745,0
9233.3333333241,0
9249.99999999075,0.0666810886695485
9266.6666666574,0
9283.33333332405,0
9299.9999999907,0
9316.66666665735,0
9333.333333324,0
9349.99999999065,0.0657932066561213
9366.6666666573,0
9383.33333332395,0
9399.9999999906,0
9416.66666665725,0
9433.3333333239,0
9449.99999999055,0.00658212785887522
9466.6666666572,0
9483.33333332385,0
9499.9999999905,0
9516.66666665715,0
9533.3333333238,0
9549.99999999045,0.033517690583266
9566.6666666571,0
9583.33333332375,0
9599.9999999904,0
9616.66666665705,0
9633.3333333237,0
9649.99999999035,0.105930507673312
9666.666666657,0
9683.33333332365,0
9699.9999999903,0
9716.66666665695,0
9733.3333333236,0
9749.99999999025,0.0858094106854193
9766.6666666569,0
9783.33333332355,0
9799.9999999902,0
9816.66666665685,0
9833.3333333235,0
9849.99999999015,0.124961466517325
9866.6666666568,0
9883.33333332345,0
9899.9999999901,0
9916.66666665675,0
9933.3333333234,0
9949.99999999005,0.000881212144417511
9966.6666666567,0
9983.33333332335,0
9999.99999999,0
10016.6666666566,0
10033.3333333233,0
10049.9999999899,0.0533292387183253
10066.6666666566,0
10083.3333333232,0
10099.9999999899,0
10116.6666666565,0
10133.3333333232,0
10149.9999999899,0.0622731992978962
10166.6666666565,0
10183.3333333231,0
10199.9999999898,0
10216.6666666564,0
10233.3333333231,0
10249.9999999897,0.077682565460946
10266.6666666564,0
10283.333333323,0
10299.9999999897,0
10316.6666666563,0
10333.333333323,0
10349.9999999896,0.0777837439069849
10366.6666666563,0
10383.3333333229,0
10399.9999999896,0
10416.6666666562,0
10433.3333333229,0
10449.9999999895,0.0567522965708819
10466.6666666562,0
10483.3333333228,0
10499.9999999895,0
10516.6666666561,0
10533.3333333228,0
10549.9999999894,0.02984943343646
10566.6666666561,0
10583.3333333227,0
10599.9999999894,0
10616.666666656,0
10633.3333333227,0
10649.9999999893,0.0647416289764023
10666.666666656,0
10683.3333333226,0
10699.9999999893,0
10716.6666666559,0
10733.3333333226,0
10749.9999999892,0.0570322842368936
10766.6666666559,0
10783.3333333225,0
10799.9999999892,0
10816.6666666558,0
10833.3333333225,0
10849.9999999891,0.102543365297793
10866.6666666558,0
10883.3333333224,0
10899.9999999891,0
10916.6666666557,0
10933.3333333224,0
10949.999999989,0.00536914659708965
10966.6666666557,0
10983.3333333223,0
10999.999999989,0
11016.6666666556,0
11033.3333333223,0
11049.9999999889,0.0122572831832981
11066.6666666556,0
11083.3333333222,0
11099.9999999889,0
11116.6666666555,0
11133.3333333222,0
11149.9999999888,0.00273775338968972
11166.6666666555,0
11183.3333333221,0
11199.9999999888,0
11216.6666666554,0
11233.3333333221,0
11249.9999999887,0.0148234015508445
11266.6666666554,0
11283.333333322,0
11299.9999999887,0
11316.6666666553,0
11333.333333322,0
11349.9999999886,0.00760437906539069
11366.6666666553,0
11383.3333333219,0
11399.9999999886,0
11416.6666666552,0
11433.3333333219,0
11449.9999999885,0.00258512594649832
11466.6666666552,0
11483.3333333218,0
11499.9999999885,0
11516.6666666551,0
11533.3333333218,0
11549.9999999884,0.013777738790255
11566.6666666551,0
11583.3333333217,0
11599.9999999884,0
11616.666666655,0
11633.3333333217,0
11649.9999999883,0.0271072185613312
11666.666666655,0
11683.3333333216,0
11699.9999999883,0
11716.6666666549,0
11733.3333333216,0
11749.9999999882,0.0311237480302255
11766.6666666549,0
11783.3333333215,0
11799.9999999882,0
11816.6666666548,0
11833.3333333215,0
11849.9999999881,0.0585761707769547
11866.6666666548,0
11883.3333333214,0
11899.9999999881,0
11916.6666666547,0
11933.3333333214,0
11949.999999988,0.0633505149091688
11966.6666666547,0
11983.3333333213,0
11999.999999988,0
12016.6666666546,0
12033.3333333213,0
12049.9999999879,0.0216070754672811
12066.6666666546,0
12083.3333333213,0
12099.9999999879,0
12116.6666666545,0
12133.3333333212,0
12149.9999999878,0.0629455643172067
12166.6666666545,0
12183.3333333211,0
12199.9999999878,0
12216.6666666544,0
12233.3333333211,0
12249.9999999877,0.0421363079528113
12266.6666666544,0
12283.333333321,0
12299.9999999877,0
12316.6666666543,0
12333.333333321,0
12349.9999999876,0.0470327038142317
12366.6666666543,0
12383.3333333209,0
12399.9999999876,0
12416.6666666542,0
12433.3333333209,0
12449.9999999875,0.0340024020376326
12466.6666666542,0
12483.3333333208,0
12499.9999999875,0
12516.6666666541,0
12533.3333333208,0
12549.9999999874,0.0561366225793087
12566.6666666541,0
12583.3333333207,0
12599.9999999874,0
12616.666666654,0
12633.3333333207,0
12649.9999999873,0.0734361124010005
12666.666666654,0
12683.3333333206,0
12699.9999999873,0
12716.6666666539,0
12733.3333333206,0
12749.9999999872,0.00790971210693127
12766.6666666539,0
12783.3333333205,0
12799.9999999872,0
12816.6666666538,0
12833.3333333205,0
12849.9999999871,0.141776702918867
12866.6666666538,0
12883.3333333204,0
12899.9999999871,0
12916.6666666537,0
12933.3333333204,0
12949.999999987,0.0232449368919846
12966.6666666537,0
12983.3333333203,0
12999.999999987,0
13016.6666666536,0
13033.3333333203,0
13049.9999999869,0.0158262575432327
13066.6666666536,0
13083.3333333202,0
13099.9999999869,0
13116.6666666535,0
13133.3333333202,0
13149.9999999868,0.0252184345392244
13166.6666666535,0
13183.3333333201,0
13199.9999999868,0
13216.6666666534,0
13233.3333333201,0
13249.9999999867,0.0847032797107133
13266.6666666534,0
13283.33333332,0
13299.9999999867,0
13316.6666666533,0
13333.33333332,0
13349.9999999866,0.0941817073365371
13366.6666666533,0
13383.3333333199,0
13399.9999999866,0
13416.6666666532,0
13433.3333333199,0
13449.9999999865,0.0236265863681657
13466.6666666532,0
13483.3333333198,0
13499.9999999865,0
13516.6666666531,0
13533.3333333198,0
13549.9999999864,0.0260551697440608
13566.6666666531,0
13583.3333333197,0
13599.9999999864,0
13616.666666653,0
13633.3333333197,0
13649.9999999863,0.0334207515244758
13666.666666653,0
13683.3333333196,0
13699.9999999863,0
13716.6666666529,0
13733.3333333196,0
13749.9999999862,0.0387502414908622
13766.6666666529,0
13783.3333333195,0
13799.9999999862,0
13816.6666666528,0
13833.3333333195,0
13849.9999999861,0.00614301294781036
13866.6666666528,0
13883.3333333194,0
13899.9999999861,0
13916.6666666527,0
13933.3333333194,0
13949.999999986,0.0515992977072739
13966.6666666527,0
13983.3333333193,0
13999.999999986,0
14016.6666666526,0
14033.3333333193,0
14049.9999999859,0.0485495899483095
14066.6666666526,0
14083.3333333192,0
14099.9999999859,0
14116.6666666525,0
14133.3333333192,0
14149.9999999858,0.0105337947005725
14166.6666666525,0
14183.3333333191,0
14199.9999999858,0
14216.6666666524,0
14233.3333333191,0
14249.9999999857,0.00690897525320897
14266.6666666524,0
14283.333333319,0
14299.9999999857,0
14316.6666666523,0
14333.333333319,0
14349.9999999856,0.0262358837585915
14366.6666666523,0
14383.3333333189,0
14399.9999999856,0
14416.6666666522,0
14433.3333333189,0
14449.9999999855,0.00356757169231053
14466.6666666522,0
14483.3333333188,0
14499.9999999855,0
14516.6666666521,0
14533.3333333188,0
14549.9999999854,0.00328835777433936
14566.6666666521,0
14583.3333333187,0
14599.9999999854,0
14616.666666652,0
14633.3333333187,0
14649.9999999853,0.0284020506655509
14666.666666652,0
14683.3333333186,0
14699.9999999853,0
14716.6666666519,0
14733.3333333186,0
14749.9999999852,0.022225849156462
14766.6666666519,0
14783.3333333185,0
14799.9999999852,0
14816.6666666518,0
14833.3333333185,0
14849.9999999851,0.0785628006787745
14866.6666666518,0
14883.3333333184,0
14899.9999999851,0
14916.6666666517,0
14933.3333333184,0
14949.999999985,0.00747257791065692
14966.6666666517,0
14983.3333333183,0
14999.999999985,0
15016.6666666516,0
15033.3333333183,0
15049.9999999849,0.0287423290612191
15066.6666666516,0
15083.3333333182,0
15099.9999999849,0
15116.6666666515,0
15133.3333333182,0
15149.9999999848,0.00987829792041864
15166.6666666515,0
15183.3333333181,0
15199.9999999848,0
15216.6666666514,0
15233.3333333181,0
15249.9999999847,0.00512146634964475
15266.6666666514,0
15283.333333318,0
15299.9999999847,0
15316.6666666513,0
15333.333333318,0
15349.9999999846,0.0440392375304673
15366.6666666513,0
15383.3333333179,0
15399.9999999846,0
15416.6666666512,0
15433.3333333179,0
15449.9999999845,0.0945420078489925
15466.6666666512,0
15483.3333333178,0
15499.9999999845,0
15516.6666666511,0
15533.3333333178,0
15549.9999999844,0.00600800206566855
15566.6666666511,0
15583.3333333177,0
15599.9999999844,0
15616.666666651,0
15633.3333333177,0
15649.9999999843,0.0862376692230365
15666.666666651,0
15683.3333333176,0
15699.9999999843,0
15716.6666666509,0
15733.3333333176,0
15749.9999999842,0.073358448739882
15766.6666666509,0
15783.3333333175,0
15799.9999999842,0
15816.6666666508,0
15833.3333333175,0
15849.9999999841,0.0177936801038718
15866.6666666508,0
15883.3333333174,0
15899.9999999841,0
15916.6666666507,0
15933.3333333174,0
15949.999999984,0.024850786056347
15966.6666666507,0
15983.3333333173,0
15999.999999984,0
16016.6666666506,0
16033.3333333173,0
16049.9999999839,0.0469970872322262
16066.6666666506,0
16083.3333333172,0
16099.9999999839,0
16116.6666666505,0
16133.3333333172,0
16149.9999999838,0.00457857974999095
16166.6666666505,0
16183.3333333171,0
16199.9999999838,0
16216.6666666504,0
16233.3333333171,0
16249.9999999837,0.00512023556794391
16266.6666666504,0
16283.333333317,0
16299.9999999837,0
16316.6666666503,0
16333.333333317,0
16349.9999999836,0.0595307242797697
16366.6666666503,0
16383.3333333169,0
16399.9999999836,0
16416.6666666502,0
16433.3333333169,0
16449.9999999835,0.0541497175774397
16466.6666666502,0
16483.3333333168,0
16499.9999999835,0
16516.6666666501,0
16533.3333333168,0
16549.9999999834,0.0381763937227062
16566.6666666501,0
16583.3333333167,0
16599.9999999834,0
16616.66666665,0
16633.3333333167,0
16649.9999999833,0.0495554637345448
16666.66666665,0
16683.3333333166,0
16699.9999999833,0
16716.6666666499,0
16733.3333333166,0
16749.9999999832,0.0612502590814544
16766.6666666499,0
16783.3333333166,0
16799.9999999832,0
16816.6666666498,0
16833.3333333165,0
16849.9999999831,0.00843149947800093
16866.6666666498,0
16883.3333333164,0
16899.9999999831,0
16916.6666666497,0
16933.3333333164,0
16949.999999983,0.0638511299146424
16966.6666666497,0
16983.3333333163,0
16999.999999983,0
17016.6666666496,0
17033.3333333163,0
17049.9999999829,0.014508292285721
17066.6666666496,0
17083.3333333162,0
17099.9999999829,0
17116.6666666495,0
17133.3333333162,0
17149.9999999828,0.0404293507224454
17166.6666666495,0
17183.3333333161,0
17199.9999999828,0
17216.6666666494,0
17233.3333333161,0
17249.9999999827,0.0157839719480332
17266.6666666494,0
17283.333333316,0
17299.9999999827,0
17316.6666666493,0
17333.333333316,0
17349.9999999826,0.0224337723686273
17366.6666666493,0
17383.3333333159,0
17399.9999999826,0
17416.6666666492,0
17433.3333333159,0
17449.9999999825,0.028796634488479
17466.6666666492,0
17483.3333333158,0
17499.9999999825,0
17516.6666666491,0
17533.3333333158,0
17549.9999999824,0.00275452537429656
17566.6666666491,0
17583.3333333157,0
17599.9999999824,0
17616.666666649,0
17633.3333333157,0
17649.9999999823,0.0507061559397417
17666.666666649,0
17683.3333333156,0
17699.9999999823,0
17716.6666666489,0
17733.3333333156,0
17749.9999999822,0.0207587258991678
17766.6666666489,0
17783.3333333155,0
17799.9999999822,0
17816.6666666488,0
17833.3333333155,0
17849.9999999821,0.0342666637437577
17866.6666666488,0
17883.3333333154,0
17899.9999999821,0
17916.6666666488,0
17933.3333333154,0
17949.999999982,0.0464320883160893
17966.6666666487,0
17983.3333333153,0
17999.999999982,0
18016.6666666486,0
18033.3333333153,0
18049.9999999819,0.0236282944912747
18066.6666666486,0
18083.3333333152,0
18099.9999999819,0
18116.6666666485,0
18133.3333333152,0
18149.9999999819,0.0202541803843331
18166.6666666485,0
18183.3333333151,0
18199.9999999818,0
18216.6666666484,0
18233.3333333151,0
18249.9999999817,0.059463792728333
18266.6666666484,0
18283.333333315,0
18299.9999999817,0
18316.6666666483,0
18333.333333315,0
18349.9999999816,0.0444747237415208
18366.6666666483,0
18383.3333333149,0
18399.9999999816,0
18416.6666666482,0
18433.3333333149,0
18449.9999999815,0.0380730313995113
18466.6666666482,0
18483.3333333148,0
18499.9999999815,0
18516.6666666482,0
18533.3333333148,0
18549.9999999814,0.0839110489026522
18566.6666666481,0
18583.3333333147,0
18599.9999999814,0
18616.666666648,0
18633.3333333147,0
18649.9999999813,0.043504169165623
18666.666666648,0
18683.3333333146,0
18699.9999999813,0
18716.6666666479,0
18733.3333333146,0
18749.9999999812,0.018855404369894
18766.6666666479,0
18783.3333333145,0
18799.9999999812,0
18816.6666666478,0
18833.3333333145,0
18849.9999999811,0.0132980766588621
18866.6666666478,0
18883.3333333144,0
18899.9999999811,0
18916.6666666477,0
18933.3333333144,0
18949.999999981,0.0508480322458775
18966.6666666477,0
18983.3333333143,0
18999.999999981,0
19016.6666666476,0
19033.3333333143,0
19049.9999999809,0.01365601887457
19066.6666666476,0
19083.3333333142,0
19099.9999999809,0
19116.6666666476,0
19133.3333333142,0
19149.9999999808,0.0418579785328488
19166.6666666475,0
19183.3333333141,0
19199.9999999808,0
19216.6666666474,0
19233.3333333141,0
19249.9999999807,0.0024385076755205
19266.6666666474,0
19283.3333333141,0
19299.9999999807,0
19316.6666666473,0
19333.333333314,0
19349.9999999806,0.0210513269272021
19366.6666666473,0
19383.3333333139,0
19399.9999999806,0
19416.6666666472,0
19433.3333333139,0
19449.9999999805,0.0125491553994206
19466.6666666472,0
19483.3333333138,0
19499.9999999805,0
19516.6666666471,0
19533.3333333138,0
19549.9999999804,0.0094401647467949
19566.6666666471,0
19583.3333333137,0
19599.9999999804,0
19616.666666647,0
19633.3333333137,0
19649.9999999803,0.0634239761353935
19666.666666647,0
19683.3333333136,0
19699.9999999803,0
19716.666666647,0
19733.3333333136,0
19749.9999999802,0.0439751742369895
19766.6666666469,0
19783.3333333135,0
19799.9999999802,0
19816.6666666468,0
19833.3333333135,0
19849.9999999801,0.000850279789790063
19866.6666666468,0
19883.3333333135,0
19899.9999999801,0
19916.6666666467,0
19933.3333333134,0
19949.99999998,0.0805260299022157
19966.6666666467,0
19983.3333333133,0
19999.99999998,0
20016.6666666466,0
20033.3333333133,0
20049.9999999799,0.0336877179133733
20066.6666666466,0
20083.3333333132,0
20099.9999999799,0
20116.6666666465,0
20133.3333333132,0
20149.9999999798,0.0627037949546889
20166.6666666465,0
20183.3333333131,0
20199.9999999798,0
20216.6666666464,0
20233.3333333131,0
20249.9999999797,0.0205418537833413
20266.6666666464,0
20283.333333313,0
20299.9999999797,0
20316.6666666463,0
20333.333333313,0
20349.9999999796,0.0225233558784077
20366.6666666463,0
20383.3333333129,0
20399.9999999796,0
20416.6666666462,0
20433.3333333129,0
20449.9999999795,0.040851422187634
20466.6666666462,0
20483.3333333129,0
20499.9999999795,0
20516.6666666461,0
20533.3333333128,0
20549.9999999794,0.0216420803532504
20566.6666666461,0
20583.3333333127,0
20599.9999999794,0
20616.666666646,0
20633.3333333127,0
20649.9999999793,0.0199638448259385
20666.666666646,0
20683.3333333126,0
20699.9999999793,0
20716.6666666459,0
20733.3333333126,0
20749.9999999792,0.0187260426695808
20766.6666666459,0
20783.3333333125,0
20799.9999999792,0
20816.6666666458,0
20833.3333333125,0
20849.9999999791,0.014702655298184
20866.6666666458,0
20883.3333333124,0
20899.9999999791,0
20916.6666666457,0
20933.3333333124,0
20949.999999979,0.0310984938224713
20966.6666666457,0
20983.3333333123,0
20999.999999979,0
21016.6666666456,0
21033.3333333123,0
21049.9999999789,0.00129611838486245
21066.6666666456,0
21083.3333333123,0
21099.9999999789,0
21116.6666666455,0
21133.3333333122,0
21149.9999999788,0.0764683718795019
21166.6666666455,0
21183.3333333121,0
21199.9999999788,0
21216.6666666454,0
21233.3333333121,0
21249.9999999788,0.00914231342876853
21266.6666666454,0
21283.333333312,0
21299.9999999787,0
21316.6666666453,0
21333.333333312,0
21349.9999999786,0.0782094533713942
21366.6666666453,0
21383.3333333119,0
21399.9999999786,0
21416.6666666452,0
21433.3333333119,0
21449.9999999785,0.050769756417558
21466.6666666452,0
21483.3333333118,0
21499.9999999785,0
21516.6666666451,0
21533.3333333118,0
21549.9999999784,0.00358580802826614
21566.6666666451,0
21583.3333333117,0
21599.9999999784,0
21616.666666645,0
21633.3333333117,0
21649.9999999783,0.00236992368532203
21666.666666645,0
21683.3333333116,0
21699.9999999783,0
21716.6666666449,0
21733.3333333116,0
21749.9999999782,0.0382765572521352
21766.6666666449,0
21783.3333333115,0
21799.9999999782,0
21816.6666666448,0
21833.3333333115,0
21849.9999999782,0.0660634964440575
21866.6666666448,0
21883.3333333114,0
21899.9999999781,0
21916.6666666447,0
21933.3333333114,0
21949.999999978,0.0141585075595202
21966.6666666447,0
21983.3333333113,0
21999.999999978,0
22016.6666666446,0
22033.3333333113,0
22049.9999999779,0.0121158343814877
22066.6666666446,0
22083.3333333112,0
22099.9999999779,0
22116.6666666445,0
22133.3333333112,0
22149.9999999778,0.041745548050353
22166.6666666445,0
22183.3333333111,0
22199.9999999778,0
22216.6666666444,0
22233.3333333111,0
22249.9999999777,0.00449800982587283
22266.6666666444,0
22283.333333311,0
22299.9999999777,0
22316.6666666443,0
22333.333333311,0
22349.9999999776,0.00631880354738397
22366.6666666443,0
22383.3333333109,0
22399.9999999776,0
22416.6666666442,0
22433.3333333109,0
22449.9999999776,0.0280889280328589
22466.6666666442,0
22483.3333333108,0
22499.9999999775,0
22516.6666666441,0
22533.3333333108,0
22549.9999999774,0.0144025346793173
22566.6666666441,0
22583.3333333107,0
22599.9999999774,0
22616.666666644,0
22633.3333333107,0
22649.9999999773,0.0198114503017668
22666.666666644,0
22683.3333333106,0
22699.9999999773,0
22716.6666666439,0
22733.3333333106,0
22749.9999999772,0.0055752949813344
22766.6666666439,0
22783.3333333105,0
22799.9999999772,0
22816.6666666438,0
22833.3333333105,0
22849.9999999771,0.00547366391218766
22866.6666666438,0
22883.3333333104,0
22899.9999999771,0
22916.6666666437,0
22933.3333333104,0
22949.999999977,0.0488650879729643
22966.6666666437,0
22983.3333333103,0
22999.999999977,0
23016.6666666436,0
23033.3333333103,0
23049.9999999769,0.00904596583271809
23066.6666666436,0
23083.3333333102,0
23099.9999999769,0
23116.6666666435,0
23133.3333333102,0
23149.9999999768,0.0845298692528616
23166.6666666435,0
23183.3333333101,0
23199.9999999768,0
23216.6666666435,0
23233.3333333101,0
23249.9999999767,0.0279566863961487
23266.6666666434,0
23283.33333331,0
23299.9999999767,0
23316.6666666433,0
23333.33333331,0
23349.9999999766,0.0181943422081638
23366.6666666433,0
23383.3333333099,0
23399.9999999766,0
23416.6666666432,0
23433.3333333099,0
23449.9999999765,0.0635014722891429
23466.6666666432,0
23483.3333333098,0
23499.9999999765,0
23516.6666666431,0
23533.3333333098,0
23549.9999999764,0.0822299523848958
23566.6666666431,0
23583.3333333097,0
23599.9999999764,0
23616.666666643,0
23633.3333333097,0
23649.9999999763,0.0174165388124737
23666.666666643,0
23683.3333333096,0
23699.9999999763,0
23716.6666666429,0
23733.3333333096,0
23749.9999999762,0.00283905678674953
23766.6666666429,0
23783.3333333095,0
23799.9999999762,0
23816.6666666429,0
23833.3333333095,0
23849.9999999761,0.0322424517916289
23866.6666666428,0
23883.3333333094,0
23899.9999999761,0
23916.6666666427,0
23933.3333333094,0
23949.999999976,0.0058510515368642
23966.6666666427,0
23983.3333333093,0
23999.999999976,0
24016.6666666426,0
24033.3333333093,0
24049.9999999759,0.0355490386425912
24066.6666666426,0
24083.3333333092,0
24099.9999999759,0
24116.6666666425,0
24133.3333333092,0
24149.9999999758,0.0670572000618035
24166.6666666425,0
24183.3333333091,0
24199.9999999758,0
24216.6666666424,0
24233.3333333091,0
24249.9999999757,0.0370796367708023
24266.6666666424,0
24283.333333309,0
24299.9999999757,0
24316.6666666423,0
24333.333333309,0
24349.9999999756,0.0335860764246147
24366.6666666423,0
24383.3333333089,0
24399.9999999756,0
24416.6666666422,0
24433.3333333089,0
24449.9999999755,0.0118912791926042
24466.6666666422,0
24483.3333333088,0
24499.9999999755,0
24516.6666666421,0
24533.3333333088,0
24549.9999999754,0.0335162944238878
24566.6666666421,0
24583.3333333087,0
24599.9999999754,0
24616.666666642,0
24633.3333333087,0
24649.9999999753,0.0755143234580223
24666.666666642,0
24683.3333333086,0
24699.9999999753,0
24716.6666666419,0
24733.3333333086,0
24749.9999999752,0.0257772218143595
24766.6666666419,0
24783.3333333085,0
24799.9999999752,0
24816.6666666418,0
24833.3333333085,0
24849.9999999751,0.0191180555500477
24866.6666666418,0
24883.3333333084,0
24899.9999999751,0
24916.6666666417,0
24933.3333333084,0
24949.999999975,0.00455871846647008
24966.6666666417,0
24983.3333333083,0
24999.999999975,0
25016.6666666416,0
25033.3333333083,0
25049.9999999749,0.0635813710267318
25066.6666666416,0
25083.3333333082,0
25099.9999999749,0
25116.6666666415,0
25133.3333333082,0
25149.9999999748,0.01908630270266
25166.6666666415,0
25183.3333333082,0
25199.9999999748,0
25216.6666666414,0
25233.3333333081,0
25249.9999999747,0.0217227618849995
25266.6666666414,0
25283.333333308,0
25299.9999999747,0
25316.6666666413,0
25333.333333308,0
25349.9999999746,0.00943882115479619
25366.6666666413,0
25383.3333333079,0
25399.9999999746,0
25416.6666666412,0
25433.3333333079,0
25449.9999999745,0.0204537779337852
25466.6666666412,0
25483.3333333078,0
25499.9999999745,0
25516.6666666411,0
25533.3333333078,0
25549.9999999744,0.0324516363830584
25566.6666666411,0
25583.3333333077,0
25599.9999999744,0
25616.666666641,0
25633.3333333077,0
25649.9999999743,0.0163147027204207
25666.666666641,0
25683.3333333076,0
25699.9999999743,0
25716.6666666409,0
25733.3333333076,0
25749.9999999742,0.000711548372172949
25766.6666666409,0
25783.3333333075,0
25799.9999999742,0
25816.6666666408,0
25833.3333333075,0
25849.9999999741,0.0283803995862271
25866.6666666408,0
25883.3333333074,0
25899.9999999741,0
25916.6666666407,0
25933.3333333074,0
25949.999999974,0.004310935786706
25966.6666666407,0
25983.3333333073,0
25999.999999974,0
26016.6666666406,0
26033.3333333073,0
26049.9999999739,0.0247559441936193
26066.6666666406,0
26083.3333333072,0
26099.9999999739,0
26116.6666666405,0
26133.3333333072,0
26149.9999999738,0.0756395020724892
26166.6666666405,0
26183.3333333071,0
26199.9999999738,0
26216.6666666404,0
26233.3333333071,0
26249.9999999737,0.00697721166468098
26266.6666666404,0
26283.333333307,0
26299.9999999737,0
26316.6666666403,0
26333.333333307,0
26349.9999999736,0.00583332701453663
26366.6666666403,0
26383.3333333069,0
26399.9999999736,0
26416.6666666402,0
26433.3333333069,0
26449.9999999735,0.039715869149243
26466.6666666402,0
26483.3333333068,0
26499.9999999735,0
26516.6666666401,0
26533.3333333068,0
26549.9999999734,0.0728554121498818
26566.6666666401,0
26583.3333333067,0
26599.9999999734,0
26616.66666664,0
26633.3333333067,0
26649.9999999733,0.0475496459107999
26666.66666664,0
26683.3333333066,0
26699.9999999733,0
26716.6666666399,0
26733.3333333066,0
26749.9999999732,0.0619874398600847
26766.6666666399,0
26783.3333333065,0
26799.9999999732,0
26816.6666666398,0
26833.3333333065,0
26849.9999999731,0.0478071260036179
26866.6666666398,0
26883.3333333064,0
26899.9999999731,0
26916.6666666397,0
26933.3333333064,0
26949.999999973,0.0210332430805772
26966.6666666397,0
26983.3333333063,0
26999.999999973,0
27016.6666666396,0
27033.3333333063,0
27049.9999999729,0.0870792224051394
27066.6666666396,0
27083.3333333062,0
27099.9999999729,0
27116.6666666395,0
27133.3333333062,0
27149.9999999728,0.0051665511610924
27166.6666666395,0
27183.3333333061,0
27199.9999999728,0
27216.6666666394,0
27233.3333333061,0
27249.9999999727,0.0358853075608518
27266.6666666394,0
27283.333333306,0
27299.9999999727,0
27316.6666666393,0
27333.333333306,0
27349.9999999726,0.020093417032949
27366.6666666393,0
27383.3333333059,0
27399.9999999726,0
27416.6666666392,0
27433.3333333059,0
27449.9999999725,0.0655244792518183
27466.6666666392,0
27483.3333333058,0
27499.9999999725,0
27516.6666666391,0
27533.3333333058,0
27549.9999999724,0.07141055404196
27566.6666666391,0
27583.3333333057,0
27599.9999999724,0
27616.666666639,0
27633.3333333057,0
27649.9999999723,0.00691502381518679
27666.666666639,0
27683.3333333056,0
27699.9999999723,0
27716.6666666389,0
27733.3333333056,0
27749.9999999722,0.0245218416502434
27766.6666666389,0
27783.3333333055,0
27799.9999999722,0
27816.6666666388,0
27833.3333333055,0
27849.9999999721,0.0391547653728082
27866.6666666388,0
27883.3333333054,0
27899.9999999721,0
27916.6666666387,0
27933.3333333054,0
27949.999999972,0.0470435712886971
27966.6666666387,0
27983.3333333053,0
27999.999999972,0
28016.6666666386,0
28033.3333333053,0
28049.9999999719,0.0202801800708838
28066.6666666386,0
28083.3333333052,0
28099.9999999719,0
28116.6666666385,0
28133.3333333052,0
28149.9999999718,0.0418349028290995
28166.6666666385,0
28183.3333333051,0
28199.9999999718,0
28216.6666666384,0
28233.3333333051,0
28249.9999999717,0.0528876543758315
28266.6666666384,0
28283.333333305,0
28299.9999999717,0
28316.6666666383,0
28333.333333305,0
28349.9999999716,0.0388636784294542
28366.6666666383,0
28383.3333333049,0
28399.9999999716,0
28416.6666666382,0
28433.3333333049,0
28449.9999999715,0.00147641344636353
28466.6666666382,0
28483.3333333048,0
28499.9999999715,0
28516.6666666381,0
28533.3333333048,0
28549.9999999714,0.0311849816283656
28566.6666666381,0
28583.3333333047,0
28599.9999999714,0
28616.666666638,0
28633.3333333047,0
28649.9999999713,0.0202884522701479
28666.666666638,0
28683.3333333046,0
28699.9999999713,0
28716.6666666379,0
28733.3333333046,0
28749.9999999712,0.00546623251058771
28766.6666666379,0
28783.3333333045,0
28799.9999999712,0
28816.6666666378,0
28833.3333333045,0
28849.9999999711,0.00208945717464559
28866.6666666378,0
28883.3333333044,0
28899.9999999711,0
28916.6666666377,0
28933.3333333044,0
28949.999999971,0.00908200213870357
28966.6666666377,0
28983.3333333043,0
28999.999999971,0
29016.6666666376,0
29033.3333333043,0
29049.9999999709,0.0655702594494538
29066.6666666376,0
29083.3333333042,0
29099.9999999709,0
29116.6666666375,0
29133.3333333042,0
29149.9999999708,0.0445732355419224
29166.6666666375,0
29183.3333333041,0
29199.9999999708,0
29216.6666666374,0
29233.3333333041,0
29249.9999999707,0.0139580140730312
29266.6666666374,0
29283.333333304,0
29299.9999999707,0
29316.6666666373,0
29333.333333304,0
29349.9999999706,0.000483259826827517
29366.6666666373,0
29383.3333333039,0
29399.9999999706,0
29416.6666666372,0
29433.3333333039,0
29449.9999999705,0.00496315426540226
29466.6666666372,0
29483.3333333038,0
29499.9999999705,0
29516.6666666371,0
29533.3333333038,0
29549.9999999704,0.0299208102428946
29566.6666666371,0
29583.3333333037,0
29599.9999999704,0
29616.666666637,0
29633.3333333037,0
29649.9999999703,0.0110547872208186
29666.666666637,0
29683.3333333036,0
29699.9999999703,0
29716.6666666369,0
29733.3333333036,0
29749.9999999702,0.0649993622666565
29766.6666666369,0
29783.3333333035,0
29799.9999999702,0
29816.6666666368,0
29833.3333333035,0
29849.9999999701,0.0587610643469664
29866.6666666368,0
29883.3333333034,0
29899.9999999701,0
29916.6666666367,0
29933.3333333034,0
29949.99999997,0.0460558328901653
29966.6666666367,0
29983.3333333033,0
29999.99999997,0
30016.6666666366,0
30033.3333333033,0
30049.9999999699,0.0948793369713657
30066.6666666366,0
30083.3333333032,0
30099.9999999699,0
30116.6666666365,0
30133.3333333032,0
30149.9999999698,0.0152723079127342
30166.6666666365,0
30183.3333333031,0
30199.9999999698,0
30216.6666666364,0
30233.3333333031,0
30249.9999999697,0.117928348785651
30266.6666666364,0
30283.333333303,0
30299.9999999697,0
30316.6666666363,0
30333.333333303,0
30349.9999999696,0.0905284119530442
30366.6666666363,0
30383.3333333029,0
30399.9999999696,0
30416.6666666362,0
30433.3333333029,0
30449.9999999695,0.040733135526212
30466.6666666362,0
30483.3333333028,0
30499.9999999695,0
30516.6666666361,0
30533.3333333028,0
30549.9999999694,0.0346056463654703
30566.6666666361,0
30583.3333333027,0
30599.9999999694,0
30616.666666636,0
30633.3333333027,0
30649.9999999693,0.0297662159244613
30666.666666636,0
30683.3333333026,0
30699.9999999693,0
30716.6666666359,0
30733.3333333026,0
30749.9999999692,0.0704863155699342
30766.6666666359,0
30783.3333333025,0
30799.9999999692,0
30816.6666666358,0
30833.3333333025,0
30849.9999999691,0.0284210731987651
30866.6666666358,0
30883.3333333024,0
30899.9999999691,0
30916.6666666357,0
30933.3333333024,0
30949.999999969,0.0038318759563324
30966.6666666357,0
30983.3333333023,0
30999.999999969,0
31016.6666666356,0
31033.3333333023,0
31049.9999999689,0.00682633730657255
31066.6666666356,0
31083.3333333022,0
31099.9999999689,0
31116.6666666355,0
31133.3333333022,0
31149.9999999688,0.115240444350061
31166.6666666355,0
31183.3333333021,0
31199.9999999688,0
31216.6666666354,0
31233.3333333021,0
31249.9999999687,0.00427910022070215
31266.6666666354,0
31283.333333302,0
31299.9999999687,0
31316.6666666353,0
31333.333333302,0
31349.9999999686,0.0230233103714551
31366.6666666353,0
31383.3333333019,0
31399.9999999686,0
31416.6666666352,0
31433.3333333019,0
31449.9999999685,0.0245737913662337
31466.6666666352,0
31483.3333333018,0
31499.9999999685,0
31516.6666666351,0
31533.3333333018,0
31549.9999999684,0.0198191437919948
31566.6666666351,0
31583.3333333017,0
31599.9999999684,0
31616.666666635,0
31633.3333333017,0
31649.9999999683,0.0202957557348373
31666.666666635,0
31683.3333333016,0
31699.9999999683,0
31716.6666666349,0
31733.3333333016,0
31749.9999999682,0.00933353348122644
31766.6666666349,0
31783.3333333015,0
31799.9999999682,0
31816.6666666348,0
31833.3333333015,0
31849.9999999681,0.0286661657148037
31866.6666666348,0
31883.3333333014,0
31899.9999999681,0
31916.6666666347,0
31933.3333333014,0
31949.999999968,0.0162245143420921
31966.6666666347,0
31983.3333333013,0
31999.999999968,0
32016.6666666346,0
32033.3333333013,0
32049.9999999679,0.0482059598369297
32066.6666666346,0
32083.3333333012,0
32099.9999999679,0
32116.6666666345,0
32133.3333333012,0
32149.9999999678,0.0461468723617309
32166.6666666345,0
32183.3333333011,0
32199.9999999678,0
32216.6666666344,0
32233.3333333011,0
32249.9999999677,0.0503712685041918
32266.6666666344,0
32283.333333301,0
32299.9999999677,0
32316.6666666343,0
32333.333333301,0
32349.9999999676,0.00159800902800084
32366.6666666343,0
32383.3333333009,0
32399.9999999676,0
32416.6666666342,0
32433.3333333009,0
32449.9999999675,0.00186652145184614
32466.6666666342,0
32483.3333333008,0
32499.9999999675,0
32516.6666666341,0
32533.3333333008,0
32549.9999999674,0.0123223426996898
32566.6666666341,0
32583.3333333007,0
32599.9999999674,0
32616.666666634,0
32633.3333333007,0
32649.9999999673,0.0338125547434328
32666.666666634,0
32683.3333333006,0
32699.9999999673,0
32716.6666666339,0
32733.3333333006,0
32749.9999999672,0.0271283603560357
32766.6666666339,0
32783.3333333006,0
32799.9999999672,0
32816.6666666338,0
32833.3333333005,0
32849.9999999671,0.00158596995996645
32866.6666666338,0
32883.3333333004,0
32899.9999999671,0
32916.6666666337,0
32933.3333333004,0
32949.999999967,0.0452978183492505
32966.6666666337,0
32983.3333333003,0
32999.999999967,0
33016.6666666336,0
33033.3333333003,0
33049.9999999669,0.105181326089294
33066.6666666336,0
33083.3333333002,0
33099.9999999669,0
33116.6666666335,0
33133.3333333002,0
33149.9999999668,0.0255710250034432
33166.6666666335,0
33183.3333333001,0
33199.9999999668,0
33216.6666666334,0
33233.3333333001,0
33249.9999999667,0.104726082866288
33266.6666666334,0
33283.3333333,0
33299.9999999667,0
33316.6666666333,0
33333.3333333,0
33349.9999999666,0.118081238961303
33366.6666666333,0
33383.3333332999,0
33399.9999999666,0
33416.6666666332,0
33433.3333332999,0
33449.9999999665,0.147670161583116
33466.6666666332,0
33483.3333332998,0
33499.9999999665,0
33516.6666666331,0
33533.3333332998,0
33549.9999999664,0.102193396968035
33566.6666666331,0
33583.3333332997,0
33599.9999999664,0
33616.666666633,0
33633.3333332997,0
33649.9999999663,0.134544980935564
33666.666666633,0
33683.3333332996,0
33699.9999999663,0
33716.6666666329,0
33733.3333332996,0
33749.9999999662,0.027112668328163
33766.6666666329,0
33783.3333332995,0
33799.9999999662,0
33816.6666666328,0
33833.3333332995,0
33849.9999999661,0.00782931408990296
33866.6666666328,0
33883.3333332994,0
33899.9999999661,0
33916.6666666328,0
33933.3333332994,0
33949.999999966,0.0916832976639247
33966.6666666327,0
33983.3333332993,0
33999.999999966,0
34016.6666666326,0
34033.3333332993,0
34049.9999999659,0.112695925075891
34066.6666666326,0
34083.3333332992,0
34099.9999999659,0
34116.6666666325,0
34133.3333332992,0
34149.9999999658,0.073343369152193
34166.6666666325,0
34183.3333332991,0
34199.9999999658,0
34216.6666666324,0
34233.3333332991,0
34249.9999999657,0.0166522611675653
34266.6666666324,0
34283.333333299,0
34299.9999999657,0
34316.6666666323,0
34333.333333299,0
34349.9999999656,0.0489820162600547
34366.6666666323,0
34383.3333332989,0
34399.9999999656,0
34416.6666666322,0
34433.3333332989,0
34449.9999999655,0.0135178248132708
34466.6666666322,0
34483.3333332988,0
34499.9999999655,0
34516.6666666321,0
34533.3333332988,0
34549.9999999654,0.0147219504940684
34566.6666666321,0
34583.3333332987,0
34599.9999999654,0
34616.666666632,0
34633.3333332987,0
34649.9999999653,0.0362743823030401
34666.666666632,0
34683.3333332986,0
34699.9999999653,0
34716.6666666319,0
34733.3333332986,0
34749.9999999653,0.0499151989103077
34766.6666666319,0
34783.3333332985,0
34799.9999999652,0
34816.6666666318,0
34833.3333332985,0
34849.9999999651,0.0456793462544137
34866.6666666318,0
34883.3333332984,0
34899.9999999651,0
34916.6666666317,0
34933.3333332984,0
34949.999999965,0.0101190584116278
34966.6666666317,0
34983.3333332983,0
34999.999999965,0
35016.6666666316,0
35033.3333332983,0
35049.9999999649,0.0557923522837047
35066.6666666316,0
35083.3333332982,0
35099.9999999649,0
35116.6666666316,0
35133.3333332982,0
35149.9999999648,0.100276356324363
35166.6666666315,0
35183.3333332981,0
35199.9999999648,0
35216.6666666314,0
35233.3333332981,0
35249.9999999647,0.0392364267596036
35266.6666666314,0
35283.333333298,0
35299.9999999647,0
35316.6666666313,0
35333.333333298,0
35349.9999999646,0.00580206066854508
35366.6666666313,0
35383.3333332979,0
35399.9999999646,0
35416.6666666312,0
35433.3333332979,0
35449.9999999645,0.0330745091860684
35466.6666666312,0
35483.3333332978,0
35499.9999999645,0
35516.6666666311,0
35533.3333332978,0
35549.9999999644,0.0486297242971782
35566.6666666311,0
35583.3333332977,0
35599.9999999644,0
35616.666666631,0
35633.3333332977,0
35649.9999999643,0.0323397988201874
35666.666666631,0
35683.3333332976,0
35699.9999999643,0
35716.6666666309,0
35733.3333332976,0
35749.9999999642,0.00582265911821636
35766.6666666309,0
35783.3333332975,0
35799.9999999642,0
35816.6666666308,0
35833.3333332975,0
35849.9999999641,0.073424294927486
35866.6666666308,0
35883.3333332974,0
35899.9999999641,0
35916.6666666307,0
35933.3333332974,0
35949.999999964,0.0417543177983737
35966.6666666307,0
35983.3333332973,0
35999.999999964,0
36016.6666666306,0
36033.3333332973,0
36049.9999999639,0.0752383837343596
36066.6666666306,0
36083.3333332972,0
36099.9999999639,0
36116.6666666305,0
36133.3333332972,0
36149.9999999638,0.101854209418384
36166.6666666305,0
36183.3333332972,0
36199.9999999638,0
36216.6666666304,0
36233.3333332971,0
36249.9999999637,0.119318610659204
36266.6666666304,0
36283.333333297,0
36299.9999999637,0
36316.6666666303,0
36333.333333297,0
36349.9999999636,0.0390633134476832
36366.6666666303,0
36383.3333332969,0
36399.9999999636,0
36416.6666666302,0
36433.3333332969,0
36449.9999999635,0.0855746180449869
36466.6666666302,0
36483.3333332968,0
36499.9999999635,0
36516.6666666301,0
36533.3333332968,0
36549.9999999634,0.128685999754529
36566.6666666301,0
36583.3333332967,0
36599.9999999634,0
36616.66666663,0
36633.3333332967,0
36649.9999999633,0.310800738217583
36666.66666663,0
36683.3333332967,0
36699.9999999633,0
36716.6666666299,0
36733.3333332966,0
36749.9999999632,0.225018774980165
36766.6666666299,0
36783.3333332965,0
36799.9999999632,0
36816.6666666298,0
36833.3333332965,0
36849.9999999631,0.361550892340752
36866.6666666298,0
36883.3333332964,0
36899.9999999631,0
36916.6666666297,0
36933.3333332964,0
36949.999999963,0.162977477798054
36966.6666666297,0
36983.3333332963,0
36999.999999963,0
37016.6666666297,0
37033.3333332963,0
37049.9999999629,0.0765148565731656
37066.6666666296,0
37083.3333332962,0
37099.9999999629,0
37116.6666666295,0
37133.3333332962,0
37149.9999999628,0.0387125591092858
37166.6666666295,0
37183.3333332961,0
37199.9999999628,0
37216.6666666294,0
37233.3333332961,0
37249.9999999627,0.142064977805089
37266.6666666294,0
37283.333333296,0
37299.9999999627,0
37316.6666666293,0
37333.333333296,0
37349.9999999626,0.00773842783937863
37366.6666666293,0
37383.333333296,0
37399.9999999626,0
37416.6666666292,0
37433.3333332959,0
37449.9999999625,0.0573358537491539
37466.6666666292,0
37483.3333332958,0
37499.9999999625,0
37516.6666666291,0
37533.3333332958,0
37549.9999999624,0.0931952244206715
37566.6666666291,0
37583.3333332957,0
37599.9999999624,0
37616.666666629,0
37633.3333332957,0
37649.9999999623,0.00372723852531131
37666.666666629,0
37683.3333332956,0
37699.9999999623,0
37716.6666666289,0
37733.3333332956,0
37749.9999999622,0.0612062655509434
37766.6666666289,0
37783.3333332955,0
37799.9999999622,0
37816.6666666288,0
37833.3333332955,0
37849.9999999622,0.16237061169266
37866.6666666288,0
37883.3333332954,0
37899.9999999621,0
37916.6666666287,0
37933.3333332954,0
37949.999999962,0.121338498911362
37966.6666666287,0
37983.3333332953,0
37999.999999962,0
38016.6666666286,0
38033.3333332953,0
38049.9999999619,0.124483590913913
38066.6666666286,0
38083.3333332952,0
38099.9999999619,0
38116.6666666285,0
38133.3333332952,0
38149.9999999618,0.268335735336048
38166.6666666285,0
38183.3333332951,0
38199.9999999618,0
38216.6666666285,0
38233.3333332951,0
38249.9999999617,0.150221490945085
38266.6666666284,0
38283.333333295,0
38299.9999999617,0
38316.6666666283,0
38333.333333295,0
38349.9999999616,0.0188222452954572
38366.6666666283,0
38383.3333332949,0
38399.9999999616,0
38416.6666666282,0
38433.3333332949,0
38449.9999999615,0.00523125210067184
38466.6666666282,0
38483.3333332948,0
38499.9999999615,0
38516.6666666281,0
38533.3333332948,0
38549.9999999614,0.0925992981488647
38566.6666666281,0
38583.3333332947,0
38599.9999999614,0
38616.666666628,0
38633.3333332947,0
38649.9999999613,0.174601529011627
38666.666666628,0
38683.3333332946,0
38699.9999999613,0
38716.6666666279,0
38733.3333332946,0
38749.9999999612,0.214874428883449
38766.6666666279,0
38783.3333332945,0
38799.9999999612,0
38816.6666666278,0
38833.3333332945,0
38849.9999999611,0.187051121749223
38866.6666666278,0
38883.3333332944,0
38899.9999999611,0
38916.6666666278,0
38933.3333332944,0
38949.999999961,0.0256717778783154
38966.6666666277,0
38983.3333332943,0
38999.999999961,0
39016.6666666276,0
39033.3333332943,0
39049.9999999609,0.130108645153756
39066.6666666276,0
39083.3333332942,0
39099.9999999609,0
39116.6666666275,0
39133.3333332942,0
39149.9999999608,0.278537012948148
39166.6666666275,0
39183.3333332941,0
39199.9999999608,0
39216.6666666274,0
39233.3333332941,0
39249.9999999607,0.308051099608037
39266.6666666274,0
39283.333333294,0
39299.9999999607,0
39316.6666666273,0
39333.333333294,0
39349.9999999606,0.282179736613741
39366.6666666273,0
39383.3333332939,0
39399.9999999606,0
39416.6666666273,0
39433.3333332939,0
39449.9999999605,0.292615694153351
39466.6666666272,0
39483.3333332938,0
39499.9999999605,0
39516.6666666271,0
39533.3333332938,0
39549.9999999604,0.223450025807654
39566.6666666271,0
39583.3333332937,0
39599.9999999604,0
39616.666666627,0
39633.3333332937,0
39649.9999999603,0.20111598779601
39666.666666627,0
39683.3333332936,0
39699.9999999603,0
39716.6666666269,0
39733.3333332936,0
39749.9999999602,0.64607398650536
39766.6666666269,0
39783.3333332935,0
39799.9999999602,0
39816.6666666268,0
39833.3333332935,0
39849.9999999601,7.70442574101723
39866.6666666268,0
39883.3333332934,0
39899.9999999601,0
39916.6666666267,0
39933.3333332934,0
39949.99999996,13.6812367039171
39966.6666666267,0
39983.3333332933,0
39999.99999996,0
40016.6666666266,0
40033.3333332933,0
40049.9999999599,13.6263017189017
40066.6666666266,0
40083.3333332932,0
40099.9999999599,0
40116.6666666266,0
40133.3333332932,0
40149.9999999598,7.70347314984389
40166.6666666265,0
40183.3333332931,0
40199.9999999598,0
40216.6666666264,0
40233.3333332931,0
40249.9999999597,0.683751246172785
40266.6666666264,0
40283.333333293,0
40299.9999999597,0
40316.6666666263,0
40333.333333293,0
40349.9999999596,0.220484693916601
40366.6666666263,0
40383.3333332929,0
40399.9999999596,0
40416.6666666262,0
40433.3333332929,0
40449.9999999595,0.208040931097425
40466.6666666262,0
40483.3333332928,0
40499.9999999595,0
40516.6666666261,0
40533.3333332928,0
40549.9999999594,0.283472348754368
40566.6666666261,0
40583.3333332927,0
40599.9999999594,0
40616.666666626,0
40633.3333332927,0
40649.9999999593,0.312762470712685
40666.666666626,0
40683.3333332926,0
40699.9999999593,0
40716.6666666259,0
40733.3333332926,0
40749.9999999592,0.318617567595717
40766.6666666259,0
40783.3333332925,0
40799.9999999592,0
40816.6666666258,0
40833.3333332925,0
40849.9999999591,0.233467450302314
40866.6666666258,0
40883.3333332924,0
40899.9999999591,0
40916.6666666257,0
40933.3333332924,0
40949.9999999591,0.100494014243313
40966.6666666257,0
40983.3333332923,0
40999.999999959,0
41016.6666666256,0
41033.3333332923,0
41049.9999999589,0.0108620409378003
41066.6666666256,0
41083.3333332922,0
41099.9999999589,0
41116.6666666255,0
41133.3333332922,0
41149.9999999588,0.145001366606997
41166.6666666255,0
41183.3333332921,0
41199.9999999588,0
41216.6666666254,0
41233.3333332921,0
41249.9999999587,0.234665448132989
41266.6666666254,0
41283.333333292,0
41299.9999999587,0
41316.6666666254,0
41333.333333292,0
41349.9999999586,0.210813259884252
41366.6666666253,0
41383.3333332919,0
41399.9999999586,0
41416.6666666252,0
41433.3333332919,0
41449.9999999585,0.0773200864481415
41466.6666666252,0
41483.3333332918,0
41499.9999999585,0
41516.6666666251,0
41533.3333332918,0
41549.9999999584,0.0356879244963005
41566.6666666251,0
41583.3333332917,0
41599.9999999584,0
41616.666666625,0
41633.3333332917,0
41649.9999999583,0.0276929566890262
41666.666666625,0
41683.3333332916,0
41699.9999999583,0
41716.6666666249,0
41733.3333332916,0
41749.9999999582,0.164691744573451
41766.6666666249,0
41783.3333332915,0
41799.9999999582,0
41816.6666666248,0
41833.3333332915,0
41849.9999999581,0.253788506127311
41866.6666666248,0
41883.3333332914,0
41899.9999999581,0
41916.6666666247,0
41933.3333332914,0
41949.999999958,0.119211025143842
41966.6666666247,0
41983.3333332913,0
41999.999999958,0
42016.6666666246,0
42033.3333332913,0
42049.9999999579,0.113653855383763
42066.6666666246,0
42083.3333332912,0
42099.9999999579,0
42116.6666666245,0
42133.3333332912,0
42149.9999999579,0.175768445769072
42166.6666666245,0
42183.3333332911,0
42199.9999999578,0
42216.6666666244,0
42233.3333332911,0
42249.9999999577,0.0610769553542819
42266.6666666244,0
42283.333333291,0
42299.9999999577,0
42316.6666666243,0
42333.333333291,0
42349.9999999576,0.042709018059667
42366.6666666243,0
42383.3333332909,0
42399.9999999576,0
42416.6666666242,0
42433.3333332909,0
42449.9999999575,0.0877543434402738
42466.6666666242,0
42483.3333332908,0
42499.9999999575,0
42516.6666666242,0
42533.3333332908,0
42549.9999999574,0.107051541821707
42566.6666666241,0
42583.3333332907,0
42599.9999999574,0
42616.666666624,0
42633.3333332907,0
42649.9999999573,0.00181647921326285
42666.666666624,0
42683.3333332906,0
42699.9999999573,0
42716.6666666239,0
42733.3333332906,0
42749.9999999572,0.105135857153832
42766.6666666239,0
42783.3333332905,0
42799.9999999572,0
42816.6666666238,0
42833.3333332905,0
42849.9999999571,0.056601783094763
42866.6666666238,0
42883.3333332904,0
42899.9999999571,0
42916.6666666237,0
42933.3333332904,0
42949.999999957,0.0363882635308968
42966.6666666237,0
42983.3333332903,0
42999.999999957,0
43016.6666666236,0
43033.3333332903,0
43049.9999999569,0.175633165013742
43066.6666666236,0
43083.3333332902,0
43099.9999999569,0
43116.6666666235,0
43133.3333332902,0
43149.9999999568,0.289653240240641
43166.6666666235,0
43183.3333332901,0
43199.9999999568,0
43216.6666666234,0
43233.3333332901,0
43249.9999999567,0.169927196847943
43266.6666666234,0
43283.33333329,0
43299.9999999567,0
43316.6666666233,0
43333.33333329,0
43349.9999999566,0.336448698204835
43366.6666666233,0
43383.3333332899,0
43399.9999999566,0
43416.6666666232,0
43433.3333332899,0
43449.9999999565,0.16416438006579
43466.6666666232,0
43483.3333332898,0
43499.9999999565,0
43516.6666666231,0
43533.3333332898,0
43549.9999999564,0.0642952082365719
43566.6666666231,0
43583.3333332897,0
43599.9999999564,0
43616.666666623,0
43633.3333332897,0
43649.9999999563,0.0292515319937275
43666.666666623,0
43683.3333332896,0
43699.9999999563,0
43716.6666666229,0
43733.3333332896,0
43749.9999999562,0.148075100075872
43766.6666666229,0
43783.3333332895,0
43799.9999999562,0
43816.6666666228,0
43833.3333332895,0
43849.9999999561,0.0887179922620799
43866.6666666228,0
43883.3333332894,0
43899.9999999561,0
43916.6666666227,0
43933.3333332894,0
43949.999999956,0.043070033970628
43966.6666666227,0
43983.3333332893,0
43999.999999956,0
44016.6666666226,0
44033.3333332893,0
44049.999999956,0.0395219905363669
44066.6666666226,0
44083.3333332892,0
44099.9999999559,0
44116.6666666225,0
44133.3333332892,0
44149.9999999558,0.053937729003811
44166.6666666225,0
44183.3333332891,0
44199.9999999558,0
44216.6666666224,0
44233.3333332891,0
44249.9999999557,0.00773618353500005
44266.6666666224,0
44283.333333289,0
44299.9999999557,0
44316.6666666223,0
44333.333333289,0
44349.9999999556,0.0197444743897438
44366.6666666223,0
44383.3333332889,0
44399.9999999556,0
44416.6666666222,0
44433.3333332889,0
44449.9999999555,0.0361034610338103
44466.6666666222,0
44483.3333332888,0
44499.9999999555,0
44516.6666666221,0
44533.3333332888,0
44549.9999999554,0.0637974751930171
44566.6666666221,0
44583.3333332887,0
44599.9999999554,0
44616.666666622,0
44633.3333332887,0
44649.9999999553,0.0146393619865745
44666.666666622,0
44683.3333332886,0
44699.9999999553,0
44716.6666666219,0
44733.3333332886,0
44749.9999999552,0.00424422261320255
44766.6666666219,0
44783.3333332885,0
44799.9999999552,0
44816.6666666218,0
44833.3333332885,0
44849.9999999551,0.069639188728021
44866.6666666218,0
44883.3333332885,0
44899.9999999551,0
44916.6666666217,0
44933.3333332884,0
44949.999999955,0.0868540730378954
44966.6666666217,0
44983.3333332883,0
44999.999999955,0
45016.6666666216,0
45033.3333332883,0
45049.9999999549,0.0262182636982475
45066.6666666216,0
45083.3333332882,0
45099.9999999549,0
45116.6666666215,0
45133.3333332882,0
45149.9999999548,0.060291869489259
45166.6666666215,0
45183.3333332881,0
45199.9999999548,0
45216.6666666214,0
45233.3333332881,0
45249.9999999548,0.0525961547600606
45266.6666666214,0
45283.333333288,0
45299.9999999547,0
45316.6666666213,0
45333.333333288,0
45349.9999999546,0.0372354303758622
45366.6666666213,0
45383.3333332879,0
45399.9999999546,0
45416.6666666212,0
45433.3333332879,0
45449.9999999545,0.0164244499537951
45466.6666666212,0
45483.3333332878,0
45499.9999999545,0
45516.6666666211,0
45533.3333332878,0
45549.9999999544,0.0466694505300752
45566.6666666211,0
45583.3333332877,0
45599.9999999544,0
45616.666666621,0
45633.3333332877,0
45649.9999999543,0.0444783869116178
45666.666666621,0
45683.3333332876,0
45699.9999999543,0
45716.6666666209,0
45733.3333332876,0
45749.9999999542,0.0841659242092787
45766.6666666209,0
45783.3333332875,0
45799.9999999542,0
45816.6666666208,0
45833.3333332875,0
45849.9999999541,0.0434785757493376
45866.6666666208,0
45883.3333332874,0
45899.9999999541,0
45916.6666666207,0
45933.3333332874,0
45949.999999954,0.039513987821771
45966.6666666207,0
45983.3333332873,0
45999.999999954,0
46016.6666666206,0
46033.3333332873,0
46049.9999999539,0.0438083323954864
46066.6666666206,0
46083.3333332872,0
46099.9999999539,0
46116.6666666205,0
46133.3333332872,0
46149.9999999538,0.0162446595720164
46166.6666666205,0
46183.3333332871,0
46199.9999999538,0
46216.6666666204,0
46233.3333332871,0
46249.9999999537,0.0253862274742976
46266.6666666204,0
46283.333333287,0
46299.9999999537,0
46316.6666666203,0
46333.333333287,0
46349.9999999536,0.115738628073254
46366.6666666203,0
46383.3333332869,0
46399.9999999536,0
46416.6666666202,0
46433.3333332869,0
46449.9999999536,0.0762350543352282
46466.6666666202,0
46483.3333332868,0
46499.9999999535,0
46516.6666666201,0
46533.3333332868,0
46549.9999999534,0.141262952313493
46566.6666666201,0
46583.3333332867,0
46599.9999999534,0
46616.66666662,0
46633.3333332867,0
46649.9999999533,0.108899586769655
46666.66666662,0
46683.3333332866,0
46699.9999999533,0
46716.6666666199,0
46733.3333332866,0
46749.9999999532,0.092367102090477
46766.6666666199,0
46783.3333332865,0
46799.9999999532,0
46816.6666666198,0
46833.3333332865,0
46849.9999999531,0.012363257487882
46866.6666666198,0
46883.3333332864,0
46899.9999999531,0
46916.6666666197,0
46933.3333332864,0
46949.999999953,0.124071036304776
46966.6666666197,0
46983.3333332863,0
46999.999999953,0
47016.6666666196,0
47033.3333332863,0
47049.9999999529,0.00813585422126093
47066.6666666196,0
47083.3333332862,0
47099.9999999529,0
47116.6666666195,0
47133.3333332862,0
47149.9999999528,0.0283425593659524
47166.6666666195,0
47183.3333332861,0
47199.9999999528,0
47216.6666666194,0
47233.3333332861,0
47249.9999999527,0.0605528978339924
47266.6666666194,0
47283.333333286,0
47299.9999999527,0
47316.6666666193,0
47333.333333286,0
47349.9999999526,0.00461194113801735
47366.6666666193,0
47383.3333332859,0
47399.9999999526,0
47416.6666666192,0
47433.3333332859,0
47449.9999999525,0.0136719297101104
47466.6666666192,0
47483.3333332858,0
47499.9999999525,0
47516.6666666191,0
47533.3333332858,0
47549.9999999524,0.0202782831602576
47566.6666666191,0
47583.3333332857,0
47599.9999999524,0
47616.666666619,0
47633.3333332857,0
47649.9999999523,0.0146414993207777
47666.666666619,0
47683.3333332856,0
47699.9999999523,0
47716.6666666189,0
47733.3333332856,0
47749.9999999522,0.0521207782670655
47766.6666666189,0
47783.3333332855,0
47799.9999999522,0
47816.6666666188,0
47833.3333332855,0
47849.9999999521,0.0402820270411167
47866.6666666188,0
47883.3333332854,0
47899.9999999521,0
47916.6666666187,0
47933.3333332854,0
47949.999999952,0.00844870775895803
47966.6666666187,0
47983.3333332854,0
47999.999999952,0
48016.6666666186,0
48033.3333332853,0
48049.9999999519,0.00202445351624629
48066.6666666186,0
48083.3333332852,0
48099.9999999519,0
48116.6666666185,0
48133.3333332852,0
48149.9999999518,0.0241329204090322
48166.6666666185,0
48183.3333332851,0
48199.9999999518,0
48216.6666666184,0
48233.3333332851,0
48249.9999999517,0.00706698072674646
48266.6666666184,0
48283.333333285,0
48299.9999999517,0
48316.6666666183,0
48333.333333285,0
48349.9999999516,0.0645760768335436
48366.6666666183,0
48383.3333332849,0
48399.9999999516,0
48416.6666666182,0
48433.3333332849,0
48449.9999999515,0.0215169109596321
48466.6666666182,0
48483.3333332848,0
48499.9999999515,0
48516.6666666181,0
48533.3333332848,0
48549.9999999514,0.0105850589652759
48566.6666666181,0
48583.3333332847,0
48599.9999999514,0
48616.666666618,0
48633.3333332847,0
48649.9999999513,0.00199724336585447
48666.666666618,0
48683.3333332846,0
48699.9999999513,0
48716.6666666179,0
48733.3333332846,0
48749.9999999512,0.00367269608762819
48766.6666666179,0
48783.3333332845,0
48799.9999999512,0
48816.6666666178,0
48833.3333332845,0
48849.9999999511,0.0681248114188716
48866.6666666178,0
48883.3333332844,0
48899.9999999511,0
48916.6666666177,0
48933.3333332844,0
48949.999999951,0.0453644783703074
48966.6666666177,0
48983.3333332843,0
48999.999999951,0
49016.6666666176,0
49033.3333332843,0
49049.9999999509,0.0112708018420924
49066.6666666176,0
49083.3333332842,0
49099.9999999509,0
49116.6666666175,0
49133.3333332842,0
49149.9999999508,0.0124236275511294
49166.6666666175,0
49183.3333332842,0
49199.9999999508,0
49216.6666666174,0
49233.3333332841,0
49249.9999999507,0.0597003811781896
49266.6666666174,0
49283.333333284,0
49299.9999999507,0
49316.6666666173,0
49333.333333284,0
49349.9999999506,0.0305306767908961
49366.6666666173,0
49383.3333332839,0
49399.9999999506,0
49416.6666666172,0
49433.3333332839,0
49449.9999999505,0.0143793129690656
49466.6666666172,0
49483.3333332838,0
49499.9999999505,0
49516.6666666171,0
49533.3333332838,0
49549.9999999504,0.0490208364450379
49566.6666666171,0
49583.3333332837,0
49599.9999999504,0
49616.666666617,0
49633.3333332837,0
49649.9999999503,0.0158472126729558
49666.666666617,0
49683.3333332836,0
49699.9999999503,0
49716.6666666169,0
49733.3333332836,0
49749.9999999502,0.0824521477289739
49766.6666666169,0
49783.3333332835,0
49799.9999999502,0
49816.6666666168,0
49833.3333332835,0
49849.9999999501,0.0611856937363104
49866.6666666168,0
49883.3333332834,0
49899.9999999501,0
49916.6666666167,0
49933.3333332834,0
49949.99999995,0.100311935747049
49966.6666666167,0
49983.3333332833,0
49999.99999995,0
50016.6666666166,0
50033.3333332833,0
50049.9999999499,0.0363772752673352
50066.6666666166,0
50083.3333332832,0
50099.9999999499,0
50116.6666666165,0
50133.3333332832,0
50149.9999999498,0.0622189244623667
50166.6666666165,0
50183.3333332831,0
50199.9999999498,0
50216.6666666164,0
50233.3333332831,0
50249.9999999497,0.0444327848582903
50266.6666666164,0
50283.333333283,0
50299.9999999497,0
50316.6666666163,0
50333.333333283,0
50349.9999999496,0.00542364799133286
50366.6666666163,0
50383.3333332829,0
50399.9999999496,0
50416.6666666162,0
50433.3333332829,0
50449.9999999495,0.0566235416962694
50466.6666666162,0
50483.3333332828,0
50499.9999999495,0
50516.6666666161,0
50533.3333332828,0
50549.9999999494,0.0359393384907159
50566.6666666161,0
50583.3333332827,0
50599.9999999494,0
50616.666666616,0
50633.3333332827,0
50649.9999999493,0.0196926593576895
50666.666666616,0
50683.3333332826,0
50699.9999999493,0
50716.6666666159,0
50733.3333332826,0
50749.9999999492,0.042585553912845
50766.6666666159,0
50783.3333332825,0
50799.9999999492,0
50816.6666666158,0
50833.3333332825,0
50849.9999999491,0.0490722983867323
50866.6666666158,0
50883.3333332824,0
50899.9999999491,0
50916.6666666157,0
50933.3333332824,0
50949.999999949,0.0314558018712418
50966.6666666157,0
50983.3333332823,0
50999.999999949,0
51016.6666666156,0
51033.3333332823,0
51049.9999999489,0.000367605842370708
51066.6666666156,0
51083.3333332822,0
51099.9999999489,0
51116.6666666155,0
51133.3333332822,0
51149.9999999488,0.000302956379570629
51166.6666666155,0
51183.3333332821,0
51199.9999999488,0
51216.6666666154,0
51233.3333332821,0
51249.9999999487,0.0211114720982737
51266.6666666154,0
51283.333333282,0
51299.9999999487,0
51316.6666666153,0
51333.333333282,0
51349.9999999486,0.00564231407257053
51366.6666666153,0
51383.3333332819,0
51399.9999999486,0
51416.6666666152,0
51433.3333332819,0
51449.9999999485,0.0179367667481602
51466.6666666152,0
51483.3333332818,0
51499.9999999485,0
51516.6666666151,0
51533.3333332818,0
51549.9999999484,0.0383321589866039
51566.6666666151,0
51583.3333332817,0
51599.9999999484,0
51616.666666615,0
51633.3333332817,0
51649.9999999483,0.017973573113838
51666.666666615,0
51683.3333332816,0
51699.9999999483,0
51716.6666666149,0
51733.3333332816,0
51749.9999999482,0.00508303168438955
51766.6666666149,0
51783.3333332815,0
51799.9999999482,0
51816.6666666148,0
51833.3333332815,0
51849.9999999481,0.00427680648040304
51866.6666666148,0
51883.3333332814,0
51899.9999999481,0
51916.6666666148,0
51933.3333332814,0
51949.999999948,0.0238027232476122
51966.6666666147,0
51983.3333332813,0
51999.999999948,0
52016.6666666146,0
52033.3333332813,0
52049.9999999479,0.0615475801993012
52066.6666666146,0
52083.3333332812,0
52099.9999999479,0
52116.6666666145,0
52133.3333332812,0
52149.9999999478,0.00583749856158229
52166.6666666145,0
52183.3333332811,0
52199.9999999478,0
52216.6666666144,0
52233.3333332811,0
52249.9999999477,0.02354677197911
52266.6666666144,0
52283.333333281,0
52299.9999999477,0
52316.6666666143,0
52333.333333281,0
52349.9999999476,0.0129748135067329
52366.6666666143,0
52383.3333332809,0
52399.9999999476,0
52416.6666666142,0
52433.3333332809,0
52449.9999999475,0.0215254757346014
52466.6666666142,0
52483.3333332808,0
52499.9999999475,0
52516.6666666141,0
52533.3333332808,0
52549.9999999474,0.0285884233050105
52566.6666666141,0
52583.3333332807,0
52599.9999999474,0
52616.666666614,0
52633.3333332807,0
52649.9999999473,0.00056566058819186
52666.666666614,0
52683.3333332806,0
52699.9999999473,0
52716.6666666139,0
52733.3333332806,0
52749.9999999472,0.0252050197621072
52766.6666666139,0
52783.3333332805,0
52799.9999999472,0
52816.6666666138,0
52833.3333332805,0
52849.9999999471,0.0378956204923378
52866.6666666138,0
52883.3333332804,0
52899.9999999471,0
52916.6666666137,0
52933.3333332804,0
52949.999999947,0.0570692395308095
52966.6666666137,0
52983.3333332803,0
52999.999999947,0
53016.6666666136,0
53033.3333332803,0
53049.9999999469,0.0628079783226768
53066.6666666136,0
53083.3333332802,0
53099.9999999469,0
53116.6666666135,0
53133.3333332802,0
53149.9999999468,0.063493224780445
53166.6666666135,0
53183.3333332801,0
53199.9999999468,0
53216.6666666134,0
53233.3333332801,0
53249.9999999467,0.0353956606178206
53266.6666666134,0
53283.33333328,0
53299.9999999467,0
53316.6666666133,0
53333.33333328,0
53349.9999999466,0.0383557754080458
53366.6666666133,0
53383.3333332799,0
53399.9999999466,0
53416.6666666132,0
53433.3333332799,0
53449.9999999465,0.0551903483384276
53466.6666666132,0
53483.3333332798,0
53499.9999999465,0
53516.6666666131,0
53533.3333332798,0
53549.9999999464,0.0322047352822249
53566.6666666131,0
53583.3333332797,0
53599.9999999464,0
53616.666666613,0
53633.3333332797,0
53649.9999999463,0.0509525665682258
53666.666666613,0
53683.3333332796,0
53699.9999999463,0
53716.6666666129,0
53733.3333332796,0
53749.9999999462,0.0225973976208604
53766.6666666129,0
53783.3333332795,0
53799.9999999462,0
53816.6666666128,0
53833.3333332795,0
53849.9999999461,0.00786157145746517
53866.6666666128,0
53883.3333332794,0
53899.9999999461,0
53916.6666666127,0
53933.3333332794,0
53949.999999946,0.0345554099163707
53966.6666666127,0
53983.3333332793,0
53999.999999946,0
54016.6666666126,0
54033.3333332793,0
54049.9999999459,0.0551569950656691
54066.6666666126,0
54083.3333332792,0
54099.9999999459,0
54116.6666666125,0
54133.3333332792,0
54149.9999999458,0.00255364086798338
54166.6666666125,0
54183.3333332791,0
54199.9999999458,0
54216.6666666124,0
54233.3333332791,0
54249.9999999457,0.0438844988193553
54266.6666666124,0
54283.333333279,0
54299.9999999457,0
54316.6666666123,0
54333.333333279,0
54349.9999999456,0.00182167753967622
54366.6666666123,0
54383.3333332789,0
54399.9999999456,0
54416.6666666122,0
54433.3333332789,0
54449.9999999455,0.00532629643500809
54466.6666666122,0
54483.3333332788,0
54499.9999999455,0
54516.6666666121,0
54533.3333332788,0
54549.9999999454,0.0122708058489657
54566.6666666121,0
54583.3333332787,0
54599.9999999454,0
54616.666666612,0
54633.3333332787,0
54649.9999999453,0.00503727522658733
54666.666666612,0
54683.3333332786,0
54699.9999999453,0
54716.6666666119,0
54733.3333332786,0
54749.9999999452,0.0338378888912574
54766.6666666119,0
54783.3333332785,0
54799.9999999452,0
54816.6666666118,0
54833.3333332785,0
54849.9999999451,0.0146083753215251
54866.6666666118,0
54883.3333332784,0
54899.9999999451,0
54916.6666666117,0
54933.3333332784,0
54949.999999945,0.0282948311315647
54966.6666666117,0
54983.3333332783,0
54999.999999945,0
55016.6666666116,0
55033.3333332783,0
55049.9999999449,0.00171550756508143
55066.6666666116,0
55083.3333332782,0
55099.9999999449,0
55116.6666666115,0
55133.3333332782,0
55149.9999999448,0.0014636782253123
55166.6666666115,0
55183.3333332781,0
55199.9999999448,0
55216.6666666114,0
55233.3333332781,0
55249.9999999447,0.0355993556943937
55266.6666666114,0
55283.333333278,0
55299.9999999447,0
55316.6666666113,0
55333.333333278,0
55349.9999999446,0.00831885567993269
55366.6666666113,0
55383.3333332779,0
55399.9999999446,0
55416.6666666112,0
55433.3333332779,0
55449.9999999445,0.0272042866140057
55466.6666666112,0
55483.3333332778,0
55499.9999999445,0
55516.6666666111,0
55533.3333332778,0
55549.9999999444,0.0119714876834582
55566.6666666111,0
55583.3333332777,0
55599.9999999444,0
55616.666666611,0
55633.3333332777,0
55649.9999999443,0.0135926746182553
55666.666666611,0
55683.3333332776,0
55699.9999999443,0
55716.6666666109,0
55733.3333332776,0
55749.9999999442,0.00941469174351114
55766.6666666109,0
55783.3333332775,0
55799.9999999442,0
55816.6666666108,0
55833.3333332775,0
55849.9999999441,0.0363198152508443
55866.6666666108,0
55883.3333332774,0
55899.9999999441,0
55916.6666666107,0
55933.3333332774,0
55949.999999944,0.016396641818178
55966.6666666107,0
55983.3333332773,0
55999.999999944,0
56016.6666666106,0
56033.3333332773,0
56049.9999999439,0.0411353894176976
56066.6666666106,0
56083.3333332772,0
56099.9999999439,0
56116.6666666105,0
56133.3333332772,0
56149.9999999438,0.0250073982520858
56166.6666666105,0
56183.3333332771,0
56199.9999999438,0
56216.6666666104,0
56233.3333332771,0
56249.9999999437,0.0663126903334032
56266.6666666104,0
56283.333333277,0
56299.9999999437,0
56316.6666666103,0
56333.333333277,0
56349.9999999436,0.0301190370028326
56366.6666666103,0
56383.3333332769,0
56399.9999999436,0
56416.6666666102,0
56433.3333332769,0
56449.9999999435,0.00556204168143563
56466.6666666102,0
56483.3333332768,0
56499.9999999435,0
56516.6666666101,0
56533.3333332768,0
56549.9999999434,0.0453356923575267
56566.6666666101,0
56583.3333332767,0
56599.9999999434,0
56616.66666661,0
56633.3333332767,0
56649.9999999433,0.0743281961262703
56666.66666661,0
56683.3333332766,0
56699.9999999433,0
56716.6666666099,0
56733.3333332766,0
56749.9999999432,0.0298782933784904
56766.6666666099,0
56783.3333332765,0
56799.9999999432,0
56816.6666666098,0
56833.3333332765,0
56849.9999999431,0.0430322261774107
56866.6666666098,0
56883.3333332764,0
56899.9999999431,0
56916.6666666097,0
56933.3333332764,0
56949.999999943,0.0149937551848012
56966.6666666097,0
56983.3333332763,0
56999.999999943,0
57016.6666666096,0
57033.3333332763,0
57049.9999999429,0.0435916140706894
57066.6666666096,0
57083.3333332762,0
57099.9999999429,0
57116.6666666095,0
57133.3333332762,0
57149.9999999428,0.00137403507443934
57166.6666666095,0
57183.3333332761,0
57199.9999999428,0
57216.6666666094,0
57233.3333332761,0
57249.9999999427,0.0239774537301641
57266.6666666094,0
57283.333333276,0
57299.9999999427,0
57316.6666666093,0
57333.333333276,0
57349.9999999426,0.00547286121028598
57366.6666666093,0
57383.3333332759,0
57399.9999999426,0
57416.6666666092,0
57433.3333332759,0
57449.9999999425,0.0281607925517883
57466.6666666092,0
57483.3333332758,0
57499.9999999425,0
57516.6666666091,0
57533.3333332758,0
57549.9999999424,0.000271617090336515
57566.6666666091,0
57583.3333332757,0
57599.9999999424,0
57616.666666609,0
57633.3333332757,0
57649.9999999423,0.00812738386785433
57666.666666609,0
57683.3333332756,0
57699.9999999423,0
57716.6666666089,0
57733.3333332756,0
57749.9999999422,0.0229475093433949
57766.6666666089,0
57783.3333332755,0
57799.9999999422,0
57816.6666666088,0
57833.3333332755,0
57849.9999999421,0.0349654683194726
57866.6666666088,0
57883.3333332754,0
57899.9999999421,0
57916.6666666087,0
57933.3333332754,0
57949.999999942,0.053856126278708
57966.6666666087,0
57983.3333332753,0
57999.999999942,0
58016.6666666086,0
58033.3333332753,0
58049.9999999419,0.00141194318051221
58066.6666666086,0
58083.3333332752,0
58099.9999999419,0
58116.6666666085,0
58133.3333332752,0
58149.9999999418,0.00622542228376301
58166.6666666085,0
58183.3333332751,0
58199.9999999418,0
58216.6666666084,0
58233.3333332751,0
58249.9999999417,0.00264339659688315
58266.6666666084,0
58283.333333275,0
58299.9999999417,0
58316.6666666083,0
58333.333333275,0
58349.9999999416,0.00617014608524455
58366.6666666083,0
58383.3333332749,0
58399.9999999416,0
58416.6666666082,0
58433.3333332749,0
58449.9999999415,0.0203093940390593
58466.6666666082,0
58483.3333332748,0
58499.9999999415,0
58516.6666666081,0
58533.3333332748,0
58549.9999999414,0.00867518683461549
58566.6666666081,0
58583.3333332747,0
58599.9999999414,0
58616.666666608,0
58633.3333332747,0
58649.9999999413,0.0254238701402486
58666.666666608,0
58683.3333332746,0
58699.9999999413,0
58716.6666666079,0
58733.3333332746,0
58749.9999999412,0.0302324986360329
58766.6666666079,0
58783.3333332745,0
58799.9999999412,0
58816.6666666078,0
58833.3333332745,0
58849.9999999411,0.0256707132219017
58866.6666666078,0
58883.3333332744,0
58899.9999999411,0
58916.6666666077,0
58933.3333332744,0
58949.999999941,0.0042265056875741
58966.6666666077,0
58983.3333332743,0
58999.999999941,0
59016.6666666076,0
59033.3333332743,0
59049.9999999409,0.0611238941503752
59066.6666666076,0
59083.3333332742,0
59099.9999999409,0
59116.6666666075,0
59133.3333332742,0
59149.9999999408,0.00532956487730296
59166.6666666075,0
59183.3333332741,0
59199.9999999408,0
59216.6666666074,0
59233.3333332741,0
59249.9999999407,0.00142429988080502
59266.6666666074,0
59283.333333274,0
59299.9999999407,0
59316.6666666073,0
59333.333333274,0
59349.9999999406,0.000176870049944909
59366.6666666073,0
59383.3333332739,0
59399.9999999406,0
59416.6666666072,0
59433.3333332739,0
59449.9999999405,0.0226819206941463
59466.6666666072,0
59483.3333332738,0
59499.9999999405,0
59516.6666666071,0
59533.3333332738,0
59549.9999999404,0.016670357326639
59566.6666666071,0
59583.3333332737,0
59599.9999999404,0
59616.666666607,0
59633.3333332737,0
59649.9999999403,0.00966261120073937
59666.666666607,0
59683.3333332736,0
59699.9999999403,0
59716.6666666069,0
59733.3333332736,0
59749.9999999402,0.0442868472890215
59766.6666666069,0
59783.3333332735,0
59799.9999999402,0
59816.6666666068,0
59833.3333332735,0
59849.9999999401,0.0719799813687428
59866.6666666068,0
59883.3333332734,0
59899.9999999401,0
59916.6666666067,0
59933.3333332734,0
59949.99999994,0.00138789532413066
59966.6666666067,0
59983.3333332733,0
59999.99999994,0
60016.6666666066,0
60033.3333332733,0
60049.9999999399,0.0492014208514422
60066.6666666066,0
60083.3333332732,0
60099.9999999399,0
60116.6666666065,0
60133.3333332732,0
60149.9999999398,0.0526015388185931
60166.6666666065,0
60183.3333332731,0
60199.9999999398,0
60216.6666666064,0
60233.3333332731,0
60249.9999999397,0.0449348993587031
60266.6666666064,0
60283.333333273,0
60299.9999999397,0
60316.6666666063,0
60333.333333273,0
60349.9999999396,0.00376076387125984
60366.6666666063,0
60383.3333332729,0
60399.9999999396,0
60416.6666666062,0
60433.3333332729,0
60449.9999999395,0.0218633622873328
60466.6666666062,0
60483.3333332728,0
60499.9999999395,0
60516.6666666061,0
60533.3333332728,0
60549.9999999394,0.0278361977811283
60566.6666666061,0
60583.3333332727,0
60599.9999999394,0
60616.666666606,0
60633.3333332727,0
60649.9999999393,0.00257211769965974
60666.666666606,0
60683.3333332726,0
60699.9999999393,0
60716.6666666059,0
60733.3333332726,0
60749.9999999392,0.00362405732859239
60766.6666666059,0
60783.3333332725,0
60799.9999999392,0
60816.6666666058,0
60833.3333332725,0
60849.9999999391,0.013037401846207
60866.6666666058,0
60883.3333332724,0
60899.9999999391,0
60916.6666666057,0
60933.3333332724,0
60949.999999939,0.0108778485247402
60966.6666666057,0
60983.3333332723,0
60999.999999939,0
61016.6666666056,0
61033.3333332723,0
61049.9999999389,0.0445975748213018
61066.6666666056,0
61083.3333332722,0
61099.9999999389,0
61116.6666666055,0
61133.3333332722,0
61149.9999999388,0.0497317440923145
61166.6666666055,0
61183.3333332721,0
61199.9999999388,0
61216.6666666054,0
61233.3333332721,0
61249.9999999387,0.0271841755158916
61266.6666666054,0
61283.333333272,0
61299.9999999387,0
61316.6666666053,0
61333.333333272,0
61349.9999999386,0.0211188784707657
61366.6666666053,0
61383.3333332719,0
61399.9999999386,0
61416.6666666052,0
61433.3333332719,0
61449.9999999385,0.0207898954217694
61466.6666666052,0
61483.3333332718,0
61499.9999999385,0
61516.6666666051,0
61533.3333332718,0
61549.9999999384,0.0128216198020524
61566.6666666051,0
61583.3333332717,0
61599.9999999384,0
61616.666666605,0
61633.3333332717,0
61649.9999999383,0.0107842119214069
61666.666666605,0
61683.3333332716,0
61699.9999999383,0
61716.6666666049,0
61733.3333332716,0
61749.9999999382,0.00907652536074197
61766.6666666049,0
61783.3333332715,0
61799.9999999382,0
61816.6666666048,0
61833.3333332715,0
61849.9999999381,0.0127913688779285
61866.6666666048,0
61883.3333332714,0
61899.9999999381,0
61916.6666666047,0
61933.3333332714,0
61949.999999938,0.0523181726026053
61966.6666666047,0
61983.3333332713,0
61999.999999938,0
62016.6666666046,0
62033.3333332713,0
62049.9999999379,0.00452276092870752
62066.6666666046,0
62083.3333332712,0
62099.9999999379,0
62116.6666666045,0
62133.3333332712,0
62149.9999999378,0.0111283147605552
62166.6666666045,0
62183.3333332711,0
62199.9999999378,0
62216.6666666044,0
62233.3333332711,0
62249.9999999377,0.0289546533468566
62266.6666666044,0
62283.333333271,0
62299.9999999377,0
62316.6666666043,0
62333.333333271,0
62349.9999999376,0.0198754561822875
62366.6666666043,0
62383.3333332709,0
62399.9999999376,0
62416.6666666042,0
62433.3333332709,0
62449.9999999375,0.00500871057152474
62466.6666666042,0
62483.3333332708,0
62499.9999999375,0
62516.6666666041,0
62533.3333332708,0
62549.9999999374,0.0324344364977005
62566.6666666041,0
62583.3333332707,0
62599.9999999374,0
62616.666666604,0
62633.3333332707,0
62649.9999999373,0.00357035793207184
62666.666666604,0
62683.3333332706,0
62699.9999999373,0
62716.6666666039,0
62733.3333332706,0
62749.9999999372,0.0339244996015781
62766.6666666039,0
62783.3333332705,0
62799.9999999372,0
62816.6666666038,0
62833.3333332705,0
62849.9999999371,0.0178086334756637
62866.6666666038,0
62883.3333332704,0
62899.9999999371,0
62916.6666666037,0
62933.3333332704,0
62949.999999937,0.00691268850794311
62966.6666666037,0
62983.3333332703,0
62999.999999937,0
63016.6666666036,0
63033.3333332703,0
63049.9999999369,0.0628097663620458
63066.6666666036,0
63083.3333332702,0
63099.9999999369,0
63116.6666666035,0
63133.3333332702,0
63149.9999999368,0.0172716563002306
63166.6666666035,0
63183.3333332701,0
63199.9999999368,0
63216.6666666034,0
63233.3333332701,0
63249.9999999367,0.0421508573398196
63266.6666666034,0
63283.33333327,0
63299.9999999367,0
63316.6666666033,0
63333.33333327,0
63349.9999999366,0.0619229801106235
63366.6666666033,0
63383.3333332699,0
63399.9999999366,0
63416.6666666032,0
63433.3333332699,0
63449.9999999365,0.0482910772815994
63466.6666666032,0
63483.3333332698,0
63499.9999999365,0
63516.6666666031,0
63533.3333332698,0
63549.9999999364,0.00446328131995633
63566.6666666031,0
63583.3333332697,0
63599.9999999364,0
63616.666666603,0
63633.3333332697,0
63649.9999999363,0.033235109386484
63666.666666603,0
63683.3333332696,0
63699.9999999363,0
63716.6666666029,0
63733.3333332696,0
63749.9999999362,0.0581676281055577
63766.6666666029,0
63783.3333332695,0
63799.9999999362,0
63816.6666666028,0
63833.3333332695,0
63849.9999999361,0.0148582129058647
63866.6666666028,0
63883.3333332694,0
63899.9999999361,0
63916.6666666027,0
63933.3333332694,0
63949.999999936,0.00307134870970559
63966.6666666027,0
63983.3333332693,0
63999.999999936,0
64016.6666666026,0
64033.3333332693,0
64049.9999999359,0.0426647059452879
64066.6666666026,0
64083.3333332692,0
64099.9999999359,0
64116.6666666025,0
64133.3333332692,0
64149.9999999358,0.0066633107487934
64166.6666666025,0
64183.3333332691,0
64199.9999999358,0
64216.6666666024,0
64233.3333332691,0
64249.9999999357,0.00653167294902536
64266.6666666024,0
64283.333333269,0
64299.9999999357,0
64316.6666666023,0
64333.333333269,0
64349.9999999356,0.0439968860750233
64366.6666666023,0
64383.3333332689,0
64399.9999999356,0
64416.6666666022,0
64433.3333332689,0
64449.9999999355,0.00381241186553332
64466.6666666022,0
64483.3333332688,0
64499.9999999355,0
64516.6666666021,0
64533.3333332688,0
64549.9999999354,0.0457760123194182
64566.6666666021,0
64583.3333332687,0
64599.9999999354,0
64616.666666602,0
64633.3333332687,0
64649.9999999353,0.0146696719252402
64666.666666602,0
64683.3333332686,0
64699.9999999353,0
64716.6666666019,0
64733.3333332686,0
64749.9999999352,0.0452814482483579
64766.6666666019,0
64783.3333332685,0
64799.9999999352,0
64816.6666666018,0
64833.3333332685,0
64849.9999999351,0.017921856312122
64866.6666666018,0
64883.3333332684,0
64899.9999999351,0
64916.6666666017,0
64933.3333332684,0
64949.999999935,0.0382768789127656
64966.6666666017,0
64983.3333332683,0
64999.999999935,0
65016.6666666016,0
65033.3333332683,0
65049.9999999349,0.0300416192993886
65066.6666666016,0
65083.3333332682,0
65099.9999999349,0
65116.6666666015,0
65133.3333332682,0
65149.9999999348,0.00888658786676516
65166.6666666015,0
65183.3333332681,0
65199.9999999348,0
65216.6666666014,0
65233.3333332681,0
65249.9999999347,0.0152841717407228
65266.6666666014,0
65283.333333268,0
65299.9999999347,0
65316.6666666013,0
65333.333333268,0
65349.9999999346,0.0184041193644007
65366.6666666013,0
65383.3333332679,0
65399.9999999346,0
65416.6666666012,0
65433.3333332679,0
65449.9999999345,0.0130484334121005
65466.6666666012,0
65483.3333332678,0
65499.9999999345,0
65516.6666666011,0
65533.3333332678,0
65549.9999999344,0.00248523536164538
65566.6666666011,0
65583.3333332677,0
65599.9999999344,0
65616.666666601,0
65633.3333332677,0
65649.9999999343,0.0164006435286764
65666.666666601,0
65683.3333332676,0
65699.9999999343,0
65716.6666666009,0
65733.3333332676,0
65749.9999999342,0.0253176343442198
65766.6666666009,0
65783.3333332675,0
65799.9999999342,0
65816.6666666008,0
65833.3333332675,0
65849.9999999341,0.0134905353688076
65866.6666666008,0
65883.3333332674,0
65899.9999999341,0
65916.6666666007,0
65933.3333332674,0
65949.9999999341,0.0144917031778172
65966.6666666007,0
65983.3333332673,0
65999.999999934,0
66016.6666666006,0
66033.3333332673,0
66049.9999999339,0.0176060256947451
66066.6666666006,0
66083.3333332672,0
66099.9999999339,0
66116.6666666005,0
66133.3333332672,0
66149.9999999338,0.0299427473759366
66166.6666666005,0
66183.3333332671,0
66199.9999999338,0
66216.6666666004,0
66233.3333332671,0
66249.9999999337,0.0390351906618804
66266.6666666004,0
66283.333333267,0
66299.9999999337,0
66316.6666666003,0
66333.333333267,0
66349.9999999336,0.0364251180352831
66366.6666666003,0
66383.3333332669,0
66399.9999999336,0
66416.6666666002,0
66433.3333332669,0
66449.9999999335,0.0485391895297809
66466.6666666002,0
66483.3333332668,0
66499.9999999335,0
66516.6666666001,0
66533.3333332668,0
66549.9999999334,0.0517473728934171
66566.6666666001,0
66583.3333332667,0
66599.9999999334,0
66616.6666666,0
66633.3333332667,0
66649.9999999333,0.0356213626161481
66666.6666666,0
66683.3333332666,0
66699.9999999333,0
66716.6666665999,0
66733.3333332666,0
66749.9999999332,0.00665694044727441
66766.6666665999,0
66783.3333332665,0
66799.9999999332,0
66816.6666665998,0
66833.3333332665,0
66849.9999999331,0.0653151516697549
66866.6666665998,0
66883.3333332664,0
66899.9999999331,0
66916.6666665997,0
66933.3333332664,0
66949.999999933,0.118167929624005
66966.6666665997,0
66983.3333332663,0
66999.999999933,0
67016.6666665996,0
67033.3333332663,0
67049.9999999329,0.00468933294694704
67066.6666665996,0
67083.3333332662,0
67099.9999999329,0
67116.6666665995,0
67133.3333332662,0
67149.9999999328,0.0276351264364932
67166.6666665995,0
67183.3333332661,0
67199.9999999328,0
67216.6666665994,0
67233.3333332661,0
67249.9999999327,0.0117799199891257
67266.6666665994,0
67283.333333266,0
67299.9999999327,0
67316.6666665993,0
67333.333333266,0
67349.9999999326,0.0400570995822263
67366.6666665993,0
67383.3333332659,0
67399.9999999326,0
67416.6666665992,0
67433.3333332659,0
67449.9999999325,0.00391447295221725
67466.6666665992,0
67483.3333332659,0
67499.9999999325,0
67516.6666665991,0
67533.3333332658,0
67549.9999999324,0.000743277242312065
67566.6666665991,0
67583.3333332657,0
67599.9999999324,0
67616.666666599,0
67633.3333332657,0
67649.9999999323,0.00335587328149871
67666.666666599,0
67683.3333332656,0
67699.9999999323,0
67716.6666665989,0
67733.3333332656,0
67749.9999999322,0.0111726427660128
67766.6666665989,0
67783.3333332655,0
67799.9999999322,0
67816.6666665988,0
67833.3333332655,0
67849.9999999321,0.00942278927055016
67866.6666665988,0
67883.3333332654,0
67899.9999999321,0
67916.6666665987,0
67933.3333332654,0
67949.999999932,0.00422077645635572
67966.6666665987,0
67983.3333332653,0
67999.999999932,0
68016.6666665986,0
68033.3333332653,0
68049.9999999319,0.0226984538502138
68066.6666665986,0
68083.3333332652,0
68099.9999999319,0
68116.6666665985,0
68133.3333332652,0
68149.9999999318,0.0186598854965123
68166.6666665985,0
68183.3333332651,0
68199.9999999318,0
68216.6666665984,0
68233.3333332651,0
68249.9999999317,0.0448298174053204
68266.6666665984,0
68283.333333265,0
68299.9999999317,0
68316.6666665984,0
68333.333333265,0
68349.9999999316,0.00198499050630707
68366.6666665983,0
68383.3333332649,0
68399.9999999316,0
68416.6666665982,0
68433.3333332649,0
68449.9999999315,0.0345644768325365
68466.6666665982,0
68483.3333332648,0
68499.9999999315,0
68516.6666665981,0
68533.3333332648,0
68549.9999999314,0.0318211808204676
68566.6666665981,0
68583.3333332647,0
68599.9999999314,0
68616.666666598,0
68633.3333332647,0
68649.9999999313,0.0215937621851797
68666.666666598,0
68683.3333332646,0
68699.9999999313,0
68716.6666665979,0
68733.3333332646,0
68749.9999999312,0.00382983175144848
68766.6666665979,0
68783.3333332645,0
68799.9999999312,0
68816.6666665978,0
68833.3333332645,0
68849.9999999311,0.00929400992874616
68866.6666665978,0
68883.3333332644,0
68899.9999999311,0
68916.6666665977,0
68933.3333332644,0
68949.999999931,0.0349962693065234
68966.6666665977,0
68983.3333332643,0
68999.999999931,0
69016.6666665976,0
69033.3333332643,0
69049.9999999309,0.042557716998212
69066.6666665976,0
69083.3333332642,0
69099.9999999309,0
69116.6666665975,0
69133.3333332642,0
69149.9999999308,0.0151270194738317
69166.6666665975,0
69183.3333332641,0
69199.9999999308,0
69216.6666665974,0
69233.3333332641,0
69249.9999999307,0.0219367976281822
69266.6666665974,0
69283.333333264,0
69299.9999999307,0
69316.6666665973,0
69333.333333264,0
69349.9999999306,0.0603604264905518
69366.6666665973,0
69383.3333332639,0
69399.9999999306,0
69416.6666665972,0
69433.3333332639,0
69449.9999999305,0.0572899712675542
69466.6666665972,0
69483.3333332638,0
69499.9999999305,0
69516.6666665971,0
69533.3333332638,0
69549.9999999304,0.0767247473647295
69566.6666665971,0
69583.3333332637,0
69599.9999999304,0
69616.666666597,0
69633.3333332637,0
69649.9999999303,0.0203221991972338
69666.666666597,0
69683.3333332636,0
69699.9999999303,0
69716.6666665969,0
69733.3333332636,0
69749.9999999302,0.0147519645916251
69766.6666665969,0
69783.3333332635,0
69799.9999999302,0
69816.6666665968,0
69833.3333332635,0
69849.9999999301,0.045671484299759
69866.6666665968,0
69883.3333332635,0
69899.9999999301,0
69916.6666665967,0
69933.3333332634,0
69949.99999993,0.0936642863930438
69966.6666665967,0
69983.3333332633,0
69999.99999993,0
70016.6666665966,0
70033.3333332633,0
70049.9999999299,0.0673949009605853
70066.6666665966,0
70083.3333332632,0
70099.9999999299,0
70116.6666665965,0
70133.3333332632,0
70149.9999999298,0.0962858753065432
70166.6666665965,0
70183.3333332631,0
70199.9999999298,0
70216.6666665964,0
70233.3333332631,0
70249.9999999297,0.00796595460161183
70266.6666665964,0
70283.333333263,0
70299.9999999297,0
70316.6666665963,0
70333.333333263,0
70349.9999999296,0.0165969118559594
70366.6666665963,0
70383.3333332629,0
70399.9999999296,0
70416.6666665962,0
70433.3333332629,0
70449.9999999295,0.0246547346125662
70466.6666665962,0
70483.3333332628,0
70499.9999999295,0
70516.6666665961,0
70533.3333332628,0
70549.9999999294,0.0316059516107413
70566.6666665961,0
70583.3333332627,0
70599.9999999294,0
70616.666666596,0
70633.3333332627,0
70649.9999999293,0.0205726309746211
70666.666666596,0
70683.3333332626,0
70699.9999999293,0
70716.6666665959,0
70733.3333332626,0
70749.9999999292,0.0251045829342835
70766.6666665959,0
70783.3333332625,0
70799.9999999292,0
70816.6666665958,0
70833.3333332625,0
70849.9999999291,0.0343306992053726
70866.6666665958,0
70883.3333332624,0
70899.9999999291,0
70916.6666665957,0
70933.3333332624,0
70949.999999929,0.0374781516066715
70966.6666665957,0
70983.3333332623,0
70999.999999929,0
71016.6666665956,0
71033.3333332623,0
71049.9999999289,0.0298362968173867
71066.6666665956,0
71083.3333332622,0
71099.9999999289,0
71116.6666665955,0
71133.3333332622,0
71149.9999999288,0.024479772079701
71166.6666665955,0
71183.3333332621,0
71199.9999999288,0
71216.6666665954,0
71233.3333332621,0
71249.9999999287,0.0309143853674094
71266.6666665954,0
71283.333333262,0
71299.9999999287,0
71316.6666665953,0
71333.333333262,0
71349.9999999286,0.00662302540798232
71366.6666665953,0
71383.3333332619,0
71399.9999999286,0
71416.6666665953,0
71433.3333332619,0
71449.9999999285,0.0575029570459457
71466.6666665952,0
71483.3333332618,0
71499.9999999285,0
71516.6666665951,0
71533.3333332618,0
71549.9999999284,0.0172954440591318
71566.6666665951,0
71583.3333332617,0
71599.9999999284,0
71616.666666595,0
71633.3333332617,0
71649.9999999283,0.0571077394400436
71666.666666595,0
71683.3333332616,0
71699.9999999283,0
71716.6666665949,0
71733.3333332616,0
71749.9999999282,0.0685003808032647
71766.6666665949,0
71783.3333332615,0
71799.9999999282,0
71816.6666665948,0
71833.3333332615,0
71849.9999999281,0.0541561792447691
71866.6666665948,0
71883.3333332614,0
71899.9999999281,0
71916.6666665947,0
71933.3333332614,0
71949.999999928,0.0704238830753954
71966.6666665947,0
71983.3333332613,0
71999.999999928,0
72016.6666665947,0
72033.3333332613,0
72049.9999999279,0.0503859068159508
72066.6666665946,0
72083.3333332612,0
72099.9999999279,0
72116.6666665945,0
72133.3333332612,0
72149.9999999278,0.0259946723813357
72166.6666665945,0
72183.3333332611,0
72199.9999999278,0
72216.6666665944,0
72233.3333332611,0
72249.9999999277,0.0201346517986949
72266.6666665944,0
72283.333333261,0
72299.9999999277,0
72316.6666665943,0
72333.333333261,0
72349.9999999276,0.0560486784197781
72366.6666665943,0
72383.3333332609,0
72399.9999999276,0
72416.6666665942,0
72433.3333332609,0
72449.9999999275,0.0290893738650565
72466.6666665942,0
72483.3333332608,0
72499.9999999275,0
72516.6666665941,0
72533.3333332608,0
72549.9999999274,0.00115075351889228
72566.6666665941,0
72583.3333332607,0
72599.9999999274,0
72616.666666594,0
72633.3333332607,0
72649.9999999273,0.0796107097454845
72666.666666594,0
72683.3333332606,0
72699.9999999273,0
72716.6666665939,0
72733.3333332606,0
72749.9999999272,0.012587270115817
72766.6666665939,0
72783.3333332605,0
72799.9999999272,0
72816.6666665938,0
72833.3333332605,0
72849.9999999271,0.0336513873804221
72866.6666665938,0
72883.3333332604,0
72899.9999999271,0
72916.6666665937,0
72933.3333332604,0
72949.999999927,0.0291032422469454
72966.6666665937,0
72983.3333332604,0
72999.999999927,0
73016.6666665937,0
73033.3333332603,0
73049.9999999269,0.0738177342003899
73066.6666665936,0
73083.3333332602,0
73099.9999999269,0
73116.6666665935,0
73133.3333332602,0
73149.9999999268,0.0970152582173793
73166.6666665935,0
73183.3333332601,0
73199.9999999268,0
73216.6666665934,0
73233.3333332601,0
73249.9999999267,0.0455513034835484
73266.6666665934,0
73283.33333326,0
73299.9999999267,0
73316.6666665933,0
73333.33333326,0
73349.9999999266,0.146397481647537
73366.6666665933,0
73383.3333332599,0
73399.9999999266,0
73416.6666665932,0
73433.3333332599,0
73449.9999999265,0.0817111172756998
73466.6666665932,0
73483.3333332598,0
73499.9999999265,0
73516.6666665931,0
73533.3333332598,0
73549.9999999264,0.026615036909068
73566.6666665931,0
73583.3333332597,0
73599.9999999264,0
73616.666666593,0
73633.3333332597,0
73649.9999999263,0.00961547622706897
73666.666666593,0
73683.3333332597,0
73699.9999999263,0
73716.666666593,0
73733.3333332596,0
73749.9999999262,0.0744568157784466
73766.6666665929,0
73783.3333332595,0
73799.9999999262,0
73816.6666665928,0
73833.3333332595,0
73849.9999999261,0.0200845228269082
73866.6666665928,0
73883.3333332594,0
73899.9999999261,0
73916.6666665927,0
73933.3333332594,0
73949.999999926,0.0271261173907739
73966.6666665927,0
73983.3333332593,0
73999.999999926,0
74016.6666665926,0
74033.3333332593,0
74049.9999999259,0.0985938895266275
74066.6666665926,0
74083.3333332592,0
74099.9999999259,0
74116.6666665925,0
74133.3333332592,0
74149.9999999258,0.0317079313998203
74166.6666665925,0
74183.3333332591,0
74199.9999999258,0
74216.6666665924,0
74233.3333332591,0
74249.9999999257,0.0928412878110054
74266.6666665924,0
74283.333333259,0
74299.9999999257,0
74316.6666665923,0
74333.333333259,0
74349.9999999256,0.0933319316412395
74366.6666665923,0
74383.333333259,0
74399.9999999256,0
74416.6666665923,0
74433.3333332589,0
74449.9999999255,0.0791190945073866
74466.6666665922,0
74483.3333332588,0
74499.9999999255,0
74516.6666665921,0
74533.3333332588,0
74549.9999999254,0.074234867331773
74566.6666665921,0
74583.3333332587,0
74599.9999999254,0
74616.666666592,0
74633.3333332587,0
74649.9999999253,0.0423358419713584
74666.666666592,0
74683.3333332586,0
74699.9999999253,0
74716.6666665919,0
74733.3333332586,0
74749.9999999252,0.0815699306864369
74766.6666665919,0
74783.3333332585,0
74799.9999999252,0
74816.6666665918,0
74833.3333332585,0
74849.9999999251,0.0648989111486775
74866.6666665918,0
74883.3333332584,0
74899.9999999251,0
74916.6666665917,0
74933.3333332584,0
74949.999999925,0.0437019308750385
74966.6666665917,0
74983.3333332583,0
74999.999999925,0
75016.6666665916,0
75033.3333332583,0
75049.9999999249,0.0768656114044972
75066.6666665916,0
75083.3333332582,0
75099.9999999249,0
75116.6666665915,0
75133.3333332582,0
75149.9999999248,0.00614963418526272
75166.6666665915,0
75183.3333332581,0
75199.9999999248,0
75216.6666665914,0
75233.3333332581,0
75249.9999999247,0.139151410544537
75266.6666665914,0
75283.333333258,0
75299.9999999247,0
75316.6666665913,0
75333.333333258,0
75349.9999999247,0.0391699468048995
75366.6666665913,0
75383.3333332579,0
75399.9999999246,0
75416.6666665912,0
75433.3333332579,0
75449.9999999245,0.0641985591323587
75466.6666665912,0
75483.3333332578,0
75499.9999999245,0
75516.6666665911,0
75533.3333332578,0
75549.9999999244,0.0146514279190352
75566.6666665911,0
75583.3333332577,0
75599.9999999244,0
75616.666666591,0
75633.3333332577,0
75649.9999999243,0.0637304589780201
75666.666666591,0
75683.3333332576,0
75699.9999999243,0
75716.6666665909,0
75733.3333332576,0
75749.9999999242,0.0524256036796565
75766.6666665909,0
75783.3333332575,0
75799.9999999242,0
75816.6666665908,0
75833.3333332575,0
75849.9999999241,0.0108993303508046
75866.6666665908,0
75883.3333332574,0
75899.9999999241,0
75916.6666665907,0
75933.3333332574,0
75949.999999924,0.0559091018746576
75966.6666665907,0
75983.3333332573,0
75999.999999924,0
76016.6666665906,0
76033.3333332573,0
76049.999999924,0.0327152416315972
76066.6666665906,0
76083.3333332573,0
76099.9999999239,0
76116.6666665906,0
76133.3333332572,0
76149.9999999238,0.0081748704766474
76166.6666665905,0
76183.3333332571,0
76199.9999999238,0
76216.6666665904,0
76233.3333332571,0
76249.9999999237,0.0419928231589372
76266.6666665904,0
76283.333333257,0
76299.9999999237,0
76316.6666665903,0
76333.333333257,0
76349.9999999236,0.163653746927582
76366.6666665903,0
76383.3333332569,0
76399.9999999236,0
76416.6666665902,0
76433.3333332569,0
76449.9999999235,0.0940860714283817
76466.6666665902,0
76483.3333332568,0
76499.9999999235,0
76516.6666665901,0
76533.3333332568,0
76549.9999999234,0.224658235618705
76566.6666665901,0
76583.3333332567,0
76599.9999999234,0
76616.66666659,0
76633.3333332567,0
76649.9999999233,0.187104263525066
76666.66666659,0
76683.3333332566,0
76699.9999999233,0
76716.6666665899,0
76733.3333332566,0
76749.9999999232,0.127857032114236
76766.6666665899,0
76783.3333332566,0
76799.9999999232,0
76816.6666665899,0
76833.3333332565,0
76849.9999999231,0.0231373213693507
76866.6666665898,0
76883.3333332564,0
76899.9999999231,0
76916.6666665897,0
76933.3333332564,0
76949.999999923,0.0376031400830728
76966.6666665897,0
76983.3333332563,0
76999.999999923,0
77016.6666665896,0
77033.3333332563,0
77049.9999999229,0.204668220842829
77066.6666665896,0
77083.3333332562,0
77099.9999999229,0
77116.6666665895,0
77133.3333332562,0
77149.9999999228,0.254300185514697
77166.6666665895,0
77183.3333332561,0
77199.9999999228,0
77216.6666665894,0
77233.3333332561,0
77249.9999999227,0.214482679346955
77266.6666665894,0
77283.333333256,0
77299.9999999227,0
77316.6666665893,0
77333.333333256,0
77349.9999999226,0.235784397329783
77366.6666665893,0
77383.3333332559,0
77399.9999999226,0
77416.6666665892,0
77433.3333332559,0
77449.9999999225,0.230906551198406
77466.6666665892,0
77483.3333332559,0
77499.9999999225,0
77516.6666665891,0
77533.3333332558,0
77549.9999999224,0.0273127215621474
77566.6666665891,0
77583.3333332557,0
77599.9999999224,0
77616.666666589,0
77633.3333332557,0
77649.9999999223,0.283550904649699
77666.666666589,0
77683.3333332556,0
77699.9999999223,0
77716.6666665889,0
77733.3333332556,0
77749.9999999222,0.0824036196363395
77766.6666665889,0
77783.3333332555,0
77799.9999999222,0
77816.6666665888,0
77833.3333332555,0
77849.9999999221,0.137102600809109
77866.6666665888,0
77883.3333332554,0
77899.9999999221,0
77916.6666665887,0
77933.3333332554,0
77949.999999922,0.0408742037159519
77966.6666665887,0
77983.3333332553,0
77999.999999922,0
78016.6666665886,0
78033.3333332553,0
78049.9999999219,0.071445222027313
78066.6666665886,0
78083.3333332552,0
78099.9999999219,0
78116.6666665885,0
78133.3333332552,0
78149.9999999218,0.0103482684550294
78166.6666665885,0
78183.3333332551,0
78199.9999999218,0
78216.6666665884,0
78233.3333332551,0
78249.9999999217,0.0958298332803102
78266.6666665884,0
78283.333333255,0
78299.9999999217,0
78316.6666665883,0
78333.333333255,0
78349.9999999216,0.116830551623932
78366.6666665883,0
78383.3333332549,0
78399.9999999216,0
78416.6666665882,0
78433.3333332549,0
78449.9999999216,0.112434268463346
78466.6666665882,0
78483.3333332549,0
78499.9999999215,0
78516.6666665881,0
78533.3333332548,0
78549.9999999214,0.034182439219067
78566.6666665881,0
78583.3333332547,0
78599.9999999214,0
78616.666666588,0
78633.3333332547,0
78649.9999999213,0.0194186473151577
78666.666666588,0
78683.3333332546,0
78699.9999999213,0
78716.6666665879,0
78733.3333332546,0
78749.9999999212,0.10902504172632
78766.6666665879,0
78783.3333332545,0
78799.9999999212,0
78816.6666665878,0
78833.3333332545,0
78849.9999999211,0.105564371567628
78866.6666665878,0
78883.3333332544,0
78899.9999999211,0
78916.6666665877,0
78933.3333332544,0
78949.999999921,0.0251915032520181
78966.6666665877,0
78983.3333332543,0
78999.999999921,0
79016.6666665876,0
79033.3333332543,0
79049.9999999209,0.0533332099488608
79066.6666665876,0
79083.3333332542,0
79099.9999999209,0
79116.6666665875,0
79133.3333332542,0
79149.9999999209,0.131582649358447
79166.6666665875,0
79183.3333332542,0
79199.9999999208,0
79216.6666665875,0
79233.3333332541,0
79249.9999999207,0.178961952236286
79266.6666665874,0
79283.333333254,0
79299.9999999207,0
79316.6666665873,0
79333.333333254,0
79349.9999999206,0.179252066328109
79366.6666665873,0
79383.3333332539,0
79399.9999999206,0
79416.6666665872,0
79433.3333332539,0
79449.9999999205,0.173179534861165
79466.6666665872,0
79483.3333332538,0
79499.9999999205,0
79516.6666665871,0
79533.3333332538,0
79549.9999999204,0.2957834243503
79566.6666665871,0
79583.3333332537,0
79599.9999999204,0
79616.666666587,0
79633.3333332537,0
79649.9999999203,0.998387865002047
79666.666666587,0
79683.3333332536,0
79699.9999999203,0
79716.6666665869,0
79733.3333332536,0
79749.9999999202,4.76114873244531
79766.6666665869,0
79783.3333332535,0
79799.9999999202,0
79816.6666665868,0
79833.3333332535,0
79849.9999999201,4.42736031017077
79866.6666665868,0
79883.3333332535,0
79899.9999999201,0
79916.6666665867,0
79933.3333332534,0
79949.99999992,5.18811609365407
79966.6666665867,0
79983.3333332533,0
79999.99999992,0
80016.6666665866,0
80033.3333332533,0
80049.9999999199,5.21883481400885
80066.6666665866,0
80083.3333332532,0
80099.9999999199,0
80116.6666665865,0
80133.3333332532,0
80149.9999999198,4.40523706467732
80166.6666665865,0
80183.3333332531,0
80199.9999999198,0
80216.6666665864,0
80233.3333332531,0
80249.9999999197,4.76069099867874
80266.6666665864,0
80283.333333253,0
80299.9999999197,0
80316.6666665863,0
80333.333333253,0
80349.9999999196,1.04003423616202
80366.6666665863,0
80383.3333332529,0
80399.9999999196,0
80416.6666665862,0
80433.3333332529,0
80449.9999999195,0.302747368562794
80466.6666665862,0
80483.3333332528,0
80499.9999999195,0
80516.6666665861,0
80533.3333332528,0
80549.9999999194,0.178366926431077
80566.6666665861,0
80583.3333332528,0
80599.9999999194,0
80616.666666586,0
80633.3333332527,0
80649.9999999193,0.199640914971428
80666.666666586,0
80683.3333332526,0
80699.9999999193,0
80716.6666665859,0
80733.3333332526,0
80749.9999999192,0.175675985938108
80766.6666665859,0
80783.3333332525,0
80799.9999999192,0
80816.6666665858,0
80833.3333332525,0
80849.9999999191,0.0898138988091568
80866.6666665858,0
80883.3333332524,0
80899.9999999191,0
80916.6666665857,0
80933.3333332524,0
80949.999999919,0.0283395432594798
80966.6666665857,0
80983.3333332523,0
80999.999999919,0
81016.6666665856,0
81033.3333332523,0
81049.9999999189,0.00765375628277607
81066.6666665856,0
81083.3333332522,0
81099.9999999189,0
81116.6666665855,0
81133.3333332522,0
81149.9999999188,0.0676272922998526
81166.6666665855,0
81183.3333332521,0
81199.9999999188,0
81216.6666665854,0
81233.3333332521,0
81249.9999999187,0.117987462991121
81266.6666665854,0
81283.333333252,0
81299.9999999187,0
81316.6666665853,0
81333.333333252,0
81349.9999999186,0.045882847097862
81366.6666665853,0
81383.3333332519,0
81399.9999999186,0
81416.6666665852,0
81433.3333332519,0
81449.9999999185,0.0303188211097465
81466.6666665852,0
81483.3333332518,0
81499.9999999185,0
81516.6666665851,0
81533.3333332518,0
81549.9999999185,0.0892057394448051
81566.6666665851,0
81583.3333332518,0
81599.9999999184,0
81616.666666585,0
81633.3333332517,0
81649.9999999183,0.109851295142678
81666.666666585,0
81683.3333332516,0
81699.9999999183,0
81716.6666665849,0
81733.3333332516,0
81749.9999999182,0.101086299511892
81766.6666665849,0
81783.3333332515,0
81799.9999999182,0
81816.6666665848,0
81833.3333332515,0
81849.9999999181,0.0115271600047873
81866.6666665848,0
81883.3333332514,0
81899.9999999181,0
81916.6666665847,0
81933.3333332514,0
81949.999999918,0.079671730993677
81966.6666665847,0
81983.3333332513,0
81999.999999918,0
82016.6666665846,0
82033.3333332513,0
82049.9999999179,0.029049212209682
82066.6666665846,0
82083.3333332512,0
82099.9999999179,0
82116.6666665845,0
82133.3333332512,0
82149.9999999178,0.134696333702783
82166.6666665845,0
82183.3333332511,0
82199.9999999178,0
82216.6666665844,0
82233.3333332511,0
82249.9999999178,0.0617305515869998
82266.6666665844,0
82283.3333332511,0
82299.9999999177,0
82316.6666665843,0
82333.333333251,0
82349.9999999176,0.256458326977739
82366.6666665843,0
82383.3333332509,0
82399.9999999176,0
82416.6666665842,0
82433.3333332509,0
82449.9999999175,0.0178444841286036
82466.6666665842,0
82483.3333332508,0
82499.9999999175,0
82516.6666665841,0
82533.3333332508,0
82549.9999999174,0.214620726748406
82566.6666665841,0
82583.3333332507,0
82599.9999999174,0
82616.666666584,0
82633.3333332507,0
82649.9999999173,0.243086636348509
82666.666666584,0
82683.3333332506,0
82699.9999999173,0
82716.6666665839,0
82733.3333332506,0
82749.9999999172,0.214565140536766
82766.6666665839,0
82783.3333332505,0
82799.9999999172,0
82816.6666665838,0
82833.3333332505,0
82849.9999999171,0.321640061566348
82866.6666665838,0
82883.3333332504,0
82899.9999999171,0
82916.6666665837,0
82933.3333332504,0
82949.999999917,0.215623820201733
82966.6666665837,0
82983.3333332503,0
82999.999999917,0
83016.6666665836,0
83033.3333332503,0
83049.9999999169,0.00154925146794897
83066.6666665836,0
83083.3333332502,0
83099.9999999169,0
83116.6666665835,0
83133.3333332502,0
83149.9999999168,0.0314108296856753
83166.6666665835,0
83183.3333332501,0
83199.9999999168,0
83216.6666665834,0
83233.3333332501,0
83249.9999999167,0.108049395171765
83266.6666665834,0
83283.33333325,0
83299.9999999167,0
83316.6666665833,0
83333.33333325,0
83349.9999999166,0.145031626130955
83366.6666665833,0
83383.3333332499,0
83399.9999999166,0
83416.6666665832,0
83433.3333332499,0
83449.9999999165,0.206987282369208
83466.6666665832,0
83483.3333332498,0
83499.9999999165,0
83516.6666665831,0
83533.3333332498,0
83549.9999999164,0.132980447641875
83566.6666665831,0
83583.3333332497,0
83599.9999999164,0
83616.666666583,0
83633.3333332497,0
83649.9999999163,0.182227345434965
83666.666666583,0
83683.3333332496,0
83699.9999999163,0
83716.6666665829,0
83733.3333332496,0
83749.9999999162,0.0285100795185113
83766.6666665829,0
83783.3333332495,0
83799.9999999162,0
83816.6666665828,0
83833.3333332495,0
83849.9999999161,0.000578223217363345
83866.6666665828,0
83883.3333332494,0
83899.9999999161,0
83916.6666665827,0
83933.3333332494,0
83949.9999999161,0.00562883781553077
83966.6666665827,0
83983.3333332493,0
83999.999999916,0
84016.6666665826,0
84033.3333332493,0
84049.9999999159,0.0475326242678634
84066.6666665826,0
84083.3333332492,0
84099.9999999159,0
84116.6666665825,0
84133.3333332492,0
84149.9999999158,0.00173381016018797
84166.6666665825,0
84183.3333332491,0
84199.9999999158,0
84216.6666665824,0
84233.3333332491,0
84249.9999999157,0.0262184753050625
84266.6666665824,0
84283.333333249,0
84299.9999999157,0
84316.6666665823,0
84333.333333249,0
84349.9999999156,0.0491263005602756
84366.6666665823,0
84383.3333332489,0
84399.9999999156,0
84416.6666665822,0
84433.3333332489,0
84449.9999999155,0.0233556778736028
84466.6666665822,0
84483.3333332488,0
84499.9999999155,0
84516.6666665821,0
84533.3333332488,0
84549.9999999154,0.0392007912395982
84566.6666665821,0
84583.3333332487,0
84599.9999999154,0
84616.666666582,0
84633.3333332487,0
84649.9999999154,0.0410261519350569
84666.666666582,0
84683.3333332487,0
84699.9999999153,0
84716.6666665819,0
84733.3333332486,0
84749.9999999152,0.107228250841703
84766.6666665819,0
84783.3333332485,0
84799.9999999152,0
84816.6666665818,0
84833.3333332485,0
84849.9999999151,0.0202770384534342
84866.6666665818,0
84883.3333332484,0
84899.9999999151,0
84916.6666665817,0
84933.3333332484,0
84949.999999915,0.0714576311334308
84966.6666665817,0
84983.3333332483,0
84999.999999915,0
85016.6666665816,0
85033.3333332483,0
85049.9999999149,0.0689460787722411
85066.6666665816,0
85083.3333332482,0
85099.9999999149,0
85116.6666665815,0
85133.3333332482,0
85149.9999999148,0.0676778096062397
85166.6666665815,0
85183.3333332481,0
85199.9999999148,0
85216.6666665814,0
85233.3333332481,0
85249.9999999147,0.0985940433623573
85266.6666665814,0
85283.333333248,0
85299.9999999147,0
85316.6666665813,0
85333.333333248,0
85349.9999999147,0.0500063776409972
85366.6666665813,0
85383.3333332479,0
85399.9999999146,0
85416.6666665812,0
85433.3333332479,0
85449.9999999145,0.102649172568117
85466.6666665812,0
85483.3333332478,0
85499.9999999145,0
85516.6666665811,0
85533.3333332478,0
85549.9999999144,0.0549321318366553
85566.6666665811,0
85583.3333332477,0
85599.9999999144,0
85616.666666581,0
85633.3333332477,0
85649.9999999143,0.128828981944771
85666.666666581,0
85683.3333332476,0
85699.9999999143,0
85716.6666665809,0
85733.3333332476,0
85749.9999999142,0.0874537803961932
85766.6666665809,0
85783.3333332475,0
85799.9999999142,0
85816.6666665808,0
85833.3333332475,0
85849.9999999141,0.0103350198720622
85866.6666665808,0
85883.3333332474,0
85899.9999999141,0
85916.6666665807,0
85933.3333332474,0
85949.999999914,0.0825108683456021
85966.6666665807,0
85983.3333332473,0
85999.999999914,0
86016.6666665806,0
86033.3333332473,0
86049.9999999139,0.0683708992156244
86066.6666665806,0
86083.3333332472,0
86099.9999999139,0
86116.6666665805,0
86133.3333332472,0
86149.9999999138,0.0746686852116272
86166.6666665805,0
86183.3333332471,0
86199.9999999138,0
86216.6666665804,0
86233.3333332471,0
86249.9999999137,0.0543646081233336
86266.6666665804,0
86283.333333247,0
86299.9999999137,0
86316.6666665803,0
86333.333333247,0
86349.9999999136,0.0135016905668188
86366.6666665803,0
86383.3333332469,0
86399.9999999136,0
86416.6666665802,0
86433.3333332469,0
86449.9999999135,0.00755422996085228
86466.6666665802,0
86483.3333332468,0
86499.9999999135,0
86516.6666665801,0
86533.3333332468,0
86549.9999999134,0.0451046541703863
86566.6666665801,0
86583.3333332467,0
86599.9999999134,0
86616.66666658,0
86633.3333332467,0
86649.9999999133,0.133265813535032
86666.66666658,0
86683.3333332466,0
86699.9999999133,0
86716.6666665799,0
86733.3333332466,0
86749.9999999132,0.0770218026324358
86766.6666665799,0
86783.3333332465,0
86799.9999999132,0
86816.6666665798,0
86833.3333332465,0
86849.9999999131,0.0845735859745019
86866.6666665798,0
86883.3333332464,0
86899.9999999131,0
86916.6666665797,0
86933.3333332464,0
86949.999999913,0.0626884846768528
86966.6666665797,0
86983.3333332463,0
86999.999999913,0
87016.6666665797,0
87033.3333332463,0
87049.999999913,0.0419536578048537
87066.6666665796,0
87083.3333332462,0
87099.9999999129,0
87116.6666665795,0
87133.3333332462,0
87149.9999999128,0.0192124913996919
87166.6666665795,0
87183.3333332461,0
87199.9999999128,0
87216.6666665794,0
87233.3333332461,0
87249.9999999127,0.000168124224865294
87266.6666665794,0
87283.333333246,0
87299.9999999127,0
87316.6666665793,0
87333.333333246,0
87349.9999999126,0.0675511594880947
87366.6666665793,0
87383.3333332459,0
87399.9999999126,0
87416.6666665792,0
87433.3333332459,0
87449.9999999125,0.0333649113792336
87466.6666665792,0
87483.3333332458,0
87499.9999999125,0
87516.6666665791,0
87533.3333332458,0
87549.9999999124,0.0262387004815486
87566.6666665791,0
87583.3333332457,0
87599.9999999124,0
87616.666666579,0
87633.3333332457,0
87649.9999999123,0.0841897521968394
87666.666666579,0
87683.3333332456,0
87699.9999999123,0
87716.6666665789,0
87733.3333332456,0
87749.9999999123,0.0335873152358285
87766.6666665789,0
87783.3333332455,0
87799.9999999122,0
87816.6666665788,0
87833.3333332455,0
87849.9999999121,0.0625361536566456
87866.6666665788,0
87883.3333332454,0
87899.9999999121,0
87916.6666665787,0
87933.3333332454,0
87949.999999912,0.0117424085656814
87966.6666665787,0
87983.3333332453,0
87999.999999912,0
88016.6666665786,0
88033.3333332453,0
88049.9999999119,0.07639181361574
88066.6666665786,0
88083.3333332452,0
88099.9999999119,0
88116.6666665785,0
88133.3333332452,0
88149.9999999118,0.022918316771059
88166.6666665785,0
88183.3333332451,0
88199.9999999118,0
88216.6666665784,0
88233.3333332451,0
88249.9999999117,0.0535791582155096
88266.6666665784,0
88283.333333245,0
88299.9999999117,0
88316.6666665783,0
88333.333333245,0
88349.9999999116,0.0427510124074733
88366.6666665783,0
88383.3333332449,0
88399.9999999116,0
88416.6666665782,0
88433.3333332449,0
88449.9999999116,0.0108169236453629
88466.6666665782,0
88483.3333332448,0
88499.9999999115,0
88516.6666665781,0
88533.3333332448,0
88549.9999999114,0.0648459843327773
88566.6666665781,0
88583.3333332447,0
88599.9999999114,0
88616.666666578,0
88633.3333332447,0
88649.9999999113,0.010949208019214
88666.666666578,0
88683.3333332446,0
88699.9999999113,0
88716.6666665779,0
88733.3333332446,0
88749.9999999112,0.0095130408550177
88766.6666665779,0
88783.3333332445,0
88799.9999999112,0
88816.6666665778,0
88833.3333332445,0
88849.9999999111,0.0409032251685514
88866.6666665778,0
88883.3333332444,0
88899.9999999111,0
88916.6666665777,0
88933.3333332444,0
88949.999999911,0.0489782746201147
88966.6666665777,0
88983.3333332443,0
88999.999999911,0
89016.6666665776,0
89033.3333332443,0
89049.9999999109,0.0439509692212833
89066.6666665776,0
89083.3333332442,0
89099.9999999109,0
89116.6666665775,0
89133.3333332442,0
89149.9999999108,0.0336208304170553
89166.6666665775,0
89183.3333332441,0
89199.9999999108,0
89216.6666665774,0
89233.3333332441,0
89249.9999999107,0.0696598881566766
89266.6666665774,0
89283.333333244,0
89299.9999999107,0
89316.6666665773,0
89333.333333244,0
89349.9999999106,0.0435514854554726
89366.6666665773,0
89383.3333332439,0
89399.9999999106,0
89416.6666665772,0
89433.3333332439,0
89449.9999999105,0.0144338081369007
89466.6666665772,0
89483.3333332438,0
89499.9999999105,0
89516.6666665771,0
89533.3333332438,0
89549.9999999104,0.00707344974051554
89566.6666665771,0
89583.3333332437,0
89599.9999999104,0
89616.666666577,0
89633.3333332437,0
89649.9999999103,0.0281202042504383
89666.666666577,0
89683.3333332436,0
89699.9999999103,0
89716.6666665769,0
89733.3333332436,0
89749.9999999102,0.00724935370841832
89766.6666665769,0
89783.3333332435,0
89799.9999999102,0
89816.6666665768,0
89833.3333332435,0
89849.9999999101,0.0405471491805188
89866.6666665768,0
89883.3333332434,0
89899.9999999101,0
89916.6666665767,0
89933.3333332434,0
89949.99999991,0.0930361121276688
89966.6666665767,0
89983.3333332433,0
89999.99999991,0
90016.6666665766,0
90033.3333332433,0
90049.9999999099,0.109028122371652
90066.6666665766,0
90083.3333332432,0
90099.9999999099,0
90116.6666665766,0
90133.3333332432,0
90149.9999999099,0.015632372921247
90166.6666665765,0
90183.3333332431,0
90199.9999999098,0
90216.6666665764,0
90233.3333332431,0
90249.9999999097,0.0181797938706996
90266.6666665764,0
90283.333333243,0
90299.9999999097,0
90316.6666665763,0
90333.333333243,0
90349.9999999096,0.0359515057175507
90366.6666665763,0
90383.3333332429,0
90399.9999999096,0
90416.6666665762,0
90433.3333332429,0
90449.9999999095,0.0754592536048689
90466.6666665762,0
90483.3333332428,0
90499.9999999095,0
90516.6666665761,0
90533.3333332428,0
90549.9999999094,0.0469769342219724
90566.6666665761,0
90583.3333332427,0
90599.9999999094,0
90616.666666576,0
90633.3333332427,0
90649.9999999093,0.0469917236528379
90666.666666576,0
90683.3333332426,0
90699.9999999093,0
90716.6666665759,0
90733.3333332426,0
90749.9999999092,0.0167301879955709
90766.6666665759,0
90783.3333332425,0
90799.9999999092,0
90816.6666665758,0
90833.3333332425,0
90849.9999999092,0.0173945145865063
90866.6666665758,0
90883.3333332424,0
90899.9999999091,0
90916.6666665757,0
90933.3333332424,0
90949.999999909,0.039688287311719
90966.6666665757,0
90983.3333332423,0
90999.999999909,0
91016.6666665756,0
91033.3333332423,0
91049.9999999089,0.0125521436304608
91066.6666665756,0
91083.3333332422,0
91099.9999999089,0
91116.6666665755,0
91133.3333332422,0
91149.9999999088,0.0232589227346658
91166.6666665755,0
91183.3333332421,0
91199.9999999088,0
91216.6666665754,0
91233.3333332421,0
91249.9999999087,0.0116926934823499
91266.6666665754,0
91283.333333242,0
91299.9999999087,0
91316.6666665753,0
91333.333333242,0
91349.9999999086,0.0127235033593801
91366.6666665753,0
91383.3333332419,0
91399.9999999086,0
91416.6666665752,0
91433.3333332419,0
91449.9999999085,0.0162686881426057
91466.6666665752,0
91483.3333332418,0
91499.9999999085,0
91516.6666665751,0
91533.3333332418,0
91549.9999999084,0.00367773596332974
91566.6666665751,0
91583.3333332417,0
91599.9999999084,0
91616.666666575,0
91633.3333332417,0
91649.9999999083,0.0207763462091078
91666.666666575,0
91683.3333332416,0
91699.9999999083,0
91716.6666665749,0
91733.3333332416,0
91749.9999999082,0.042455419512527
91766.6666665749,0
91783.3333332415,0
91799.9999999082,0
91816.6666665748,0
91833.3333332415,0
91849.9999999081,0.0447306796882559
91866.6666665748,0
91883.3333332414,0
91899.9999999081,0
91916.6666665747,0
91933.3333332414,0
91949.999999908,0.00458104736269705
91966.6666665747,0
91983.3333332413,0
91999.999999908,0
92016.6666665746,0
92033.3333332413,0
92049.9999999079,0.0574819390583884
92066.6666665746,0
92083.3333332412,0
92099.9999999079,0
92116.6666665745,0
92133.3333332412,0
92149.9999999078,0.0312787023581002
92166.6666665745,0
92183.3333332411,0
92199.9999999078,0
92216.6666665744,0
92233.3333332411,0
92249.9999999077,0.0119584080548504
92266.6666665744,0
92283.333333241,0
92299.9999999077,0
92316.6666665743,0
92333.333333241,0
92349.9999999076,0.00254503334585892
92366.6666665743,0
92383.3333332409,0
92399.9999999076,0
92416.6666665742,0
92433.3333332409,0
92449.9999999075,0.020352577347352
92466.6666665742,0
92483.3333332408,0
92499.9999999075,0
92516.6666665742,0
92533.3333332408,0
92549.9999999074,0.04958093609868
92566.6666665741,0
92583.3333332407,0
92599.9999999074,0
92616.666666574,0
92633.3333332407,0
92649.9999999073,0.0611107968844646
92666.666666574,0
92683.3333332406,0
92699.9999999073,0
92716.6666665739,0
92733.3333332406,0
92749.9999999072,0.0283625704466345
92766.6666665739,0
92783.3333332405,0
92799.9999999072,0
92816.6666665738,0
92833.3333332405,0
92849.9999999071,0.0429544028730639
92866.6666665738,0
92883.3333332404,0
92899.9999999071,0
92916.6666665737,0
92933.3333332404,0
92949.999999907,0.00222862295050533
92966.6666665737,0
92983.3333332403,0
92999.999999907,0
93016.6666665736,0
93033.3333332403,0
93049.9999999069,0.0808371682220397
93066.6666665736,0
93083.3333332402,0
93099.9999999069,0
93116.6666665735,0
93133.3333332402,0
93149.9999999068,0.067758734340265
93166.6666665735,0
93183.3333332401,0
93199.9999999068,0
93216.6666665735,0
93233.3333332401,0
93249.9999999067,0.0238266093154806
93266.6666665734,0
93283.33333324,0
93299.9999999067,0
93316.6666665733,0
93333.33333324,0
93349.9999999066,0.000642559702146794
93366.6666665733,0
93383.3333332399,0
93399.9999999066,0
93416.6666665732,0
93433.3333332399,0
93449.9999999065,0.0446036203287022
93466.6666665732,0
93483.3333332398,0
93499.9999999065,0
93516.6666665731,0
93533.3333332398,0
93549.9999999064,0.0760055735319537
93566.6666665731,0
93583.3333332397,0
93599.9999999064,0
93616.666666573,0
93633.3333332397,0
93649.9999999063,0.0160908496033971
93666.666666573,0
93683.3333332396,0
93699.9999999063,0
93716.6666665729,0
93733.3333332396,0
93749.9999999062,0.0112094212476445
93766.6666665729,0
93783.3333332395,0
93799.9999999062,0
93816.6666665728,0
93833.3333332395,0
93849.9999999061,0.0126421486836198
93866.6666665728,0
93883.3333332394,0
93899.9999999061,0
93916.6666665727,0
93933.3333332394,0
93949.999999906,0.0199909192749014
93966.6666665727,0
93983.3333332393,0
93999.999999906,0
94016.6666665726,0
94033.3333332393,0
94049.9999999059,0.00660860163412965
94066.6666665726,0
94083.3333332392,0
94099.9999999059,0
94116.6666665725,0
94133.3333332392,0
94149.9999999058,0.015164075593608
94166.6666665725,0
94183.3333332391,0
94199.9999999058,0
94216.6666665724,0
94233.3333332391,0
94249.9999999057,0.0109854223200434
94266.6666665724,0
94283.333333239,0
94299.9999999057,0
94316.6666665723,0
94333.333333239,0
94349.9999999056,0.0115426089729796
94366.6666665723,0
94383.3333332389,0
94399.9999999056,0
94416.6666665722,0
94433.3333332389,0
94449.9999999055,0.0268482287530137
94466.6666665722,0
94483.3333332388,0
94499.9999999055,0
94516.6666665721,0
94533.3333332388,0
94549.9999999054,0.00551553385226906
94566.6666665721,0
94583.3333332387,0
94599.9999999054,0
94616.666666572,0
94633.3333332387,0
94649.9999999053,0.0485535805941664
94666.666666572,0
94683.3333332386,0
94699.9999999053,0
94716.6666665719,0
94733.3333332386,0
94749.9999999052,0.00202870101868624
94766.6666665719,0
94783.3333332385,0
94799.9999999052,0
94816.6666665718,0
94833.3333332385,0
94849.9999999051,0.0181751660873276
94866.6666665718,0
94883.3333332384,0
94899.9999999051,0
94916.6666665717,0
94933.3333332384,0
94949.999999905,0.0243712536823607
94966.6666665717,0
94983.3333332383,0
94999.999999905,0
95016.6666665716,0
95033.3333332383,0
95049.9999999049,0.0120876250851925
95066.6666665716,0
95083.3333332382,0
95099.9999999049,0
95116.6666665715,0
95133.3333332382,0
95149.9999999048,0.0210855117224695
95166.6666665715,0
95183.3333332381,0
95199.9999999048,0
95216.6666665714,0
95233.3333332381,0
95249.9999999047,0.00954993661722931
95266.6666665714,0
95283.333333238,0
95299.9999999047,0
95316.6666665713,0
95333.333333238,0
95349.9999999046,0.0357596709933065
95366.6666665713,0
95383.3333332379,0
95399.9999999046,0
95416.6666665712,0
95433.3333332379,0
95449.9999999045,0.0600514737724348
95466.6666665712,0
95483.3333332378,0
95499.9999999045,0
95516.6666665711,0
95533.3333332378,0
95549.9999999044,0.0223949060938194
95566.6666665711,0
95583.3333332377,0
95599.9999999044,0
95616.6666665711,0
95633.3333332377,0
95649.9999999043,0.0734241886047667
95666.666666571,0
95683.3333332376,0
95699.9999999043,0
95716.6666665709,0
95733.3333332376,0
95749.9999999042,0.058973607148578
95766.6666665709,0
95783.3333332375,0
95799.9999999042,0
95816.6666665708,0
95833.3333332375,0
95849.9999999041,0.0061123192279522
95866.6666665708,0
95883.3333332374,0
95899.9999999041,0
95916.6666665707,0
95933.3333332374,0
95949.999999904,0.047589405817096
95966.6666665707,0
95983.3333332373,0
95999.999999904,0
96016.6666665706,0
96033.3333332373,0
96049.9999999039,0.00821778263532547
96066.6666665706,0
96083.3333332372,0
96099.9999999039,0
96116.6666665705,0
96133.3333332372,0
96149.9999999038,0.0299474523828091
96166.6666665705,0
96183.3333332371,0
96199.9999999038,0
96216.6666665704,0
96233.3333332371,0
96249.9999999037,0.023436565456093
96266.6666665704,0
96283.333333237,0
96299.9999999037,0
96316.6666665704,0
96333.333333237,0
96349.9999999036,0.0132646729237568
96366.6666665703,0
96383.3333332369,0
96399.9999999036,0
96416.6666665702,0
96433.3333332369,0
96449.9999999035,0.0414479172292101
96466.6666665702,0
96483.3333332368,0
96499.9999999035,0
96516.6666665701,0
96533.3333332368,0
96549.9999999034,0.0368643426141336
96566.6666665701,0
96583.3333332367,0
96599.9999999034,0
96616.66666657,0
96633.3333332367,0
96649.9999999033,0.0107510166355847
96666.66666657,0
96683.3333332366,0
96699.9999999033,0
96716.6666665699,0
96733.3333332366,0
96749.9999999032,0.0521567609167608
96766.6666665699,0
96783.3333332365,0
96799.9999999032,0
96816.6666665698,0
96833.3333332365,0
96849.9999999031,0.0443696946302001
96866.6666665698,0
96883.3333332364,0
96899.9999999031,0
96916.6666665697,0
96933.3333332364,0
96949.999999903,0.0198668480347941
96966.6666665697,0
96983.3333332363,0
96999.999999903,0
97016.6666665696,0
97033.3333332363,0
97049.9999999029,0.00214504954257037
97066.6666665696,0
97083.3333332362,0
97099.9999999029,0
97116.6666665695,0
97133.3333332362,0
97149.9999999028,0.0264263117665494
97166.6666665695,0
97183.3333332361,0
97199.9999999028,0
97216.6666665694,0
97233.3333332361,0
97249.9999999027,0.0192501434211999
97266.6666665694,0
97283.333333236,0
97299.9999999027,0
97316.6666665693,0
97333.333333236,0
97349.9999999026,0.0178364213271786
97366.6666665693,0
97383.3333332359,0
97399.9999999026,0
97416.6666665692,0
97433.3333332359,0
97449.9999999025,0.0107097717829973
97466.6666665692,0
97483.3333332358,0
97499.9999999025,0
97516.6666665691,0
97533.3333332358,0
97549.9999999024,0.0191698920981731
97566.6666665691,0
97583.3333332357,0
97599.9999999024,0
97616.666666569,0
97633.3333332357,0
97649.9999999023,0.0167079969040207
97666.666666569,0
97683.3333332356,0
97699.9999999023,0
97716.6666665689,0
97733.3333332356,0
97749.9999999022,0.0111679667697466
97766.6666665689,0
97783.3333332355,0
97799.9999999022,0
97816.6666665688,0
97833.3333332355,0
97849.9999999021,0.00530148906625942
97866.6666665688,0
97883.3333332354,0
97899.9999999021,0
97916.6666665687,0
97933.3333332354,0
97949.999999902,0.0018020244350393
97966.6666665687,0
97983.3333332354,0
97999.999999902,0
98016.6666665686,0
98033.3333332353,0
98049.9999999019,0.0260709854844099
98066.6666665686,0
98083.3333332352,0
98099.9999999019,0
98116.6666665685,0
98133.3333332352,0
98149.9999999018,0.00972186853244646
98166.6666665685,0
98183.3333332351,0
98199.9999999018,0
98216.6666665684,0
98233.3333332351,0
98249.9999999017,0.0629582103855248
98266.6666665684,0
98283.333333235,0
98299.9999999017,0
98316.6666665683,0
98333.333333235,0
98349.9999999016,0.0566270130705182
98366.6666665683,0
98383.3333332349,0
98399.9999999016,0
98416.6666665682,0
98433.3333332349,0
98449.9999999015,0.050202315721347
98466.6666665682,0
98483.3333332348,0
98499.9999999015,0
98516.6666665681,0
98533.3333332348,0
98549.9999999014,0.0793576897688757
98566.6666665681,0
98583.3333332347,0
98599.9999999014,0
98616.666666568,0
98633.3333332347,0
98649.9999999013,0.00852659597830136
98666.666666568,0
98683.3333332346,0
98699.9999999013,0
98716.666666568,0
98733.3333332346,0
98749.9999999012,0.0095346181045178
98766.6666665679,0
98783.3333332345,0
98799.9999999012,0
98816.6666665678,0
98833.3333332345,0
98849.9999999011,0.0226713819065745
98866.6666665678,0
98883.3333332344,0
98899.9999999011,0
98916.6666665677,0
98933.3333332344,0
98949.999999901,0.0229153822888088
98966.6666665677,0
98983.3333332343,0
98999.999999901,0
99016.6666665676,0
99033.3333332343,0
99049.9999999009,0.016118221025065
99066.6666665676,0
99083.3333332342,0
99099.9999999009,0
99116.6666665675,0
99133.3333332342,0
99149.9999999008,0.0164395633641108
99166.6666665675,0
99183.3333332341,0
99199.9999999008,0
99216.6666665674,0
99233.3333332341,0
99249.9999999007,0.00378583116140993
99266.6666665674,0
99283.333333234,0
99299.9999999007,0
99316.6666665673,0
99333.333333234,0
99349.9999999006,0.00236776395348951
99366.6666665673,0
99383.3333332339,0
99399.9999999006,0
99416.6666665672,0
99433.3333332339,0
99449.9999999005,0.0246662789431131
99466.6666665672,0
99483.3333332338,0
99499.9999999005,0
99516.6666665671,0
99533.3333332338,0
99549.9999999004,0.0253748030553817
99566.6666665671,0
99583.3333332337,0
99599.9999999004,0
99616.666666567,0
99633.3333332337,0
99649.9999999003,0.00840069474612601
99666.666666567,0
99683.3333332336,0
99699.9999999003,0
99716.6666665669,0
99733.3333332336,0
99749.9999999002,0.0246635161465404
99766.6666665669,0
99783.3333332335,0
99799.9999999002,0
99816.6666665668,0
99833.3333332335,0
99849.9999999001,0.0322826941766264
99866.6666665668,0
99883.3333332334,0
99899.9999999001,0
99916.6666665667,0
99933.3333332334,0
99949.9999999,0.051131058071803
99966.6666665667,0
99983.3333332333,0
99999.9999999,0
100016.666666567,0
100033.333333233,0
100049.9999999,0.0230051729364692
100066.666666567,0
100083.333333233,0
100099.9999999,0
100116.666666567,0
100133.333333233,0
100149.9999999,0.0130745063653118
100166.666666566,0
100183.333333233,0
100199.9999999,0
100216.666666566,0
100233.333333233,0
100249.9999999,0.0341551044454513
100266.666666566,0
100283.333333233,0
100299.9999999,0
100316.666666566,0
100333.333333233,0
100349.9999999,0.0542831296451977
100366.666666566,0
100383.333333233,0
100399.9999999,0
100416.666666566,0
100433.333333233,0
100449.9999999,0.00880398635366932
100466.666666566,0
100483.333333233,0
100499.999999899,0
100516.666666566,0
100533.333333233,0
100549.999999899,0.0104893450847506
100566.666666566,0
100583.333333233,0
100599.999999899,0
100616.666666566,0
100633.333333233,0
100649.999999899,0.0448945277627596
100666.666666566,0
100683.333333233,0
100699.999999899,0
100716.666666566,0
100733.333333233,0
100749.999999899,0.00815577718489447
100766.666666566,0
100783.333333233,0
100799.999999899,0
100816.666666566,0
100833.333333232,0
100849.999999899,0.0325731648062606
100866.666666566,0
100883.333333232,0
100899.999999899,0
100916.666666566,0
100933.333333232,0
100949.999999899,0.0113311498262487
100966.666666566,0
100983.333333232,0
100999.999999899,0
101016.666666566,0
101033.333333232,0
101049.999999899,0.0512849874987921
101066.666666566,0
101083.333333232,0
101099.999999899,0
101116.666666566,0
101133.333333232,0
101149.999999899,0.0411259042592551
101166.666666565,0
101183.333333232,0
101199.999999899,0
101216.666666565,0
101233.333333232,0
101249.999999899,0.00121101709383551
101266.666666565,0
101283.333333232,0
101299.999999899,0
101316.666666565,0
101333.333333232,0
101349.999999899,0.0553460953980215
101366.666666565,0
101383.333333232,0
101399.999999899,0
101416.666666565,0
101433.333333232,0
101449.999999899,0.0455121517183143
101466.666666565,0
101483.333333232,0
101499.999999898,0
101516.666666565,0
101533.333333232,0
101549.999999898,0.0184789518385446
101566.666666565,0
101583.333333232,0
101599.999999898,0
101616.666666565,0
101633.333333232,0
101649.999999898,0.0172900632957107
101666.666666565,0
101683.333333232,0
101699.999999898,0
101716.666666565,0
101733.333333232,0
101749.999999898,0.0504060765391705
101766.666666565,0
101783.333333232,0
101799.999999898,0
101816.666666565,0
101833.333333231,0
101849.999999898,0.0241369844739728
101866.666666565,0
101883.333333231,0
101899.999999898,0
101916.666666565,0
101933.333333231,0
101949.999999898,0.0115125821683619
101966.666666565,0
101983.333333231,0
101999.999999898,0
102016.666666565,0
102033.333333231,0
102049.999999898,0.0176101822633968
102066.666666565,0
102083.333333231,0
102099.999999898,0
102116.666666565,0
102133.333333231,0
102149.999999898,0.0347582593856446
102166.666666564,0
102183.333333231,0
102199.999999898,0
102216.666666564,0
102233.333333231,0
102249.999999898,0.0111957281665149
102266.666666564,0
102283.333333231,0
102299.999999898,0
102316.666666564,0
102333.333333231,0
102349.999999898,0.0381747586994372
102366.666666564,0
102383.333333231,0
102399.999999898,0
102416.666666564,0
102433.333333231,0
102449.999999898,0.0135255779352272
102466.666666564,0
102483.333333231,0
102499.999999897,0
102516.666666564,0
102533.333333231,0
102549.999999897,0.0310202635216337
102566.666666564,0
102583.333333231,0
102599.999999897,0
102616.666666564,0
102633.333333231,0
102649.999999897,0.0171429720672784
102666.666666564,0
102683.333333231,0
102699.999999897,0
102716.666666564,0
102733.333333231,0
102749.999999897,0.000866980795876657
102766.666666564,0
102783.333333231,0
102799.999999897,0
102816.666666564,0
102833.33333323,0
102849.999999897,0.0385646303940307
102866.666666564,0
102883.33333323,0
102899.999999897,0
102916.666666564,0
102933.33333323,0
102949.999999897,0.0383913485743195
102966.666666564,0
102983.33333323,0
102999.999999897,0
103016.666666564,0
103033.33333323,0
103049.999999897,0.00378717631768109
103066.666666564,0
103083.33333323,0
103099.999999897,0
103116.666666564,0
103133.33333323,0
103149.999999897,0.0194626451842064
103166.666666563,0
103183.33333323,0
103199.999999897,0
103216.666666563,0
103233.33333323,0
103249.999999897,0.0553469161856711
103266.666666563,0
103283.33333323,0
103299.999999897,0
103316.666666563,0
103333.33333323,0
103349.999999897,0.0554360246134869
103366.666666563,0
103383.33333323,0
103399.999999897,0
103416.666666563,0
103433.33333323,0
103449.999999897,0.000850250326917071
103466.666666563,0
103483.33333323,0
103499.999999896,0
103516.666666563,0
103533.33333323,0
103549.999999896,0.0154536011140764
103566.666666563,0
103583.33333323,0
103599.999999896,0
103616.666666563,0
103633.33333323,0
103649.999999896,0.0446815181838946
103666.666666563,0
103683.33333323,0
103699.999999896,0
103716.666666563,0
103733.33333323,0
103749.999999896,0.0285001095102111
103766.666666563,0
103783.33333323,0
103799.999999896,0
103816.666666563,0
103833.33333323,0
103849.999999896,0.0195802254828124
103866.666666563,0
103883.333333229,0
103899.999999896,0
103916.666666563,0
103933.333333229,0
103949.999999896,0.0225230463118457
103966.666666563,0
103983.333333229,0
103999.999999896,0
104016.666666563,0
104033.333333229,0
104049.999999896,0.025040246375806
104066.666666563,0
104083.333333229,0
104099.999999896,0
104116.666666563,0
104133.333333229,0
104149.999999896,0.0313647510709746
104166.666666562,0
104183.333333229,0
104199.999999896,0
104216.666666562,0
104233.333333229,0
104249.999999896,0.0656493272875063
104266.666666562,0
104283.333333229,0
104299.999999896,0
104316.666666562,0
104333.333333229,0
104349.999999896,0.0096855851520325
104366.666666562,0
104383.333333229,0
104399.999999896,0
104416.666666562,0
104433.333333229,0
104449.999999896,0.00642275108143806
104466.666666562,0
104483.333333229,0
104499.999999895,0
104516.666666562,0
104533.333333229,0
104549.999999895,0.0151453040803172
104566.666666562,0
104583.333333229,0
104599.999999895,0
104616.666666562,0
104633.333333229,0
104649.999999895,0.0684708369551895
104666.666666562,0
104683.333333229,0
104699.999999895,0
104716.666666562,0
104733.333333229,0
104749.999999895,0.0498123965422015
104766.666666562,0
104783.333333229,0
104799.999999895,0
104816.666666562,0
104833.333333228,0
104849.999999895,0.0231294365028201
104866.666666562,0
104883.333333228,0
104899.999999895,0
104916.666666562,0
104933.333333228,0
104949.999999895,0.0653886188223812
104966.666666562,0
104983.333333228,0
104999.999999895,0
105016.666666562,0
105033.333333228,0
105049.999999895,0.0123977121617139
105066.666666562,0
105083.333333228,0
105099.999999895,0
105116.666666562,0
105133.333333228,0
105149.999999895,0.0126950878913387
105166.666666561,0
105183.333333228,0
105199.999999895,0
105216.666666561,0
105233.333333228,0
105249.999999895,0.00822893408918552
105266.666666561,0
105283.333333228,0
105299.999999895,0
105316.666666561,0
105333.333333228,0
105349.999999895,0.0106016278167852
105366.666666561,0
105383.333333228,0
105399.999999895,0
105416.666666561,0
105433.333333228,0
105449.999999895,0.0434176300923567
105466.666666561,0
105483.333333228,0
105499.999999894,0
105516.666666561,0
105533.333333228,0
105549.999999894,0.00372540581875558
105566.666666561,0
105583.333333228,0
105599.999999894,0
105616.666666561,0
105633.333333228,0
105649.999999894,0.0331179963269323
105666.666666561,0
105683.333333228,0
105699.999999894,0
105716.666666561,0
105733.333333228,0
105749.999999894,0.0057571379865257
105766.666666561,0
105783.333333228,0
105799.999999894,0
105816.666666561,0
105833.333333227,0
105849.999999894,0.0145480532767014
105866.666666561,0
105883.333333227,0
105899.999999894,0
105916.666666561,0
105933.333333227,0
105949.999999894,0.0200914043028212
105966.666666561,0
105983.333333227,0
105999.999999894,0
106016.666666561,0
106033.333333227,0
106049.999999894,0.0159225138320231
106066.666666561,0
106083.333333227,0
106099.999999894,0
106116.666666561,0
106133.333333227,0
106149.999999894,0.00490660233044839
106166.66666656,0
106183.333333227,0
106199.999999894,0
106216.66666656,0
106233.333333227,0
106249.999999894,0.00160936888386405
106266.66666656,0
106283.333333227,0
106299.999999894,0
106316.66666656,0
106333.333333227,0
106349.999999894,0.070712259309276
106366.66666656,0
106383.333333227,0
106399.999999894,0
106416.66666656,0
106433.333333227,0
106449.999999894,0.0433148649593429
106466.66666656,0
106483.333333227,0
106499.999999893,0
106516.66666656,0
106533.333333227,0
106549.999999893,0.00169253453693706
106566.66666656,0
106583.333333227,0
106599.999999893,0
106616.66666656,0
106633.333333227,0
106649.999999893,0.0206466819179378
106666.66666656,0
106683.333333227,0
106699.999999893,0
106716.66666656,0
106733.333333227,0
106749.999999893,0.0619199268542623
106766.66666656,0
106783.333333227,0
106799.999999893,0
106816.66666656,0
106833.333333226,0
106849.999999893,0.0573463450847753
106866.66666656,0
106883.333333226,0
106899.999999893,0
106916.66666656,0
106933.333333226,0
106949.999999893,0.00182281884736112
106966.66666656,0
106983.333333226,0
106999.999999893,0
107016.66666656,0
107033.333333226,0
107049.999999893,0.00994603791747976
107066.66666656,0
107083.333333226,0
107099.999999893,0
107116.66666656,0
107133.333333226,0
107149.999999893,0.0165506779944598
107166.666666559,0
107183.333333226,0
107199.999999893,0
107216.666666559,0
107233.333333226,0
107249.999999893,0.0219875604768148
107266.666666559,0
107283.333333226,0
107299.999999893,0
107316.666666559,0
107333.333333226,0
107349.999999893,0.0104293238249308
107366.666666559,0
107383.333333226,0
107399.999999893,0
107416.666666559,0
107433.333333226,0
107449.999999893,0.100313649953957
107466.666666559,0
107483.333333226,0
107499.999999892,0
107516.666666559,0
107533.333333226,0
107549.999999892,0.0701618360051272
107566.666666559,0
107583.333333226,0
107599.999999892,0
107616.666666559,0
107633.333333226,0
107649.999999892,0.0190190983265465
107666.666666559,0
107683.333333226,0
107699.999999892,0
107716.666666559,0
107733.333333226,0
107749.999999892,0.0340043676806799
107766.666666559,0
107783.333333226,0
107799.999999892,0
107816.666666559,0
107833.333333225,0
107849.999999892,0.0474400179764996
107866.666666559,0
107883.333333225,0
107899.999999892,0
107916.666666559,0
107933.333333225,0
107949.999999892,0.0387578324983187
107966.666666559,0
107983.333333225,0
107999.999999892,0
108016.666666559,0
108033.333333225,0
108049.999999892,0.00140858575555759
108066.666666559,0
108083.333333225,0
108099.999999892,0
108116.666666559,0
108133.333333225,0
108149.999999892,0.0244622828100264
108166.666666558,0
108183.333333225,0
108199.999999892,0
108216.666666558,0
108233.333333225,0
108249.999999892,0.0234720460804834
108266.666666558,0
108283.333333225,0
108299.999999892,0
108316.666666558,0
108333.333333225,0
108349.999999892,0.0401161582400052
108366.666666558,0
108383.333333225,0
108399.999999892,0
108416.666666558,0
108433.333333225,0
108449.999999892,0.00797499013691194
108466.666666558,0
108483.333333225,0
108499.999999891,0
108516.666666558,0
108533.333333225,0
108549.999999891,0.0338237862186148
108566.666666558,0
108583.333333225,0
108599.999999891,0
108616.666666558,0
108633.333333225,0
108649.999999891,0.0162237043913076
108666.666666558,0
108683.333333225,0
108699.999999891,0
108716.666666558,0
108733.333333225,0
108749.999999891,0.0328960166700871
108766.666666558,0
108783.333333225,0
108799.999999891,0
108816.666666558,0
108833.333333224,0
108849.999999891,0.031811257303552
108866.666666558,0
108883.333333224,0
108899.999999891,0
108916.666666558,0
108933.333333224,0
108949.999999891,0.0501037763999761
108966.666666558,0
108983.333333224,0
108999.999999891,0
109016.666666558,0
109033.333333224,0
109049.999999891,0.0292057564412405
109066.666666558,0
109083.333333224,0
109099.999999891,0
109116.666666558,0
109133.333333224,0
109149.999999891,0.0454830171410522
109166.666666557,0
109183.333333224,0
109199.999999891,0
109216.666666557,0
109233.333333224,0
109249.999999891,0.00299450971847768
109266.666666557,0
109283.333333224,0
109299.999999891,0
109316.666666557,0
109333.333333224,0
109349.999999891,0.0652618796869772
109366.666666557,0
109383.333333224,0
109399.999999891,0
109416.666666557,0
109433.333333224,0
109449.999999891,0.00581622057244798
109466.666666557,0
109483.333333224,0
109499.99999989,0
109516.666666557,0
109533.333333224,0
109549.99999989,0.00913982830200594
109566.666666557,0
109583.333333224,0
109599.99999989,0
109616.666666557,0
109633.333333224,0
109649.99999989,0.061447805016225
109666.666666557,0
109683.333333224,0
109699.99999989,0
109716.666666557,0
109733.333333224,0
109749.99999989,0.0330659574080596
109766.666666557,0
109783.333333224,0
109799.99999989,0
109816.666666557,0
109833.333333223,0
109849.99999989,0.0201968952529331
109866.666666557,0
109883.333333223,0
109899.99999989,0
109916.666666557,0
109933.333333223,0
109949.99999989,0.0500247649803719
109966.666666557,0
109983.333333223,0
109999.99999989,0
110016.666666557,0
110033.333333223,0
110049.99999989,0.0753510431042678
110066.666666557,0
110083.333333223,0
110099.99999989,0
110116.666666557,0
110133.333333223,0
110149.99999989,0.0520064032614624
110166.666666556,0
110183.333333223,0
110199.99999989,0
110216.666666556,0
110233.333333223,0
110249.99999989,0.00406084271970055
110266.666666556,0
110283.333333223,0
110299.99999989,0
110316.666666556,0
110333.333333223,0
110349.99999989,0.0403504926650095
110366.666666556,0
110383.333333223,0
110399.99999989,0
110416.666666556,0
110433.333333223,0
110449.99999989,0.00276718303277195
110466.666666556,0
110483.333333223,0
110499.999999889,0
110516.666666556,0
110533.333333223,0
110549.999999889,0.0386120682080064
110566.666666556,0
110583.333333223,0
110599.999999889,0
110616.666666556,0
110633.333333223,0
110649.999999889,0.0982162071411781
110666.666666556,0
110683.333333223,0
110699.999999889,0
110716.666666556,0
110733.333333223,0
110749.999999889,0.0753884481910476
110766.666666556,0
110783.333333223,0
110799.999999889,0
110816.666666556,0
110833.333333222,0
110849.999999889,1.85536006022562e-05
110866.666666556,0
110883.333333222,0
110899.999999889,0
110916.666666556,0
110933.333333222,0
110949.999999889,0.0118143184550325
110966.666666556,0
110983.333333222,0
110999.999999889,0
111016.666666556,0
111033.333333222,0
111049.999999889,0.0309494106950612
111066.666666556,0
111083.333333222,0
111099.999999889,0
111116.666666556,0
111133.333333222,0
111149.999999889,0.116036771336574
111166.666666555,0
111183.333333222,0
111199.999999889,0
111216.666666555,0
111233.333333222,0
111249.999999889,0.0290906072018159
111266.666666555,0
111283.333333222,0
111299.999999889,0
111316.666666555,0
111333.333333222,0
111349.999999889,0.104307082625185
111366.666666555,0
111383.333333222,0
111399.999999889,0
111416.666666555,0
111433.333333222,0
111449.999999889,0.0142239659274565
111466.666666555,0
111483.333333222,0
111499.999999888,0
111516.666666555,0
111533.333333222,0
111549.999999888,0.0351745196124845
111566.666666555,0
111583.333333222,0
111599.999999888,0
111616.666666555,0
111633.333333222,0
111649.999999888,0.00929894966879325
111666.666666555,0
111683.333333222,0
111699.999999888,0
111716.666666555,0
111733.333333222,0
111749.999999888,0.0205567693069356
111766.666666555,0
111783.333333222,0
111799.999999888,0
111816.666666555,0
111833.333333221,0
111849.999999888,0.0050432171609327
111866.666666555,0
111883.333333221,0
111899.999999888,0
111916.666666555,0
111933.333333221,0
111949.999999888,0.0161332402190945
111966.666666555,0
111983.333333221,0
111999.999999888,0
112016.666666555,0
112033.333333221,0
112049.999999888,0.014132151463429
112066.666666555,0
112083.333333221,0
112099.999999888,0
112116.666666555,0
112133.333333221,0
112149.999999888,0.0115600589694405
112166.666666554,0
112183.333333221,0
112199.999999888,0
112216.666666554,0
112233.333333221,0
112249.999999888,0.0214493933558438
112266.666666554,0
112283.333333221,0
112299.999999888,0
112316.666666554,0
112333.333333221,0
112349.999999888,0.0146571215374325
112366.666666554,0
112383.333333221,0
112399.999999888,0
112416.666666554,0
112433.333333221,0
112449.999999888,0.0260394776899844
112466.666666554,0
112483.333333221,0
112499.999999887,0
112516.666666554,0
112533.333333221,0
112549.999999887,0.0258396105889907
112566.666666554,0
112583.333333221,0
112599.999999887,0
112616.666666554,0
112633.333333221,0
112649.999999887,0.0123369772220851
112666.666666554,0
112683.333333221,0
112699.999999887,0
112716.666666554,0
112733.333333221,0
112749.999999887,0.0191823387184441
112766.666666554,0
112783.333333221,0
112799.999999887,0
112816.666666554,0
112833.33333322,0
112849.999999887,0.0745569324641122
112866.666666554,0
112883.33333322,0
112899.999999887,0
112916.666666554,0
112933.33333322,0
112949.999999887,0.00452311699568464
112966.666666554,0
112983.33333322,0
112999.999999887,0
113016.666666554,0
113033.33333322,0
113049.999999887,0.00313358298039903
113066.666666554,0
113083.33333322,0
113099.999999887,0
113116.666666554,0
113133.33333322,0
113149.999999887,0.144803511479236
113166.666666553,0
113183.33333322,0
113199.999999887,0
113216.666666553,0
113233.33333322,0
113249.999999887,0.139155567892319
113266.666666553,0
113283.33333322,0
113299.999999887,0
113316.666666553,0
113333.33333322,0
113349.999999887,0.013796937544578
113366.666666553,0
113383.33333322,0
113399.999999887,0
113416.666666553,0
113433.33333322,0
113449.999999887,0.00652319372144895
113466.666666553,0
113483.33333322,0
113499.999999886,0
113516.666666553,0
113533.33333322,0
113549.999999886,0.0192332761476027
113566.666666553,0
113583.33333322,0
113599.999999886,0
113616.666666553,0
113633.33333322,0
113649.999999886,0.0221294987080641
113666.666666553,0
113683.33333322,0
113699.999999886,0
113716.666666553,0
113733.33333322,0
113749.999999886,0.00783395303222481
113766.666666553,0
113783.33333322,0
113799.999999886,0
113816.666666553,0
113833.333333219,0
113849.999999886,0.116670733664836
113866.666666553,0
113883.333333219,0
113899.999999886,0
113916.666666553,0
113933.333333219,0
113949.999999886,0.202431850555394
113966.666666553,0
113983.333333219,0
113999.999999886,0
114016.666666553,0
114033.333333219,0
114049.999999886,0.0718191947425818
114066.666666553,0
114083.333333219,0
114099.999999886,0
114116.666666553,0
114133.333333219,0
114149.999999886,0.0667005839259224
114166.666666552,0
114183.333333219,0
114199.999999886,0
114216.666666552,0
114233.333333219,0
114249.999999886,0.040826839572271
114266.666666552,0
114283.333333219,0
114299.999999886,0
114316.666666552,0
114333.333333219,0
114349.999999886,0.0316203507179227
114366.666666552,0
114383.333333219,0
114399.999999886,0
114416.666666552,0
114433.333333219,0
114449.999999886,0.0666778758628716
114466.666666552,0
114483.333333219,0
114499.999999885,0
114516.666666552,0
114533.333333219,0
114549.999999885,0.0455158205823045
114566.666666552,0
114583.333333219,0
114599.999999885,0
114616.666666552,0
114633.333333219,0
114649.999999885,0.0244153940123679
114666.666666552,0
114683.333333219,0
114699.999999885,0
114716.666666552,0
114733.333333219,0
114749.999999885,0.0238438233835785
114766.666666552,0
114783.333333219,0
114799.999999885,0
114816.666666552,0
114833.333333218,0
114849.999999885,0.047350176521609
114866.666666552,0
114883.333333218,0
114899.999999885,0
114916.666666552,0
114933.333333218,0
114949.999999885,0.00833523707365691
114966.666666552,0
114983.333333218,0
114999.999999885,0
115016.666666552,0
115033.333333218,0
115049.999999885,0.0660177654362643
115066.666666552,0
115083.333333218,0
115099.999999885,0
115116.666666552,0
115133.333333218,0
115149.999999885,0.0592869231668451
115166.666666551,0
115183.333333218,0
115199.999999885,0
115216.666666551,0
115233.333333218,0
115249.999999885,0.0650912586647552
115266.666666551,0
115283.333333218,0
115299.999999885,0
115316.666666551,0
115333.333333218,0
115349.999999885,0.0849204453924573
115366.666666551,0
115383.333333218,0
115399.999999885,0
115416.666666551,0
115433.333333218,0
115449.999999885,0.0353937640146884
115466.666666551,0
115483.333333218,0
115499.999999884,0
115516.666666551,0
115533.333333218,0
115549.999999884,0.0627196925838612
115566.666666551,0
115583.333333218,0
115599.999999884,0
115616.666666551,0
115633.333333218,0
115649.999999884,0.0555641234535826
115666.666666551,0
115683.333333218,0
115699.999999884,0
115716.666666551,0
115733.333333218,0
115749.999999884,0.0855244092874877
115766.666666551,0
115783.333333218,0
115799.999999884,0
115816.666666551,0
115833.333333217,0
115849.999999884,0.0780507491776962
115866.666666551,0
115883.333333217,0
115899.999999884,0
115916.666666551,0
115933.333333217,0
115949.999999884,0.0844274153699414
115966.666666551,0
115983.333333217,0
115999.999999884,0
116016.666666551,0
116033.333333217,0
116049.999999884,0.00416974856552571
116066.666666551,0
116083.333333217,0
116099.999999884,0
116116.666666551,0
116133.333333217,0
116149.999999884,0.148305737482622
116166.66666655,0
116183.333333217,0
116199.999999884,0
116216.66666655,0
116233.333333217,0
116249.999999884,0.0404676630395509
116266.66666655,0
116283.333333217,0
116299.999999884,0
116316.66666655,0
116333.333333217,0
116349.999999884,0.0860484168382359
116366.66666655,0
116383.333333217,0
116399.999999884,0
116416.66666655,0
116433.333333217,0
116449.999999884,0.292919333544013
116466.66666655,0
116483.333333217,0
116499.999999883,0
116516.66666655,0
116533.333333217,0
116549.999999883,0.128430063778111
116566.66666655,0
116583.333333217,0
116599.999999883,0
116616.66666655,0
116633.333333217,0
116649.999999883,0.0101025136336023
116666.66666655,0
116683.333333217,0
116699.999999883,0
116716.66666655,0
116733.333333217,0
116749.999999883,0.0458663966531259
116766.66666655,0
116783.333333217,0
116799.999999883,0
116816.66666655,0
116833.333333216,0
116849.999999883,0.121590184424902
116866.66666655,0
116883.333333216,0
116899.999999883,0
116916.66666655,0
116933.333333216,0
116949.999999883,0.0621897902478621
116966.66666655,0
116983.333333216,0
116999.999999883,0
117016.66666655,0
117033.333333216,0
117049.999999883,0.319002346046181
117066.66666655,0
117083.333333216,0
117099.999999883,0
117116.66666655,0
117133.333333216,0
117149.999999883,0.251056127957785
117166.666666549,0
117183.333333216,0
117199.999999883,0
117216.666666549,0
117233.333333216,0
117249.999999883,0.123809521842877
117266.666666549,0
117283.333333216,0
117299.999999883,0
117316.666666549,0
117333.333333216,0
117349.999999883,0.11500622054513
117366.666666549,0
117383.333333216,0
117399.999999883,0
117416.666666549,0
117433.333333216,0
117449.999999883,0.00642082149594889
117466.666666549,0
117483.333333216,0
117499.999999882,0
117516.666666549,0
117533.333333216,0
117549.999999882,0.129881073742805
117566.666666549,0
117583.333333216,0
117599.999999882,0
117616.666666549,0
117633.333333216,0
117649.999999882,0.197059913839284
117666.666666549,0
117683.333333216,0
117699.999999882,0
117716.666666549,0
117733.333333216,0
117749.999999882,0.123457343358682
117766.666666549,0
117783.333333216,0
117799.999999882,0
117816.666666549,0
117833.333333215,0
117849.999999882,0.223645385650368
117866.666666549,0
117883.333333215,0
117899.999999882,0
117916.666666549,0
117933.333333215,0
117949.999999882,0.214009378226681
117966.666666549,0
117983.333333215,0
117999.999999882,0
118016.666666549,0
118033.333333215,0
118049.999999882,0.136467200887317
118066.666666549,0
118083.333333215,0
118099.999999882,0
118116.666666549,0
118133.333333215,0
118149.999999882,0.276015395406949
118166.666666548,0
118183.333333215,0
118199.999999882,0
118216.666666548,0
118233.333333215,0
118249.999999882,0.0171377258322785
118266.666666548,0
118283.333333215,0
118299.999999882,0
118316.666666548,0
118333.333333215,0
118349.999999882,0.199693569594308
118366.666666548,0
118383.333333215,0
118399.999999882,0
118416.666666548,0
118433.333333215,0
118449.999999882,0.15920701312893
118466.666666548,0
118483.333333215,0
118499.999999881,0
118516.666666548,0
118533.333333215,0
118549.999999881,0.000237317865059169
118566.666666548,0
118583.333333215,0
118599.999999881,0
118616.666666548,0
118633.333333215,0
118649.999999881,0.0769979654798184
118666.666666548,0
118683.333333215,0
118699.999999881,0
118716.666666548,0
118733.333333215,0
118749.999999881,0.0819452701853399
118766.666666548,0
118783.333333215,0
118799.999999881,0
118816.666666548,0
118833.333333214,0
118849.999999881,0.0274608464009194
118866.666666548,0
118883.333333214,0
118899.999999881,0
118916.666666548,0
118933.333333214,0
118949.999999881,0.0368173222152281
118966.666666548,0
118983.333333214,0
118999.999999881,0
119016.666666548,0
119033.333333214,0
119049.999999881,0.0356834334143183
119066.666666548,0
119083.333333214,0
119099.999999881,0
119116.666666548,0
119133.333333214,0
119149.999999881,0.0602290781979142
119166.666666547,0
119183.333333214,0
119199.999999881,0
119216.666666547,0
119233.333333214,0
119249.999999881,0.0134991917255466
119266.666666547,0
119283.333333214,0
119299.999999881,0
119316.666666547,0
119333.333333214,0
119349.999999881,0.0177847174631842
119366.666666547,0
119383.333333214,0
119399.999999881,0
119416.666666547,0
119433.333333214,0
119449.999999881,0.277307248176909
119466.666666547,0
119483.333333214,0
119499.99999988,0
119516.666666547,0
119533.333333214,0
119549.99999988,1.22095682430201
119566.666666547,0
119583.333333214,0
119599.99999988,0
119616.666666547,0
119633.333333214,0
119649.99999988,3.36895008988481
119666.666666547,0
119683.333333214,0
119699.99999988,0
119716.666666547,0
119733.333333214,0
119749.99999988,1.80984220759469
119766.666666547,0
119783.333333214,0
119799.99999988,0
119816.666666547,0
119833.333333213,0
119849.99999988,2.87405275949291
119866.666666547,0
119883.333333213,0
119899.99999988,0
119916.666666547,0
119933.333333213,0
119949.99999988,2.35733577528469
119966.666666547,0
119983.333333213,0
119999.99999988,0
120016.666666547,0
120033.333333213,0
120049.99999988,2.36724472036428
120066.666666547,0
120083.333333213,0
120099.99999988,0
120116.666666547,0
120133.333333213,0
120149.99999988,2.89477642715427
120166.666666546,0
120183.333333213,0
120199.99999988,0
120216.666666546,0
120233.333333213,0
120249.99999988,1.78571918537265
120266.666666546,0
120283.333333213,0
120299.99999988,0
120316.666666546,0
120333.333333213,0
120349.99999988,3.33989182579187
120366.666666546,0
120383.333333213,0
120399.99999988,0
120416.666666546,0
120433.333333213,0
120449.99999988,1.24136674830317
120466.666666546,0
120483.333333213,0
120499.999999879,0
120516.666666546,0
120533.333333213,0
120549.999999879,0.321150001377743
120566.666666546,0
120583.333333213,0
120599.999999879,0
120616.666666546,0
120633.333333213,0
120649.999999879,2.55750679170814e-05
120666.666666546,0
120683.333333213,0
120699.999999879,0
120716.666666546,0
120733.333333213,0
120749.999999879,0.0409481846769659
120766.666666546,0
120783.333333213,0
120799.999999879,0
120816.666666546,0
120833.333333212,0
120849.999999879,0.0615124823471799
120866.666666546,0
120883.333333212,0
120899.999999879,0
120916.666666546,0
120933.333333212,0
120949.999999879,0.0272116321519655
120966.666666546,0
120983.333333212,0
120999.999999879,0
121016.666666546,0
121033.333333212,0
121049.999999879,0.0438527417364415
121066.666666546,0
121083.333333212,0
121099.999999879,0
121116.666666546,0
121133.333333212,0
121149.999999879,0.026747269879511
121166.666666545,0
121183.333333212,0
121199.999999879,0
121216.666666545,0
121233.333333212,0
121249.999999879,0.103258719864883
121266.666666545,0
121283.333333212,0
121299.999999879,0
121316.666666545,0
121333.333333212,0
121349.999999879,0.090820821521003
121366.666666545,0
121383.333333212,0
121399.999999879,0
121416.666666545,0
121433.333333212,0
121449.999999879,0.0167386991127531
121466.666666545,0
121483.333333212,0
121499.999999878,0
121516.666666545,0
121533.333333212,0
121549.999999878,0.167854629169755
121566.666666545,0
121583.333333212,0
121599.999999878,0
121616.666666545,0
121633.333333212,0
121649.999999878,0.173056162904919
121666.666666545,0
121683.333333212,0
121699.999999878,0
121716.666666545,0
121733.333333212,0
121749.999999878,0.0301473123792499
121766.666666545,0
121783.333333212,0
121799.999999878,0
121816.666666545,0
121833.333333211,0
121849.999999878,0.260857199970046
121866.666666545,0
121883.333333211,0
121899.999999878,0
121916.666666545,0
121933.333333211,0
121949.999999878,0.143562309017097
121966.666666545,0
121983.333333211,0
121999.999999878,0
122016.666666545,0
122033.333333211,0
122049.999999878,0.189568231612201
122066.666666545,0
122083.333333211,0
122099.999999878,0
122116.666666545,0
122133.333333211,0
122149.999999878,0.24133412874462
122166.666666544,0
122183.333333211,0
122199.999999878,0
122216.666666544,0
122233.333333211,0
122249.999999878,0.0915692093499531
122266.666666544,0
122283.333333211,0
122299.999999878,0
122316.666666544,0
122333.333333211,0
122349.999999878,0.215574450174639
122366.666666544,0
122383.333333211,0
122399.999999878,0
122416.666666544,0
122433.333333211,0
122449.999999878,0.12980682016335
122466.666666544,0
122483.333333211,0
122499.999999877,0
122516.666666544,0
122533.333333211,0
122549.999999877,0.0322627355526403
122566.666666544,0
122583.333333211,0
122599.999999877,0
122616.666666544,0
122633.333333211,0
122649.999999877,0.148622328818449
122666.666666544,0
122683.333333211,0
122699.999999877,0
122716.666666544,0
122733.333333211,0
122749.999999877,0.147375458587372
122766.666666544,0
122783.333333211,0
122799.999999877,0
122816.666666544,0
122833.33333321,0
122849.999999877,0.217605333431999
122866.666666544,0
122883.33333321,0
122899.999999877,0
122916.666666544,0
122933.33333321,0
122949.999999877,0.300672018356745
122966.666666544,0
122983.33333321,0
122999.999999877,0
123016.666666544,0
123033.33333321,0
123049.999999877,0.0704825938547142
123066.666666544,0
123083.33333321,0
123099.999999877,0
123116.666666544,0
123133.33333321,0
123149.999999877,0.107811724116446
123166.666666543,0
123183.33333321,0
123199.999999877,0
123216.666666543,0
123233.33333321,0
123249.999999877,0.0425772700216269
123266.666666543,0
123283.33333321,0
123299.999999877,0
123316.666666543,0
123333.33333321,0
123349.999999877,0.0545489924169839
123366.666666543,0
123383.33333321,0
123399.999999877,0
123416.666666543,0
123433.33333321,0
123449.999999877,0.0940511979203274
123466.666666543,0
123483.33333321,0
123499.999999876,0
123516.666666543,0
123533.33333321,0
123549.999999876,0.294558548393921
123566.666666543,0
123583.33333321,0
123599.999999876,0
123616.666666543,0
123633.33333321,0
123649.999999876,0.109872966007518
123666.666666543,0
123683.33333321,0
123699.999999876,0
123716.666666543,0
123733.33333321,0
123749.999999876,0.036302257933998
123766.666666543,0
123783.33333321,0
123799.999999876,0
123816.666666543,0
123833.333333209,0
123849.999999876,0.152395900181576
123866.666666543,0
123883.333333209,0
123899.999999876,0
123916.666666543,0
123933.333333209,0
123949.999999876,0.00948530732750033
123966.666666543,0
123983.333333209,0
123999.999999876,0
124016.666666543,0
124033.333333209,0
124049.999999876,0.0606640519698745
124066.666666543,0
124083.333333209,0
124099.999999876,0
124116.666666543,0
124133.333333209,0
124149.999999876,0.0796217591659533
124166.666666542,0
124183.333333209,0
124199.999999876,0
124216.666666542,0
124233.333333209,0
124249.999999876,0.0521750119796146
124266.666666542,0
124283.333333209,0
124299.999999876,0
124316.666666542,0
124333.333333209,0
124349.999999876,0.045156309028871
124366.666666542,0
124383.333333209,0
124399.999999876,0
124416.666666542,0
124433.333333209,0
124449.999999876,0.0342043628329469
124466.666666542,0
124483.333333209,0
124499.999999875,0
124516.666666542,0
124533.333333209,0
124549.999999875,0.0418659199404986
124566.666666542,0
124583.333333209,0
124599.999999875,0
124616.666666542,0
124633.333333209,0
124649.999999875,0.0616852394519477
124666.666666542,0
124683.333333209,0
124699.999999875,0
124716.666666542,0
124733.333333209,0
124749.999999875,0.0722254889182612
124766.666666542,0
124783.333333209,0
124799.999999875,0
124816.666666542,0
124833.333333208,0
124849.999999875,0.0648781874914849
124866.666666542,0
124883.333333208,0
124899.999999875,0
124916.666666542,0
124933.333333208,0
124949.999999875,0.0918475993542342
124966.666666542,0
124983.333333208,0
124999.999999875,0
125016.666666542,0
125033.333333208,0
125049.999999875,0.0140167439551279
125066.666666542,0
125083.333333208,0
125099.999999875,0
125116.666666542,0
125133.333333208,0
125149.999999875,0.0710026662677924
125166.666666541,0
125183.333333208,0
125199.999999875,0
125216.666666541,0
125233.333333208,0
125249.999999875,0.0078219613626715
125266.666666541,0
125283.333333208,0
125299.999999875,0
125316.666666541,0
125333.333333208,0
125349.999999875,0.0290878735708555
125366.666666541,0
125383.333333208,0
125399.999999875,0
125416.666666541,0
125433.333333208,0
125449.999999875,0.0114352082477229
125466.666666541,0
125483.333333208,0
125499.999999874,0
125516.666666541,0
125533.333333208,0
125549.999999874,0.0978411883002378
125566.666666541,0
125583.333333208,0
125599.999999874,0
125616.666666541,0
125633.333333208,0
125649.999999874,0.0265238410778785
125666.666666541,0
125683.333333208,0
125699.999999874,0
125716.666666541,0
125733.333333208,0
125749.999999874,0.005399532407335
125766.666666541,0
125783.333333208,0
125799.999999874,0
125816.666666541,0
125833.333333207,0
125849.999999874,0.0510632842426434
125866.666666541,0
125883.333333207,0
125899.999999874,0
125916.666666541,0
125933.333333207,0
125949.999999874,0.0716553191460593
125966.666666541,0
125983.333333207,0
125999.999999874,0
126016.666666541,0
126033.333333207,0
126049.999999874,0.17993645023299
126066.666666541,0
126083.333333207,0
126099.999999874,0
126116.666666541,0
126133.333333207,0
126149.999999874,0.123621569462225
126166.66666654,0
126183.333333207,0
126199.999999874,0
126216.66666654,0
126233.333333207,0
126249.999999874,0.0320188686161276
126266.66666654,0
126283.333333207,0
126299.999999874,0
126316.66666654,0
126333.333333207,0
126349.999999874,0.030260281975721
126366.66666654,0
126383.333333207,0
126399.999999874,0
126416.66666654,0
126433.333333207,0
126449.999999874,0.0107776082894213
126466.66666654,0
126483.333333207,0
126499.999999873,0
126516.66666654,0
126533.333333207,0
126549.999999873,0.00662032226048759
126566.66666654,0
126583.333333207,0
126599.999999873,0
126616.66666654,0
126633.333333207,0
126649.999999873,0.0123648037182107
126666.66666654,0
126683.333333207,0
126699.999999873,0
126716.66666654,0
126733.333333207,0
126749.999999873,0.110780359929042
126766.66666654,0
126783.333333207,0
126799.999999873,0
126816.66666654,0
126833.333333206,0
126849.999999873,0.129061625242474
126866.66666654,0
126883.333333206,0
126899.999999873,0
126916.66666654,0
126933.333333206,0
126949.999999873,0.0105671000005689
126966.66666654,0
126983.333333206,0
126999.999999873,0
127016.66666654,0
127033.333333206,0
127049.999999873,0.0370113072450954
127066.66666654,0
127083.333333206,0
127099.999999873,0
127116.66666654,0
127133.333333206,0
127149.999999873,0.0967855069879761
127166.666666539,0
127183.333333206,0
127199.999999873,0
127216.666666539,0
127233.333333206,0
127249.999999873,0.00029314043912058
127266.666666539,0
127283.333333206,0
127299.999999873,0
127316.666666539,0
127333.333333206,0
127349.999999873,0.00017631822350395
127366.666666539,0
127383.333333206,0
127399.999999873,0
127416.666666539,0
127433.333333206,0
127449.999999873,0.0270976542185081
127466.666666539,0
127483.333333206,0
127499.999999872,0
127516.666666539,0
127533.333333206,0
127549.999999872,0.00176772988515822
127566.666666539,0
127583.333333206,0
127599.999999872,0
127616.666666539,0
127633.333333206,0
127649.999999872,0.033489813929485
127666.666666539,0
127683.333333206,0
127699.999999872,0
127716.666666539,0
127733.333333206,0
127749.999999872,0.0212193577607979
127766.666666539,0
127783.333333206,0
127799.999999872,0
127816.666666539,0
127833.333333205,0
127849.999999872,0.0446598862895077
127866.666666539,0
127883.333333205,0
127899.999999872,0
127916.666666539,0
127933.333333205,0
127949.999999872,0.00754779251576828
127966.666666539,0
127983.333333205,0
127999.999999872,0
128016.666666539,0
128033.333333205,0
128049.999999872,0.0290966901769718
128066.666666539,0
128083.333333205,0
128099.999999872,0
128116.666666539,0
128133.333333205,0
128149.999999872,0.0212049873228416
128166.666666538,0
128183.333333205,0
128199.999999872,0
128216.666666538,0
128233.333333205,0
128249.999999872,0.0176970335996605
128266.666666538,0
128283.333333205,0
128299.999999872,0
128316.666666538,0
128333.333333205,0
128349.999999872,0.0537612861118225
128366.666666538,0
128383.333333205,0
128399.999999872,0
128416.666666538,0
128433.333333205,0
128449.999999872,0.00943686324558936
128466.666666538,0
128483.333333205,0
128499.999999871,0
128516.666666538,0
128533.333333205,0
128549.999999871,0.0136557692000352
128566.666666538,0
128583.333333205,0
128599.999999871,0
128616.666666538,0
128633.333333205,0
128649.999999871,0.0575491947042984
128666.666666538,0
128683.333333205,0
128699.999999871,0
128716.666666538,0
128733.333333205,0
128749.999999871,0.0254262280333416
128766.666666538,0
128783.333333205,0
128799.999999871,0
128816.666666538,0
128833.333333204,0
128849.999999871,0.100592711970039
128866.666666538,0
128883.333333204,0
128899.999999871,0
128916.666666538,0
128933.333333204,0
128949.999999871,0.0122288627725085
128966.666666538,0
128983.333333204,0
128999.999999871,0
129016.666666538,0
129033.333333204,0
129049.999999871,0.00689719874266894
129066.666666538,0
129083.333333204,0
129099.999999871,0
129116.666666538,0
129133.333333204,0
129149.999999871,0.00259135951005858
129166.666666537,0
129183.333333204,0
129199.999999871,0
129216.666666537,0
129233.333333204,0
129249.999999871,0.10732054414195
129266.666666537,0
129283.333333204,0
129299.999999871,0
129316.666666537,0
129333.333333204,0
129349.999999871,0.102230387667628
129366.666666537,0
129383.333333204,0
129399.999999871,0
129416.666666537,0
129433.333333204,0
129449.999999871,0.034651267528739
129466.666666537,0
129483.333333204,0
129499.99999987,0
129516.666666537,0
129533.333333204,0
129549.99999987,0.000740944834236255
129566.666666537,0
129583.333333204,0
129599.99999987,0
129616.666666537,0
129633.333333204,0
129649.99999987,0.0250041363843732
129666.666666537,0
129683.333333204,0
129699.99999987,0
129716.666666537,0
129733.333333204,0
129749.99999987,0.000980785302980961
129766.666666537,0
129783.333333204,0
129799.99999987,0
129816.666666537,0
129833.333333203,0
129849.99999987,0.0344155492703404
129866.666666537,0
129883.333333203,0
129899.99999987,0
129916.666666537,0
129933.333333203,0
129949.99999987,0.0173228868434242
129966.666666537,0
129983.333333203,0
129999.99999987,0
130016.666666537,0
130033.333333203,0
130049.99999987,0.0409593305008282
130066.666666537,0
130083.333333203,0
130099.99999987,0
130116.666666537,0
130133.333333203,0
130149.99999987,0.0428116632368003
130166.666666536,0
130183.333333203,0
130199.99999987,0
130216.666666536,0
130233.333333203,0
130249.99999987,0.0438899478651246
130266.666666536,0
130283.333333203,0
130299.99999987,0
130316.666666536,0
130333.333333203,0
130349.99999987,0.0623420849142067
130366.666666536,0
130383.333333203,0
130399.99999987,0
130416.666666536,0
130433.333333203,0
130449.99999987,0.0109685807617374
130466.666666536,0
130483.333333203,0
130499.999999869,0
130516.666666536,0
130533.333333203,0
130549.999999869,0.0191732371610819
130566.666666536,0
130583.333333203,0
130599.999999869,0
130616.666666536,0
130633.333333203,0
130649.999999869,0.0776651511782598
130666.666666536,0
130683.333333203,0
130699.999999869,0
130716.666666536,0
130733.333333203,0
130749.999999869,0.0367716710364359
130766.666666536,0
130783.333333203,0
130799.999999869,0
130816.666666536,0
130833.333333202,0
130849.999999869,0.0422137591750549
130866.666666536,0
130883.333333202,0
130899.999999869,0
130916.666666536,0
130933.333333202,0
130949.999999869,0.0172702207680584
130966.666666536,0
130983.333333202,0
130999.999999869,0
131016.666666536,0
131033.333333202,0
131049.999999869,0.0192553409832136
131066.666666536,0
131083.333333202,0
131099.999999869,0
131116.666666536,0
131133.333333202,0
131149.999999869,0.00654862671587157
131166.666666535,0
131183.333333202,0
131199.999999869,0
131216.666666535,0
131233.333333202,0
131249.999999869,0.0157083888160937
131266.666666535,0
131283.333333202,0
131299.999999869,0
131316.666666535,0
131333.333333202,0
131349.999999869,0.00393814283079518
131366.666666535,0
131383.333333202,0
131399.999999869,0
131416.666666535,0
131433.333333202,0
131449.999999869,0.00522425267522109
131466.666666535,0
131483.333333202,0
131499.999999868,0
131516.666666535,0
131533.333333202,0
131549.999999868,0.0112572466982531
131566.666666535,0
131583.333333202,0
131599.999999868,0
131616.666666535,0
131633.333333202,0
131649.999999868,0.0299296435893465
131666.666666535,0
131683.333333202,0
131699.999999868,0
131716.666666535,0
131733.333333202,0
131749.999999868,0.0161742832632518
131766.666666535,0
131783.333333202,0
131799.999999868,0
131816.666666535,0
131833.333333201,0
131849.999999868,0.0127216315981974
131866.666666535,0
131883.333333201,0
131899.999999868,0
131916.666666535,0
131933.333333201,0
131949.999999868,0.0117785575745368
131966.666666535,0
131983.333333201,0
131999.999999868,0
132016.666666535,0
132033.333333201,0
132049.999999868,0.0653196818770424
132066.666666535,0
132083.333333201,0
132099.999999868,0
132116.666666535,0
132133.333333201,0
132149.999999868,0.0613137768265398
132166.666666534,0
132183.333333201,0
132199.999999868,0
132216.666666534,0
132233.333333201,0
132249.999999868,0.0110692679142525
132266.666666534,0
132283.333333201,0
132299.999999868,0
132316.666666534,0
132333.333333201,0
132349.999999868,0.00105886764904718
132366.666666534,0
132383.333333201,0
132399.999999868,0
132416.666666534,0
132433.333333201,0
132449.999999868,0.0688065335451374
132466.666666534,0
132483.333333201,0
132499.999999867,0
132516.666666534,0
132533.333333201,0
132549.999999867,0.0859565859143505
132566.666666534,0
132583.333333201,0
132599.999999867,0
132616.666666534,0
132633.333333201,0
132649.999999867,0.000317762170451428
132666.666666534,0
132683.333333201,0
132699.999999867,0
132716.666666534,0
132733.333333201,0
132749.999999867,0.0093653939738492
132766.666666534,0
132783.333333201,0
132799.999999867,0
132816.666666534,0
132833.3333332,0
132849.999999867,0.0522222220941528
132866.666666534,0
132883.3333332,0
132899.999999867,0
132916.666666534,0
132933.3333332,0
132949.999999867,0.0133476068457254
132966.666666534,0
132983.3333332,0
132999.999999867,0
133016.666666534,0
133033.3333332,0
133049.999999867,0.0220453437654411
133066.666666534,0
133083.3333332,0
133099.999999867,0
133116.666666534,0
133133.3333332,0
133149.999999867,0.0165340446013802
133166.666666533,0
133183.3333332,0
133199.999999867,0
133216.666666533,0
133233.3333332,0
133249.999999867,0.0450258254315126
133266.666666533,0
133283.3333332,0
133299.999999867,0
133316.666666533,0
133333.3333332,0
133349.999999867,0.0536952465417289
133366.666666533,0
133383.3333332,0
133399.999999867,0
133416.666666533,0
133433.3333332,0
133449.999999867,0.0120519392756774
133466.666666533,0
133483.3333332,0
133499.999999866,0
133516.666666533,0
133533.3333332,0
133549.999999866,0.00689934078329426
133566.666666533,0
133583.3333332,0
133599.999999866,0
133616.666666533,0
133633.3333332,0
133649.999999866,0.0366532881437156
133666.666666533,0
133683.3333332,0
133699.999999866,0
133716.666666533,0
133733.3333332,0
133749.999999866,0.018944297523829
133766.666666533,0
133783.3333332,0
133799.999999866,0
133816.666666533,0
133833.333333199,0
133849.999999866,0.0207673241481237
133866.666666533,0
133883.333333199,0
133899.999999866,0
133916.666666533,0
133933.333333199,0
133949.999999866,0.0407169098437876
133966.666666533,0
133983.333333199,0
133999.999999866,0
134016.666666533,0
134033.333333199,0
134049.999999866,0.01597362693093
134066.666666533,0
134083.333333199,0
134099.999999866,0
134116.666666533,0
134133.333333199,0
134149.999999866,0.00369046060484273
134166.666666532,0
134183.333333199,0
134199.999999866,0
134216.666666532,0
134233.333333199,0
134249.999999866,0.0378689662986064
134266.666666532,0
134283.333333199,0
134299.999999866,0
134316.666666532,0
134333.333333199,0
134349.999999866,0.00587254960006039
134366.666666532,0
134383.333333199,0
134399.999999866,0
134416.666666532,0
134433.333333199,0
134449.999999866,0.00763397870943883
134466.666666532,0
134483.333333199,0
134499.999999865,0
134516.666666532,0
134533.333333199,0
134549.999999865,0.0292146398534825
134566.666666532,0
134583.333333199,0
134599.999999865,0
134616.666666532,0
134633.333333199,0
134649.999999865,0.0128548219151786
134666.666666532,0
134683.333333199,0
134699.999999865,0
134716.666666532,0
134733.333333199,0
134749.999999865,0.00928721753683717
134766.666666532,0
134783.333333199,0
134799.999999865,0
134816.666666532,0
134833.333333198,0
134849.999999865,0.000836561085997921
134866.666666532,0
134883.333333198,0
134899.999999865,0
134916.666666532,0
134933.333333198,0
134949.999999865,0.0537925933727566
134966.666666532,0
134983.333333198,0
134999.999999865,0
135016.666666532,0
135033.333333198,0
135049.999999865,0.0388444575166752
135066.666666532,0
135083.333333198,0
135099.999999865,0
135116.666666532,0
135133.333333198,0
135149.999999865,0.00690748330178155
135166.666666531,0
135183.333333198,0
135199.999999865,0
135216.666666531,0
135233.333333198,0
135249.999999865,0.0559035623123981
135266.666666531,0
135283.333333198,0
135299.999999865,0
135316.666666531,0
135333.333333198,0
135349.999999865,0.0638180971052663
135366.666666531,0
135383.333333198,0
135399.999999865,0
135416.666666531,0
135433.333333198,0
135449.999999865,0.00118609720208855
135466.666666531,0
135483.333333198,0
135499.999999864,0
135516.666666531,0
135533.333333198,0
135549.999999864,0.0107921856692202
135566.666666531,0
135583.333333198,0
135599.999999864,0
135616.666666531,0
135633.333333198,0
135649.999999864,0.0115695183170016
135666.666666531,0
135683.333333198,0
135699.999999864,0
135716.666666531,0
135733.333333198,0
135749.999999864,0.043386237867165
135766.666666531,0
135783.333333198,0
135799.999999864,0
135816.666666531,0
135833.333333197,0
135849.999999864,0.0636681765547873
135866.666666531,0
135883.333333197,0
135899.999999864,0
135916.666666531,0
135933.333333197,0
135949.999999864,0.0155227902136837
135966.666666531,0
135983.333333197,0
135999.999999864,0
136016.666666531,0
136033.333333197,0
136049.999999864,0.0267426125042896
136066.666666531,0
136083.333333197,0
136099.999999864,0
136116.666666531,0
136133.333333197,0
136149.999999864,0.00902395022119842
136166.66666653,0
136183.333333197,0
136199.999999864,0
136216.66666653,0
136233.333333197,0
136249.999999864,0.0231383718180422
136266.66666653,0
136283.333333197,0
136299.999999864,0
136316.66666653,0
136333.333333197,0
136349.999999864,0.0393359211144036
136366.66666653,0
136383.333333197,0
136399.999999864,0
136416.66666653,0
136433.333333197,0
136449.999999864,0.0378886114165582
136466.66666653,0
136483.333333197,0
136499.999999863,0
136516.66666653,0
136533.333333197,0
136549.999999863,0.00714339156736126
136566.66666653,0
136583.333333197,0
136599.999999863,0
136616.66666653,0
136633.333333197,0
136649.999999863,0.0224089232682382
136666.66666653,0
136683.333333197,0
136699.999999863,0
136716.66666653,0
136733.333333197,0
136749.999999863,0.0187089351647538
136766.66666653,0
136783.333333197,0
136799.999999863,0
136816.66666653,0
136833.333333196,0
136849.999999863,0.0153460601506021
136866.66666653,0
136883.333333196,0
136899.999999863,0
136916.66666653,0
136933.333333196,0
136949.999999863,0.0378481632704758
136966.66666653,0
136983.333333196,0
136999.999999863,0
137016.66666653,0
137033.333333196,0
137049.999999863,0.0118866011398067
137066.66666653,0
137083.333333196,0
137099.999999863,0
137116.66666653,0
137133.333333196,0
137149.999999863,0.0196372808964642
137166.666666529,0
137183.333333196,0
137199.999999863,0
137216.666666529,0
137233.333333196,0
137249.999999863,0.0106970412553795
137266.666666529,0
137283.333333196,0
137299.999999863,0
137316.666666529,0
137333.333333196,0
137349.999999863,0.00121860261144439
137366.666666529,0
137383.333333196,0
137399.999999863,0
137416.666666529,0
137433.333333196,0
137449.999999863,0.0364864072546756
137466.666666529,0
137483.333333196,0
137499.999999862,0
137516.666666529,0
137533.333333196,0
137549.999999862,0.0161264889720124
137566.666666529,0
137583.333333196,0
137599.999999862,0
137616.666666529,0
137633.333333196,0
137649.999999862,0.0206299719691611
137666.666666529,0
137683.333333196,0
137699.999999862,0
137716.666666529,0
137733.333333196,0
137749.999999862,0.0370582048558154
137766.666666529,0
137783.333333196,0
137799.999999862,0
137816.666666529,0
137833.333333195,0
137849.999999862,0.0502149429308928
137866.666666529,0
137883.333333195,0
137899.999999862,0
137916.666666529,0
137933.333333195,0
137949.999999862,0.0241592461359669
137966.666666529,0
137983.333333195,0
137999.999999862,0
138016.666666529,0
138033.333333195,0
138049.999999862,0.0302744243621322
138066.666666529,0
138083.333333195,0
138099.999999862,0
138116.666666529,0
138133.333333195,0
138149.999999862,0.0486025344168139
138166.666666528,0
138183.333333195,0
138199.999999862,0
138216.666666528,0
138233.333333195,0
138249.999999862,0.0334771654579243
138266.666666528,0
138283.333333195,0
138299.999999862,0
138316.666666528,0
138333.333333195,0
138349.999999862,0.0221226246094394
138366.666666528,0
138383.333333195,0
138399.999999862,0
138416.666666528,0
138433.333333195,0
138449.999999862,0.0183568771874256
138466.666666528,0
138483.333333195,0
138499.999999861,0
138516.666666528,0
138533.333333195,0
138549.999999861,0.0126113038274829
138566.666666528,0
138583.333333195,0
138599.999999861,0
138616.666666528,0
138633.333333195,0
138649.999999861,0.0417380872550696
138666.666666528,0
138683.333333195,0
138699.999999861,0
138716.666666528,0
138733.333333195,0
138749.999999861,0.0302096587404898
138766.666666528,0
138783.333333195,0
138799.999999861,0
138816.666666528,0
138833.333333194,0
138849.999999861,0.00113653652223894
138866.666666528,0
138883.333333194,0
138899.999999861,0
138916.666666528,0
138933.333333194,0
138949.999999861,0.0245245359837979
138966.666666528,0
138983.333333194,0
138999.999999861,0
139016.666666528,0
139033.333333194,0
139049.999999861,0.0668073618952846
139066.666666528,0
139083.333333194,0
139099.999999861,0
139116.666666528,0
139133.333333194,0
139149.999999861,0.0158789296823098
139166.666666527,0
139183.333333194,0
139199.999999861,0
139216.666666527,0
139233.333333194,0
139249.999999861,0.00251423075257332
139266.666666527,0
139283.333333194,0
139299.999999861,0
139316.666666527,0
139333.333333194,0
139349.999999861,0.0205615504648145
139366.666666527,0
139383.333333194,0
139399.999999861,0
139416.666666527,0
139433.333333194,0
139449.999999861,0.00263780216058972
139466.666666527,0
139483.333333194,0
139499.99999986,0
139516.666666527,0
139533.333333194,0
139549.99999986,0.0127284116075951
139566.666666527,0
139583.333333194,0
139599.99999986,0
139616.666666527,0
139633.333333194,0
139649.99999986,0.046463675549116
139666.666666527,0
139683.333333194,0
139699.99999986,0
139716.666666527,0
139733.333333194,0
139749.99999986,0.00248700763888302
139766.666666527,0
139783.333333194,0
139799.99999986,0
139816.666666527,0
139833.333333193,0
139849.99999986,0.00347377013034124
139866.666666527,0
139883.333333193,0
139899.99999986,0
139916.666666527,0
139933.333333193,0
139949.99999986,0.0466870765078415
139966.666666527,0
139983.333333193,0
139999.99999986,0
140016.666666527,0
140033.333333193,0
140049.99999986,0.0178052686860204
140066.666666527,0
140083.333333193,0
140099.99999986,0
140116.666666527,0
140133.333333193,0
140149.99999986,0.0172718331054006
140166.666666526,0
140183.333333193,0
140199.99999986,0
140216.666666526,0
140233.333333193,0
140249.99999986,0.0122853552240143
140266.666666526,0
140283.333333193,0
140299.99999986,0
140316.666666526,0
140333.333333193,0
140349.99999986,0.0072300151310052
140366.666666526,0
140383.333333193,0
140399.99999986,0
140416.666666526,0
140433.333333193,0
140449.99999986,0.0362211492055759
140466.666666526,0
140483.333333193,0
140499.999999859,0
140516.666666526,0
140533.333333193,0
140549.999999859,0.0198338145717571
140566.666666526,0
140583.333333193,0
140599.999999859,0
140616.666666526,0
140633.333333193,0
140649.999999859,0.0187101687097606
140666.666666526,0
140683.333333193,0
140699.999999859,0
140716.666666526,0
140733.333333193,0
140749.999999859,0.00940791066967191
140766.666666526,0
140783.333333193,0
140799.999999859,0
140816.666666526,0
140833.333333192,0
140849.999999859,0.0365615930819157
140866.666666526,0
140883.333333192,0
140899.999999859,0
140916.666666526,0
140933.333333192,0
140949.999999859,0.041046476951624
140966.666666526,0
140983.333333192,0
140999.999999859,0
141016.666666526,0
141033.333333192,0
141049.999999859,0.0527871003928941
141066.666666526,0
141083.333333192,0
141099.999999859,0
141116.666666526,0
141133.333333192,0
141149.999999859,0.0265793851469299
141166.666666525,0
141183.333333192,0
141199.999999859,0
141216.666666525,0
141233.333333192,0
141249.999999859,0.0394773452536947
141266.666666525,0
141283.333333192,0
141299.999999859,0
141316.666666525,0
141333.333333192,0
141349.999999859,0.00331836873451096
141366.666666525,0
141383.333333192,0
141399.999999859,0
141416.666666525,0
141433.333333192,0
141449.999999859,0.0324861091991476
141466.666666525,0
141483.333333192,0
141499.999999858,0
141516.666666525,0
141533.333333192,0
141549.999999858,0.0352096530061244
141566.666666525,0
141583.333333192,0
141599.999999858,0
141616.666666525,0
141633.333333192,0
141649.999999858,0.0100181944451566
141666.666666525,0
141683.333333192,0
141699.999999858,0
141716.666666525,0
141733.333333192,0
141749.999999858,0.0145190573695438
141766.666666525,0
141783.333333192,0
141799.999999858,0
141816.666666525,0
141833.333333191,0
141849.999999858,0.0380783437890993
141866.666666525,0
141883.333333191,0
141899.999999858,0
141916.666666525,0
141933.333333191,0
141949.999999858,0.0585121274952067
141966.666666525,0
141983.333333191,0
141999.999999858,0
142016.666666525,0
142033.333333191,0
142049.999999858,0.00872488512870157
142066.666666525,0
142083.333333191,0
142099.999999858,0
142116.666666525,0
142133.333333191,0
142149.999999858,0.0195499485380547
142166.666666524,0
142183.333333191,0
142199.999999858,0
142216.666666524,0
142233.333333191,0
142249.999999858,0.0294374213899485
142266.666666524,0
142283.333333191,0
142299.999999858,0
142316.666666524,0
142333.333333191,0
142349.999999858,0.0256894709499442
142366.666666524,0
142383.333333191,0
142399.999999858,0
142416.666666524,0
142433.333333191,0
142449.999999858,0.00619903737826469
142466.666666524,0
142483.333333191,0
142499.999999857,0
142516.666666524,0
142533.333333191,0
142549.999999857,0.0140173722269047
142566.666666524,0
142583.333333191,0
142599.999999857,0
142616.666666524,0
142633.333333191,0
142649.999999857,0.0385333306808071
142666.666666524,0
142683.333333191,0
142699.999999857,0
142716.666666524,0
142733.333333191,0
142749.999999857,0.000792182765572997
142766.666666524,0
142783.333333191,0
142799.999999857,0
142816.666666524,0
142833.333333191,0
142849.999999857,0.0041942150238859
142866.666666524,0
142883.33333319,0
142899.999999857,0
142916.666666524,0
142933.33333319,0
142949.999999857,0.033547732047428
142966.666666524,0
142983.33333319,0
142999.999999857,0
143016.666666524,0
143033.33333319,0
143049.999999857,0.0100328421723614
143066.666666524,0
143083.33333319,0
143099.999999857,0
143116.666666524,0
143133.33333319,0
143149.999999857,0.0432961315506272
143166.666666523,0
143183.33333319,0
143199.999999857,0
143216.666666523,0
143233.33333319,0
143249.999999857,0.013377683542112
143266.666666523,0
143283.33333319,0
143299.999999857,0
143316.666666523,0
143333.33333319,0
143349.999999857,0.0168517588478492
143366.666666523,0
143383.33333319,0
143399.999999857,0
143416.666666523,0
143433.33333319,0
143449.999999857,0.0368295569483497
143466.666666523,0
143483.33333319,0
143499.999999856,0
143516.666666523,0
143533.33333319,0
143549.999999856,0.0506006938038054
143566.666666523,0
143583.33333319,0
143599.999999856,0
143616.666666523,0
143633.33333319,0
143649.999999856,0.000543361187175898
143666.666666523,0
143683.33333319,0
143699.999999856,0
143716.666666523,0
143733.33333319,0
143749.999999856,0.00729603502929054
143766.666666523,0
143783.33333319,0
143799.999999856,0
143816.666666523,0
143833.333333189,0
143849.999999856,0.0105444591927435
143866.666666523,0
143883.333333189,0
143899.999999856,0
143916.666666523,0
143933.333333189,0
143949.999999856,0.00981339572092933
143966.666666523,0
143983.333333189,0
143999.999999856,0
144016.666666523,0
144033.333333189,0
144049.999999856,0.07335814776079
144066.666666523,0
144083.333333189,0
144099.999999856,0
144116.666666523,0
144133.333333189,0
144149.999999856,0.0343393581078752
144166.666666522,0
144183.333333189,0
144199.999999856,0
144216.666666522,0
144233.333333189,0
144249.999999856,0.0245362540579048
144266.666666522,0
144283.333333189,0
144299.999999856,0
144316.666666522,0
144333.333333189,0
144349.999999856,0.023146567140713
144366.666666522,0
144383.333333189,0
144399.999999856,0
144416.666666522,0
144433.333333189,0
144449.999999856,0.0114049807828761
144466.666666522,0
144483.333333189,0
144499.999999855,0
144516.666666522,0
144533.333333189,0
144549.999999855,0.0144664748483821
144566.666666522,0
144583.333333189,0
144599.999999855,0
144616.666666522,0
144633.333333189,0
144649.999999855,0.0216170414069981
144666.666666522,0
144683.333333189,0
144699.999999855,0
144716.666666522,0
144733.333333189,0
144749.999999855,0.0655864901018982
144766.666666522,0
144783.333333189,0
144799.999999855,0
144816.666666522,0
144833.333333188,0
144849.999999855,0.0207685553756224
144866.666666522,0
144883.333333188,0
144899.999999855,0
144916.666666522,0
144933.333333188,0
144949.999999855,0.0420248775540955
144966.666666522,0
144983.333333188,0
144999.999999855,0
145016.666666522,0
145033.333333188,0
145049.999999855,0.0216767786526829
145066.666666522,0
145083.333333188,0
145099.999999855,0
145116.666666522,0
145133.333333188,0
145149.999999855,0.0457165536913408
145166.666666521,0
145183.333333188,0
145199.999999855,0
145216.666666521,0
145233.333333188,0
145249.999999855,0.00641177828835042
145266.666666521,0
145283.333333188,0
145299.999999855,0
145316.666666521,0
145333.333333188,0
145349.999999855,0.0197697002801466
145366.666666521,0
145383.333333188,0
145399.999999855,0
145416.666666521,0
145433.333333188,0
145449.999999855,0.0116411437950446
145466.666666521,0
145483.333333188,0
145499.999999854,0
145516.666666521,0
145533.333333188,0
145549.999999854,0.00569441437964936
145566.666666521,0
145583.333333188,0
145599.999999854,0
145616.666666521,0
145633.333333188,0
145649.999999854,0.0444098123820003
145666.666666521,0
145683.333333188,0
145699.999999854,0
145716.666666521,0
145733.333333188,0
145749.999999854,0.0112152392264289
145766.666666521,0
145783.333333188,0
145799.999999854,0
145816.666666521,0
145833.333333187,0
145849.999999854,0.00360144556880885
145866.666666521,0
145883.333333187,0
145899.999999854,0
145916.666666521,0
145933.333333187,0
145949.999999854,0.0084156103989194
145966.666666521,0
145983.333333187,0
145999.999999854,0
146016.666666521,0
146033.333333187,0
146049.999999854,0.00354600997303829
146066.666666521,0
146083.333333187,0
146099.999999854,0
146116.666666521,0
146133.333333187,0
146149.999999854,0.0653350970981571
146166.66666652,0
146183.333333187,0
146199.999999854,0
146216.66666652,0
146233.333333187,0
146249.999999854,0.0329044908296166
146266.66666652,0
146283.333333187,0
146299.999999854,0
146316.66666652,0
146333.333333187,0
146349.999999854,0.0134329404018691
146366.66666652,0
146383.333333187,0
146399.999999854,0
146416.66666652,0
146433.333333187,0
146449.999999854,0.0126560834698571
146466.66666652,0
146483.333333187,0
146499.999999853,0
146516.66666652,0
146533.333333187,0
146549.999999853,0.0327081749492637
146566.66666652,0
146583.333333187,0
146599.999999853,0
146616.66666652,0
146633.333333187,0
146649.999999853,0.0376951806416716
146666.66666652,0
146683.333333187,0
146699.999999853,0
146716.66666652,0
146733.333333187,0
146749.999999853,0.0517159324172913
146766.66666652,0
146783.333333187,0
146799.999999853,0
146816.66666652,0
146833.333333186,0
146849.999999853,0.0141833221898076
146866.66666652,0
146883.333333186,0
146899.999999853,0
146916.66666652,0
146933.333333186,0
146949.999999853,0.0413388066164676
146966.66666652,0
146983.333333186,0
146999.999999853,0
147016.66666652,0
147033.333333186,0
147049.999999853,0.0257110863247883
147066.66666652,0
147083.333333186,0
147099.999999853,0
147116.66666652,0
147133.333333186,0
147149.999999853,0.0120211158012889
147166.666666519,0
147183.333333186,0
147199.999999853,0
147216.666666519,0
147233.333333186,0
147249.999999853,0.0444600970590013
147266.666666519,0
147283.333333186,0
147299.999999853,0
147316.666666519,0
147333.333333186,0
147349.999999853,0.0513429605829531
147366.666666519,0
147383.333333186,0
147399.999999853,0
147416.666666519,0
147433.333333186,0
147449.999999853,0.0257096627192742
147466.666666519,0
147483.333333186,0
147499.999999852,0
147516.666666519,0
147533.333333186,0
147549.999999852,0.0501006248631708
147566.666666519,0
147583.333333186,0
147599.999999852,0
147616.666666519,0
147633.333333186,0
147649.999999852,0.0520346701079782
147666.666666519,0
147683.333333186,0
147699.999999852,0
147716.666666519,0
147733.333333186,0
147749.999999852,0.0345096601191488
147766.666666519,0
147783.333333186,0
147799.999999852,0
147816.666666519,0
147833.333333185,0
147849.999999852,0.0486795793939236
147866.666666519,0
147883.333333185,0
147899.999999852,0
147916.666666519,0
147933.333333185,0
147949.999999852,0.0338327293551649
147966.666666519,0
147983.333333185,0
147999.999999852,0
148016.666666519,0
148033.333333185,0
148049.999999852,0.0409631487472545
148066.666666519,0
148083.333333185,0
148099.999999852,0
148116.666666519,0
148133.333333185,0
148149.999999852,0.0324325430377839
148166.666666518,0
148183.333333185,0
148199.999999852,0
148216.666666518,0
148233.333333185,0
148249.999999852,0.00707997507835478
148266.666666518,0
148283.333333185,0
148299.999999852,0
148316.666666518,0
148333.333333185,0
148349.999999852,0.000521034097496413
148366.666666518,0
148383.333333185,0
148399.999999852,0
148416.666666518,0
148433.333333185,0
148449.999999852,0.0450470252821887
148466.666666518,0
148483.333333185,0
148499.999999851,0
148516.666666518,0
148533.333333185,0
148549.999999851,0.0321496054373334
148566.666666518,0
148583.333333185,0
148599.999999851,0
148616.666666518,0
148633.333333185,0
148649.999999851,0.0146367990859507
148666.666666518,0
148683.333333185,0
148699.999999851,0
148716.666666518,0
148733.333333185,0
148749.999999851,0.0141818939828814
148766.666666518,0
148783.333333185,0
148799.999999851,0
148816.666666518,0
148833.333333185,0
148849.999999851,0.0413885143329184
148866.666666518,0
148883.333333184,0
148899.999999851,0
148916.666666518,0
148933.333333184,0
148949.999999851,0.00473949447845182
148966.666666518,0
148983.333333184,0
148999.999999851,0
149016.666666518,0
149033.333333184,0
149049.999999851,0.0515615548006473
149066.666666518,0
149083.333333184,0
149099.999999851,0
149116.666666518,0
149133.333333184,0
149149.999999851,0.0420016990218706
149166.666666517,0
149183.333333184,0
149199.999999851,0
149216.666666517,0
149233.333333184,0
149249.999999851,0.045635037965242
149266.666666517,0
149283.333333184,0
149299.999999851,0
149316.666666517,0
149333.333333184,0
149349.999999851,0.0298396032029702
149366.666666517,0
149383.333333184,0
149399.999999851,0
149416.666666517,0
149433.333333184,0
149449.999999851,0.0247169621535919
149466.666666517,0
149483.333333184,0
149499.99999985,0
149516.666666517,0
149533.333333184,0
149549.99999985,0.00962159630904972
149566.666666517,0
149583.333333184,0
149599.99999985,0
149616.666666517,0
149633.333333184,0
149649.99999985,0.00639016720460644
149666.666666517,0
149683.333333184,0
149699.99999985,0
149716.666666517,0
149733.333333184,0
149749.99999985,0.0941971968314274
149766.666666517,0
149783.333333184,0
149799.99999985,0
149816.666666517,0
149833.333333183,0
149849.99999985,0.0528882216328842
149866.666666517,0
149883.333333183,0
149899.99999985,0
149916.666666517,0
149933.333333183,0
149949.99999985,0.000529019905052993
149966.666666517,0
149983.333333183,0
149999.99999985,0
150016.666666517,0
150033.333333183,0
150049.99999985,0.0131103011126605
150066.666666517,0
150083.333333183,0
150099.99999985,0
150116.666666517,0
150133.333333183,0
150149.99999985,0.03350585223849
150166.666666516,0
150183.333333183,0
150199.99999985,0
150216.666666516,0
150233.333333183,0
150249.99999985,0.0165196176071281
150266.666666516,0
150283.333333183,0
150299.99999985,0
150316.666666516,0
150333.333333183,0
150349.99999985,0.0137949980976026
150366.666666516,0
150383.333333183,0
150399.99999985,0
150416.666666516,0
150433.333333183,0
150449.99999985,0.00613737485393147
150466.666666516,0
150483.333333183,0
150499.999999849,0
150516.666666516,0
150533.333333183,0
150549.999999849,0.0526486591939662
150566.666666516,0
150583.333333183,0
150599.999999849,0
150616.666666516,0
150633.333333183,0
150649.999999849,0.100368764676425
150666.666666516,0
150683.333333183,0
150699.999999849,0
150716.666666516,0
150733.333333183,0
150749.999999849,0.0572483815260684
150766.666666516,0
150783.333333183,0
150799.999999849,0
150816.666666516,0
150833.333333182,0
150849.999999849,0.059998200602887
150866.666666516,0
150883.333333182,0
150899.999999849,0
150916.666666516,0
150933.333333182,0
150949.999999849,0.000335270690123722
150966.666666516,0
150983.333333182,0
150999.999999849,0
151016.666666516,0
151033.333333182,0
151049.999999849,0.0617456191398443
151066.666666516,0
151083.333333182,0
151099.999999849,0
151116.666666516,0
151133.333333182,0
151149.999999849,0.0196165642709871
151166.666666515,0
151183.333333182,0
151199.999999849,0
151216.666666515,0
151233.333333182,0
151249.999999849,0.0398882012798424
151266.666666515,0
151283.333333182,0
151299.999999849,0
151316.666666515,0
151333.333333182,0
151349.999999849,0.0630324399207456
151366.666666515,0
151383.333333182,0
151399.999999849,0
151416.666666515,0
151433.333333182,0
151449.999999849,0.000156087489056722
151466.666666515,0
151483.333333182,0
151499.999999848,0
151516.666666515,0
151533.333333182,0
151549.999999848,0.0368044069805516
151566.666666515,0
151583.333333182,0
151599.999999848,0
151616.666666515,0
151633.333333182,0
151649.999999848,0.0436204570240004
151666.666666515,0
151683.333333182,0
151699.999999848,0
151716.666666515,0
151733.333333182,0
151749.999999848,0.0582771621785087
151766.666666515,0
151783.333333182,0
151799.999999848,0
151816.666666515,0
151833.333333181,0
151849.999999848,0.044735286878095
151866.666666515,0
151883.333333181,0
151899.999999848,0
151916.666666515,0
151933.333333181,0
151949.999999848,0.0525500539928427
151966.666666515,0
151983.333333181,0
151999.999999848,0
152016.666666515,0
152033.333333181,0
152049.999999848,0.0373062658459803
152066.666666515,0
152083.333333181,0
152099.999999848,0
152116.666666515,0
152133.333333181,0
152149.999999848,0.0112423276000468
152166.666666515,0
152183.333333181,0
152199.999999848,0
152216.666666514,0
152233.333333181,0
152249.999999848,0.0304338399125172
152266.666666514,0
152283.333333181,0
152299.999999848,0
152316.666666514,0
152333.333333181,0
152349.999999848,0.0506076242351135
152366.666666514,0
152383.333333181,0
152399.999999848,0
152416.666666514,0
152433.333333181,0
152449.999999848,0.0803481859313167
152466.666666514,0
152483.333333181,0
152499.999999847,0
152516.666666514,0
152533.333333181,0
152549.999999847,0.0106752382459164
152566.666666514,0
152583.333333181,0
152599.999999847,0
152616.666666514,0
152633.333333181,0
152649.999999847,0.0320027724970571
152666.666666514,0
152683.333333181,0
152699.999999847,0
152716.666666514,0
152733.333333181,0
152749.999999847,0.0671363595563153
152766.666666514,0
152783.333333181,0
152799.999999847,0
152816.666666514,0
152833.33333318,0
152849.999999847,0.0394988352916631
152866.666666514,0
152883.33333318,0
152899.999999847,0
152916.666666514,0
152933.33333318,0
152949.999999847,0.06914974844985
152966.666666514,0
152983.33333318,0
152999.999999847,0
153016.666666514,0
153033.33333318,0
153049.999999847,0.104758820986576
153066.666666514,0
153083.33333318,0
153099.999999847,0
153116.666666514,0
153133.33333318,0
153149.999999847,0.00946049639707632
153166.666666513,0
153183.33333318,0
153199.999999847,0
153216.666666513,0
153233.33333318,0
153249.999999847,0.0437923165091868
153266.666666513,0
153283.33333318,0
153299.999999847,0
153316.666666513,0
153333.33333318,0
153349.999999847,0.0254263885333657
153366.666666513,0
153383.33333318,0
153399.999999847,0
153416.666666513,0
153433.33333318,0
153449.999999847,0.0550724457460781
153466.666666513,0
153483.33333318,0
153499.999999846,0
153516.666666513,0
153533.33333318,0
153549.999999846,0.0473543981896384
153566.666666513,0
153583.33333318,0
153599.999999846,0
153616.666666513,0
153633.33333318,0
153649.999999846,0.030647364296793
153666.666666513,0
153683.33333318,0
153699.999999846,0
153716.666666513,0
153733.33333318,0
153749.999999846,0.054455888881454
153766.666666513,0
153783.33333318,0
153799.999999846,0
153816.666666513,0
153833.333333179,0
153849.999999846,0.13717247406742
153866.666666513,0
153883.333333179,0
153899.999999846,0
153916.666666513,0
153933.333333179,0
153949.999999846,0.0833199813992652
153966.666666513,0
153983.333333179,0
153999.999999846,0
154016.666666513,0
154033.333333179,0
154049.999999846,0.027738119038726
154066.666666513,0
154083.333333179,0
154099.999999846,0
154116.666666513,0
154133.333333179,0
154149.999999846,0.113004140461877
154166.666666512,0
154183.333333179,0
154199.999999846,0
154216.666666512,0
154233.333333179,0
154249.999999846,0.015875314996639
154266.666666512,0
154283.333333179,0
154299.999999846,0
154316.666666512,0
154333.333333179,0
154349.999999846,0.00188986870606446
154366.666666512,0
154383.333333179,0
154399.999999846,0
154416.666666512,0
154433.333333179,0
154449.999999846,0.0547553314572189
154466.666666512,0
154483.333333179,0
154499.999999845,0
154516.666666512,0
154533.333333179,0
154549.999999845,0.137378964878856
154566.666666512,0
154583.333333179,0
154599.999999845,0
154616.666666512,0
154633.333333179,0
154649.999999845,0.0319552680750701
154666.666666512,0
154683.333333179,0
154699.999999845,0
154716.666666512,0
154733.333333179,0
154749.999999845,0.160359646831903
154766.666666512,0
154783.333333179,0
154799.999999845,0
154816.666666512,0
154833.333333178,0
154849.999999845,0.0170500590468038
154866.666666512,0
154883.333333178,0
154899.999999845,0
154916.666666512,0
154933.333333178,0
154949.999999845,0.0494285836254846
154966.666666512,0
154983.333333178,0
154999.999999845,0
155016.666666512,0
155033.333333178,0
155049.999999845,0.00531027991211208
155066.666666512,0
155083.333333178,0
155099.999999845,0
155116.666666512,0
155133.333333178,0
155149.999999845,0.0425265691455466
155166.666666511,0
155183.333333178,0
155199.999999845,0
155216.666666511,0
155233.333333178,0
155249.999999845,0.0826901355848367
155266.666666511,0
155283.333333178,0
155299.999999845,0
155316.666666511,0
155333.333333178,0
155349.999999845,0.0358082450931144
155366.666666511,0
155383.333333178,0
155399.999999845,0
155416.666666511,0
155433.333333178,0
155449.999999845,0.0559115360659279
155466.666666511,0
155483.333333178,0
155499.999999844,0
155516.666666511,0
155533.333333178,0
155549.999999844,0.0458624299922626
155566.666666511,0
155583.333333178,0
155599.999999844,0
155616.666666511,0
155633.333333178,0
155649.999999844,0.00910248008199315
155666.666666511,0
155683.333333178,0
155699.999999844,0
155716.666666511,0
155733.333333178,0
155749.999999844,0.022460620635501
155766.666666511,0
155783.333333178,0
155799.999999844,0
155816.666666511,0
155833.333333177,0
155849.999999844,0.0366256080737897
155866.666666511,0
155883.333333177,0
155899.999999844,0
155916.666666511,0
155933.333333177,0
155949.999999844,0.0856195349701035
155966.666666511,0
155983.333333177,0
155999.999999844,0
156016.666666511,0
156033.333333177,0
156049.999999844,0.109696076374458
156066.666666511,0
156083.333333177,0
156099.999999844,0
156116.666666511,0
156133.333333177,0
156149.999999844,0.00313723470705574
156166.66666651,0
156183.333333177,0
156199.999999844,0
156216.66666651,0
156233.333333177,0
156249.999999844,0.22041717976593
156266.66666651,0
156283.333333177,0
156299.999999844,0
156316.66666651,0
156333.333333177,0
156349.999999844,0.171386224011029
156366.66666651,0
156383.333333177,0
156399.999999844,0
156416.66666651,0
156433.333333177,0
156449.999999844,0.0383504124032168
156466.66666651,0
156483.333333177,0
156499.999999843,0
156516.66666651,0
156533.333333177,0
156549.999999843,0.0226544704211388
156566.66666651,0
156583.333333177,0
156599.999999843,0
156616.66666651,0
156633.333333177,0
156649.999999843,0.0662717206430241
156666.66666651,0
156683.333333177,0
156699.999999843,0
156716.66666651,0
156733.333333177,0
156749.999999843,0.194322392248512
156766.66666651,0
156783.333333177,0
156799.999999843,0
156816.66666651,0
156833.333333176,0
156849.999999843,0.123819420009295
156866.66666651,0
156883.333333176,0
156899.999999843,0
156916.66666651,0
156933.333333176,0
156949.999999843,0.152798486425225
156966.66666651,0
156983.333333176,0
156999.999999843,0
157016.66666651,0
157033.333333176,0
157049.999999843,0.00219434475294509
157066.66666651,0
157083.333333176,0
157099.999999843,0
157116.66666651,0
157133.333333176,0
157149.999999843,0.131322574743125
157166.666666509,0
157183.333333176,0
157199.999999843,0
157216.666666509,0
157233.333333176,0
157249.999999843,0.162751660804
157266.666666509,0
157283.333333176,0
157299.999999843,0
157316.666666509,0
157333.333333176,0
157349.999999843,0.360989663368947
157366.666666509,0
157383.333333176,0
157399.999999843,0
157416.666666509,0
157433.333333176,0
157449.999999843,0.220426004749525
157466.666666509,0
157483.333333176,0
157499.999999842,0
157516.666666509,0
157533.333333176,0
157549.999999842,0.116146240754384
157566.666666509,0
157583.333333176,0
157599.999999842,0
157616.666666509,0
157633.333333176,0
157649.999999842,0.21090683444176
157666.666666509,0
157683.333333176,0
157699.999999842,0
157716.666666509,0
157733.333333176,0
157749.999999842,0.00664361314489873
157766.666666509,0
157783.333333176,0
157799.999999842,0
157816.666666509,0
157833.333333175,0
157849.999999842,0.052469236340612
157866.666666509,0
157883.333333175,0
157899.999999842,0
157916.666666509,0
157933.333333175,0
157949.999999842,0.182966757681069
157966.666666509,0
157983.333333175,0
157999.999999842,0
158016.666666509,0
158033.333333175,0
158049.999999842,0.0433387229874298
158066.666666509,0
158083.333333175,0
158099.999999842,0
158116.666666509,0
158133.333333175,0
158149.999999842,0.303930649605174
158166.666666508,0
158183.333333175,0
158199.999999842,0
158216.666666508,0
158233.333333175,0
158249.999999842,0.189040375934584
158266.666666508,0
158283.333333175,0
158299.999999842,0
158316.666666508,0
158333.333333175,0
158349.999999842,0.110894664273514
158366.666666508,0
158383.333333175,0
158399.999999842,0
158416.666666508,0
158433.333333175,0
158449.999999842,0.136633527321522
158466.666666508,0
158483.333333175,0
158499.999999841,0
158516.666666508,0
158533.333333175,0
158549.999999841,0.0302932239604838
158566.666666508,0
158583.333333175,0
158599.999999841,0
158616.666666508,0
158633.333333175,0
158649.999999841,0.134499558105034
158666.666666508,0
158683.333333175,0
158699.999999841,0
158716.666666508,0
158733.333333175,0
158749.999999841,0.236392848933352
158766.666666508,0
158783.333333175,0
158799.999999841,0
158816.666666508,0
158833.333333174,0
158849.999999841,0.152236833758117
158866.666666508,0
158883.333333174,0
158899.999999841,0
158916.666666508,0
158933.333333174,0
158949.999999841,0.00814056751031797
158966.666666508,0
158983.333333174,0
158999.999999841,0
159016.666666508,0
159033.333333174,0
159049.999999841,0.154646587060804
159066.666666508,0
159083.333333174,0
159099.999999841,0
159116.666666508,0
159133.333333174,0
159149.999999841,0.191562281196061
159166.666666507,0
159183.333333174,0
159199.999999841,0
159216.666666507,0
159233.333333174,0
159249.999999841,0.262856875572004
159266.666666507,0
159283.333333174,0
159299.999999841,0
159316.666666507,0
159333.333333174,0
159349.999999841,0.215111526979983
159366.666666507,0
159383.333333174,0
159399.999999841,0
159416.666666507,0
159433.333333174,0
159449.999999841,1.41977112375753
159466.666666507,0
159483.333333174,0
159499.99999984,0
159516.666666507,0
159533.333333174,0
159549.99999984,2.33518455495215
159566.666666507,0
159583.333333174,0
159599.99999984,0
159616.666666507,0
159633.333333174,0
159649.99999984,0.673113775167589
159666.666666507,0
159683.333333174,0
159699.99999984,0
159716.666666507,0
159733.333333174,0
159749.99999984,1.93111673443388
159766.666666507,0
159783.333333174,0
159799.99999984,0
159816.666666507,0
159833.333333173,0
159849.99999984,1.45076815952031
159866.666666507,0
159883.333333173,0
159899.99999984,0
159916.666666507,0
159933.333333173,0
159949.99999984,0.891369398770716
159966.666666507,0
159983.333333173,0
159999.99999984,0
160016.666666507,0
160033.333333173,0
160049.99999984,0.882123259490887
160066.666666507,0
160083.333333173,0
160099.99999984,0
160116.666666507,0
160133.333333173,0
160149.99999984,1.46143728248722
160166.666666506,0
160183.333333173,0
160199.99999984,0
160216.666666506,0
160233.333333173,0
160249.99999984,1.96474610556071
160266.666666506,0
160283.333333173,0
160299.99999984,0
160316.666666506,0
160333.333333173,0
160349.99999984,0.640213087981255
160366.666666506,0
160383.333333173,0
160399.99999984,0
160416.666666506,0
160433.333333173,0
160449.99999984,2.33516554551141
160466.666666506,0
160483.333333173,0
160499.999999839,0
160516.666666506,0
160533.333333173,0
160549.999999839,1.43851297461777
160566.666666506,0
160583.333333173,0
160599.999999839,0
160616.666666506,0
160633.333333173,0
160649.999999839,0.208928456846149
160666.666666506,0
160683.333333173,0
160699.999999839,0
160716.666666506,0
160733.333333173,0
160749.999999839,0.294383835381374
160766.666666506,0
160783.333333173,0
160799.999999839,0
160816.666666506,0
160833.333333172,0
160849.999999839,0.162636189017073
160866.666666506,0
160883.333333172,0
160899.999999839,0
160916.666666506,0
160933.333333172,0
160949.999999839,0.130155744324259
160966.666666506,0
160983.333333172,0
160999.999999839,0
161016.666666506,0
161033.333333172,0
161049.999999839,0.0232167172070012
161066.666666506,0
161083.333333172,0
161099.999999839,0
161116.666666506,0
161133.333333172,0
161149.999999839,0.123389084990224
161166.666666506,0
161183.333333172,0
161199.999999839,0
161216.666666505,0
161233.333333172,0
161249.999999839,0.267375342891873
161266.666666505,0
161283.333333172,0
161299.999999839,0
161316.666666505,0
161333.333333172,0
161349.999999839,0.170781410344492
161366.666666505,0
161383.333333172,0
161399.999999839,0
161416.666666505,0
161433.333333172,0
161449.999999839,0.0419390216063416
161466.666666505,0
161483.333333172,0
161499.999999838,0
161516.666666505,0
161533.333333172,0
161549.999999838,0.157686514133859
161566.666666505,0
161583.333333172,0
161599.999999838,0
161616.666666505,0
161633.333333172,0
161649.999999838,0.101049452413915
161666.666666505,0
161683.333333172,0
161699.999999838,0
161716.666666505,0
161733.333333172,0
161749.999999838,0.209102497000251
161766.666666505,0
161783.333333172,0
161799.999999838,0
161816.666666505,0
161833.333333171,0
161849.999999838,0.310203794512206
161866.666666505,0
161883.333333171,0
161899.999999838,0
161916.666666505,0
161933.333333171,0
161949.999999838,0.0462520311408182
161966.666666505,0
161983.333333171,0
161999.999999838,0
162016.666666505,0
162033.333333171,0
162049.999999838,0.189240206016995
162066.666666505,0
162083.333333171,0
162099.999999838,0
162116.666666505,0
162133.333333171,0
162149.999999838,0.071177897681101
162166.666666504,0
162183.333333171,0
162199.999999838,0
162216.666666504,0
162233.333333171,0
162249.999999838,0.0149357414154665
162266.666666504,0
162283.333333171,0
162299.999999838,0
162316.666666504,0
162333.333333171,0
162349.999999838,0.200106391010094
162366.666666504,0
162383.333333171,0
162399.999999838,0
162416.666666504,0
162433.333333171,0
162449.999999838,0.0992299921440294
162466.666666504,0
162483.333333171,0
162499.999999837,0
162516.666666504,0
162533.333333171,0
162549.999999837,0.229053579711614
162566.666666504,0
162583.333333171,0
162599.999999837,0
162616.666666504,0
162633.333333171,0
162649.999999837,0.399167891576747
162666.666666504,0
162683.333333171,0
162699.999999837,0
162716.666666504,0
162733.333333171,0
162749.999999837,0.158137329085189
162766.666666504,0
162783.333333171,0
162799.999999837,0
162816.666666504,0
162833.33333317,0
162849.999999837,0.0856553324524148
162866.666666504,0
162883.33333317,0
162899.999999837,0
162916.666666504,0
162933.33333317,0
162949.999999837,0.0245400677248381
162966.666666504,0
162983.33333317,0
162999.999999837,0
163016.666666504,0
163033.33333317,0
163049.999999837,0.179906460171901
163066.666666504,0
163083.33333317,0
163099.999999837,0
163116.666666504,0
163133.33333317,0
163149.999999837,0.127015951482294
163166.666666504,0
163183.33333317,0
163199.999999837,0
163216.666666503,0
163233.33333317,0
163249.999999837,0.209156843579133
163266.666666503,0
163283.33333317,0
163299.999999837,0
163316.666666503,0
163333.33333317,0
163349.999999837,0.0385304630216358
163366.666666503,0
163383.33333317,0
163399.999999837,0
163416.666666503,0
163433.33333317,0
163449.999999837,0.0145472516804016
163466.666666503,0
163483.33333317,0
163499.999999836,0
163516.666666503,0
163533.33333317,0
163549.999999836,0.0195204254751623
163566.666666503,0
163583.33333317,0
163599.999999836,0
163616.666666503,0
163633.33333317,0
163649.999999836,0.138257664770818
163666.666666503,0
163683.33333317,0
163699.999999836,0
163716.666666503,0
163733.33333317,0
163749.999999836,0.262010941567586
163766.666666503,0
163783.33333317,0
163799.999999836,0
163816.666666503,0
163833.333333169,0
163849.999999836,0.014223565087483
163866.666666503,0
163883.333333169,0
163899.999999836,0
163916.666666503,0
163933.333333169,0
163949.999999836,0.106716537468016
163966.666666503,0
163983.333333169,0
163999.999999836,0
164016.666666503,0
164033.333333169,0
164049.999999836,0.0891756458317252
164066.666666503,0
164083.333333169,0
164099.999999836,0
164116.666666503,0
164133.333333169,0
164149.999999836,0.0334855936061673
164166.666666502,0
164183.333333169,0
164199.999999836,0
164216.666666502,0
164233.333333169,0
164249.999999836,0.0255953471128251
164266.666666502,0
164283.333333169,0
164299.999999836,0
164316.666666502,0
164333.333333169,0
164349.999999836,0.000570455803772087
164366.666666502,0
164383.333333169,0
164399.999999836,0
164416.666666502,0
164433.333333169,0
164449.999999836,0.0524569080624509
164466.666666502,0
164483.333333169,0
164499.999999836,0
164516.666666502,0
164533.333333169,0
164549.999999835,0.0347078719735631
164566.666666502,0
164583.333333169,0
164599.999999835,0
164616.666666502,0
164633.333333169,0
164649.999999835,0.0236182413962205
164666.666666502,0
164683.333333169,0
164699.999999835,0
164716.666666502,0
164733.333333169,0
164749.999999835,0.0695391368470415
164766.666666502,0
164783.333333169,0
164799.999999835,0
164816.666666502,0
164833.333333168,0
164849.999999835,0.0313959994486111
164866.666666502,0
164883.333333168,0
164899.999999835,0
164916.666666502,0
164933.333333168,0
164949.999999835,0.0235090028161597
164966.666666502,0
164983.333333168,0
164999.999999835,0
165016.666666502,0
165033.333333168,0
165049.999999835,0.0712175988225662
165066.666666502,0
165083.333333168,0
165099.999999835,0
165116.666666502,0
165133.333333168,0
165149.999999835,0.0191333744438529
165166.666666501,0
165183.333333168,0
165199.999999835,0
165216.666666501,0
165233.333333168,0
165249.999999835,0.191855008220142
165266.666666501,0
165283.333333168,0
165299.999999835,0
165316.666666501,0
165333.333333168,0
165349.999999835,0.0590479921284641
165366.666666501,0
165383.333333168,0
165399.999999835,0
165416.666666501,0
165433.333333168,0
165449.999999835,0.177057685849332
165466.666666501,0
165483.333333168,0
165499.999999834,0
165516.666666501,0
165533.333333168,0
165549.999999834,0.0397863855439888
165566.666666501,0
165583.333333168,0
165599.999999834,0
165616.666666501,0
165633.333333168,0
165649.999999834,0.0430582636493084
165666.666666501,0
165683.333333168,0
165699.999999834,0
165716.666666501,0
165733.333333168,0
165749.999999834,0.0113966360571673
165766.666666501,0
165783.333333168,0
165799.999999834,0
165816.666666501,0
165833.333333167,0
165849.999999834,0.126954045098053
165866.666666501,0
165883.333333167,0
165899.999999834,0
165916.666666501,0
165933.333333167,0
165949.999999834,0.0476391453538962
165966.666666501,0
165983.333333167,0
165999.999999834,0
166016.666666501,0
166033.333333167,0
166049.999999834,0.0649712944550733
166066.666666501,0
166083.333333167,0
166099.999999834,0
166116.666666501,0
166133.333333167,0
166149.999999834,0.0954567249761374
166166.6666665,0
166183.333333167,0
166199.999999834,0
166216.6666665,0
166233.333333167,0
166249.999999834,0.0533296572673813
166266.6666665,0
166283.333333167,0
166299.999999834,0
166316.6666665,0
166333.333333167,0
166349.999999834,0.0635729074779278
166366.6666665,0
166383.333333167,0
166399.999999834,0
166416.6666665,0
166433.333333167,0
166449.999999834,0.0331744383232906
166466.6666665,0
166483.333333167,0
166499.999999833,0
166516.6666665,0
166533.333333167,0
166549.999999833,0.0481513276216104
166566.6666665,0
166583.333333167,0
166599.999999833,0
166616.6666665,0
166633.333333167,0
166649.999999833,0.00888067227936007
166666.6666665,0
166683.333333167,0
166699.999999833,0
166716.6666665,0
166733.333333167,0
166749.999999833,0.00275351408493239
166766.6666665,0
166783.333333167,0
166799.999999833,0
166816.6666665,0
166833.333333166,0
166849.999999833,0.0201920872732717
166866.6666665,0
166883.333333166,0
166899.999999833,0
166916.6666665,0
166933.333333166,0
166949.999999833,0.131817221599285
166966.6666665,0
166983.333333166,0
166999.999999833,0
167016.6666665,0
167033.333333166,0
167049.999999833,0.0546777821891286
167066.6666665,0
167083.333333166,0
167099.999999833,0
167116.6666665,0
167133.333333166,0
167149.999999833,0.0279696000665077
167166.666666499,0
167183.333333166,0
167199.999999833,0
167216.666666499,0
167233.333333166,0
167249.999999833,0.101001574591745
167266.666666499,0
167283.333333166,0
167299.999999833,0
167316.666666499,0
167333.333333166,0
167349.999999833,0.0248622895367277
167366.666666499,0
167383.333333166,0
167399.999999833,0
167416.666666499,0
167433.333333166,0
167449.999999833,0.0344865018396434
167466.666666499,0
167483.333333166,0
167499.999999832,0
167516.666666499,0
167533.333333166,0
167549.999999832,0.086948790249656
167566.666666499,0
167583.333333166,0
167599.999999832,0
167616.666666499,0
167633.333333166,0
167649.999999832,0.0905412660862481
167666.666666499,0
167683.333333166,0
167699.999999832,0
167716.666666499,0
167733.333333166,0
167749.999999832,0.0511234244998803
167766.666666499,0
167783.333333166,0
167799.999999832,0
167816.666666499,0
167833.333333165,0
167849.999999832,0.0268914548274198
167866.666666499,0
167883.333333165,0
167899.999999832,0
167916.666666499,0
167933.333333165,0
167949.999999832,0.0159639356459646
167966.666666499,0
167983.333333165,0
167999.999999832,0
168016.666666499,0
168033.333333165,0
168049.999999832,0.0704210701907428
168066.666666499,0
168083.333333165,0
168099.999999832,0
168116.666666499,0
168133.333333165,0
168149.999999832,0.0164509531565763
168166.666666498,0
168183.333333165,0
168199.999999832,0
168216.666666498,0
168233.333333165,0
168249.999999832,0.0725705823649451
168266.666666498,0
168283.333333165,0
168299.999999832,0
168316.666666498,0
168333.333333165,0
168349.999999832,0.030335671722528
168366.666666498,0
168383.333333165,0
168399.999999832,0
168416.666666498,0
168433.333333165,0
168449.999999832,0.0428006157917066
168466.666666498,0
168483.333333165,0
168499.999999831,0
168516.666666498,0
168533.333333165,0
168549.999999831,0.0108799130612878
168566.666666498,0
168583.333333165,0
168599.999999831,0
168616.666666498,0
168633.333333165,0
168649.999999831,0.0827280794631322
168666.666666498,0
168683.333333165,0
168699.999999831,0
168716.666666498,0
168733.333333165,0
168749.999999831,0.0501355704327145
168766.666666498,0
168783.333333165,0
168799.999999831,0
168816.666666498,0
168833.333333164,0
168849.999999831,0.0406691791121164
168866.666666498,0
168883.333333164,0
168899.999999831,0
168916.666666498,0
168933.333333164,0
168949.999999831,0.0496788629607235
168966.666666498,0
168983.333333164,0
168999.999999831,0
169016.666666498,0
169033.333333164,0
169049.999999831,0.0394985364835873
169066.666666498,0
169083.333333164,0
169099.999999831,0
169116.666666498,0
169133.333333164,0
169149.999999831,0.0766125724043113
169166.666666497,0
169183.333333164,0
169199.999999831,0
169216.666666497,0
169233.333333164,0
169249.999999831,0.00684383624949171
169266.666666497,0
169283.333333164,0
169299.999999831,0
169316.666666497,0
169333.333333164,0
169349.999999831,0.0626310979813199
169366.666666497,0
169383.333333164,0
169399.999999831,0
169416.666666497,0
169433.333333164,0
169449.999999831,0.0864693707109719
169466.666666497,0
169483.333333164,0
169499.99999983,0
169516.666666497,0
169533.333333164,0
169549.99999983,0.0353048161950845
169566.666666497,0
169583.333333164,0
169599.99999983,0
169616.666666497,0
169633.333333164,0
169649.99999983,0.0059690060974472
169666.666666497,0
169683.333333164,0
169699.99999983,0
169716.666666497,0
169733.333333164,0
169749.99999983,0.0205847371571691
169766.666666497,0
169783.333333164,0
169799.99999983,0
169816.666666497,0
169833.333333163,0
169849.99999983,0.0284512156529496
169866.666666497,0
169883.333333163,0
169899.99999983,0
169916.666666497,0
169933.333333163,0
169949.99999983,0.0185400281326493
169966.666666497,0
169983.333333163,0
169999.99999983,0
170016.666666497,0
170033.333333163,0
170049.99999983,0.0482627188552409
170066.666666497,0
170083.333333163,0
170099.99999983,0
170116.666666497,0
170133.333333163,0
170149.99999983,0.0676583824016437
170166.666666496,0
170183.333333163,0
170199.99999983,0
170216.666666496,0
170233.333333163,0
170249.99999983,0.110853748411946
170266.666666496,0
170283.333333163,0
170299.99999983,0
170316.666666496,0
170333.333333163,0
170349.99999983,0.0161847660215808
170366.666666496,0
170383.333333163,0
170399.99999983,0
170416.666666496,0
170433.333333163,0
170449.99999983,0.00981151151028679
170466.666666496,0
170483.333333163,0
170499.999999829,0
170516.666666496,0
170533.333333163,0
170549.999999829,0.0387770844188723
170566.666666496,0
170583.333333163,0
170599.999999829,0
170616.666666496,0
170633.333333163,0
170649.999999829,0.0344836429031395
170666.666666496,0
170683.333333163,0
170699.999999829,0
170716.666666496,0
170733.333333163,0
170749.999999829,0.0393986979222121
170766.666666496,0
170783.333333163,0
170799.999999829,0
170816.666666496,0
170833.333333162,0
170849.999999829,0.0615604324302199
170866.666666496,0
170883.333333162,0
170899.999999829,0
170916.666666496,0
170933.333333162,0
170949.999999829,0.0586733771897399
170966.666666496,0
170983.333333162,0
170999.999999829,0
171016.666666496,0
171033.333333162,0
171049.999999829,0.0127431943359338
171066.666666496,0
171083.333333162,0
171099.999999829,0
171116.666666496,0
171133.333333162,0
171149.999999829,0.0606545883590282
171166.666666495,0
171183.333333162,0
171199.999999829,0
171216.666666495,0
171233.333333162,0
171249.999999829,0.00840752506462308
171266.666666495,0
171283.333333162,0
171299.999999829,0
171316.666666495,0
171333.333333162,0
171349.999999829,0.00669319203034891
171366.666666495,0
171383.333333162,0
171399.999999829,0
171416.666666495,0
171433.333333162,0
171449.999999829,0.0247661959676865
171466.666666495,0
171483.333333162,0
171499.999999828,0
171516.666666495,0
171533.333333162,0
171549.999999828,0.0363306249384804
171566.666666495,0
171583.333333162,0
171599.999999828,0
171616.666666495,0
171633.333333162,0
171649.999999828,0.0422411222159011
171666.666666495,0
171683.333333162,0
171699.999999828,0
171716.666666495,0
171733.333333162,0
171749.999999828,0.00302508274446051
171766.666666495,0
171783.333333162,0
171799.999999828,0
171816.666666495,0
171833.333333161,0
171849.999999828,0.0288883553255016
171866.666666495,0
171883.333333161,0
171899.999999828,0
171916.666666495,0
171933.333333161,0
171949.999999828,0.0654895050239194
171966.666666495,0
171983.333333161,0
171999.999999828,0
172016.666666495,0
172033.333333161,0
172049.999999828,0.0278867910747362
172066.666666495,0
172083.333333161,0
172099.999999828,0
172116.666666495,0
172133.333333161,0
172149.999999828,0.021415326471244
172166.666666494,0
172183.333333161,0
172199.999999828,0
172216.666666494,0
172233.333333161,0
172249.999999828,0.0412738371141732
172266.666666494,0
172283.333333161,0
172299.999999828,0
172316.666666494,0
172333.333333161,0
172349.999999828,0.0616002311608776
172366.666666494,0
172383.333333161,0
172399.999999828,0
172416.666666494,0
172433.333333161,0
172449.999999828,0.0394583264059731
172466.666666494,0
172483.333333161,0
172499.999999827,0
172516.666666494,0
172533.333333161,0
172549.999999827,0.00565910909588012
172566.666666494,0
172583.333333161,0
172599.999999827,0
172616.666666494,0
172633.333333161,0
172649.999999827,0.0492248541347032
172666.666666494,0
172683.333333161,0
172699.999999827,0
172716.666666494,0
172733.333333161,0
172749.999999827,0.0888378339816719
172766.666666494,0
172783.333333161,0
172799.999999827,0
172816.666666494,0
172833.33333316,0
172849.999999827,0.0228286620721679
172866.666666494,0
172883.33333316,0
172899.999999827,0
172916.666666494,0
172933.33333316,0
172949.999999827,0.0343953386895138
172966.666666494,0
172983.33333316,0
172999.999999827,0
173016.666666494,0
173033.33333316,0
173049.999999827,0.053454610478824
173066.666666494,0
173083.33333316,0
173099.999999827,0
173116.666666494,0
173133.33333316,0
173149.999999827,0.0419364502858301
173166.666666493,0
173183.33333316,0
173199.999999827,0
173216.666666493,0
173233.33333316,0
173249.999999827,0.0283729572831277
173266.666666493,0
173283.33333316,0
173299.999999827,0
173316.666666493,0
173333.33333316,0
173349.999999827,0.0444104008703096
173366.666666493,0
173383.33333316,0
173399.999999827,0
173416.666666493,0
173433.33333316,0
173449.999999827,0.0245426119658575
173466.666666493,0
173483.33333316,0
173499.999999826,0
173516.666666493,0
173533.33333316,0
173549.999999826,0.0179615999165935
173566.666666493,0
173583.33333316,0
173599.999999826,0
173616.666666493,0
173633.33333316,0
173649.999999826,0.00524077156182871
173666.666666493,0
173683.33333316,0
173699.999999826,0
173716.666666493,0
173733.33333316,0
173749.999999826,0.04593804973904
173766.666666493,0
173783.33333316,0
173799.999999826,0
173816.666666493,0
173833.333333159,0
173849.999999826,0.04181941296127
173866.666666493,0
173883.333333159,0
173899.999999826,0
173916.666666493,0
173933.333333159,0
173949.999999826,0.0211192728541836
173966.666666493,0
173983.333333159,0
173999.999999826,0
174016.666666493,0
174033.333333159,0
174049.999999826,0.0628780254369622
174066.666666493,0
174083.333333159,0
174099.999999826,0
174116.666666493,0
174133.333333159,0
174149.999999826,0.0108880014998659
174166.666666492,0
174183.333333159,0
174199.999999826,0
174216.666666492,0
174233.333333159,0
174249.999999826,0.0237739268846638
174266.666666492,0
174283.333333159,0
174299.999999826,0
174316.666666492,0
174333.333333159,0
174349.999999826,0.061330294666658
174366.666666492,0
174383.333333159,0
174399.999999826,0
174416.666666492,0
174433.333333159,0
174449.999999826,0.0515569620759584
174466.666666492,0
174483.333333159,0
174499.999999825,0
174516.666666492,0
174533.333333159,0
174549.999999825,0.0201322447651228
174566.666666492,0
174583.333333159,0
174599.999999825,0
174616.666666492,0
174633.333333159,0
174649.999999825,0.0256312265984516
174666.666666492,0
174683.333333159,0
174699.999999825,0
174716.666666492,0
174733.333333159,0
174749.999999825,0.0115097122346081
174766.666666492,0
174783.333333159,0
174799.999999825,0
174816.666666492,0
174833.333333158,0
174849.999999825,0.0502700871860077
174866.666666492,0
174883.333333158,0
174899.999999825,0
174916.666666492,0
174933.333333158,0
174949.999999825,0.00219611223845152
174966.666666492,0
174983.333333158,0
174999.999999825,0
175016.666666492,0
175033.333333158,0
175049.999999825,0.0108457707563698
175066.666666492,0
175083.333333158,0
175099.999999825,0
175116.666666492,0
175133.333333158,0
175149.999999825,0.0377535132517932
175166.666666491,0
175183.333333158,0
175199.999999825,0
175216.666666491,0
175233.333333158,0
175249.999999825,0.0346153927573617
175266.666666491,0
175283.333333158,0
175299.999999825,0
175316.666666491,0
175333.333333158,0
175349.999999825,0.00232818520830583
175366.666666491,0
175383.333333158,0
175399.999999825,0
175416.666666491,0
175433.333333158,0
175449.999999825,0.00146917059353287
175466.666666491,0
175483.333333158,0
175499.999999825,0
175516.666666491,0
175533.333333158,0
175549.999999824,0.00645124286413603
175566.666666491,0
175583.333333158,0
175599.999999824,0
175616.666666491,0
175633.333333158,0
175649.999999824,0.00795497815959691
175666.666666491,0
175683.333333158,0
175699.999999824,0
175716.666666491,0
175733.333333158,0
175749.999999824,0.0161974261136651
175766.666666491,0
175783.333333158,0
175799.999999824,0
175816.666666491,0
175833.333333157,0
175849.999999824,0.0471022891090358
175866.666666491,0
175883.333333157,0
175899.999999824,0
175916.666666491,0
175933.333333157,0
175949.999999824,0.133735344384223
175966.666666491,0
175983.333333157,0
175999.999999824,0
176016.666666491,0
176033.333333157,0
176049.999999824,0.000648978433305579
176066.666666491,0
176083.333333157,0
176099.999999824,0
176116.666666491,0
176133.333333157,0
176149.999999824,0.0130836732669244
176166.66666649,0
176183.333333157,0
176199.999999824,0
176216.66666649,0
176233.333333157,0
176249.999999824,0.0229082231266296
176266.66666649,0
176283.333333157,0
176299.999999824,0
176316.66666649,0
176333.333333157,0
176349.999999824,0.00943671985921327
176366.66666649,0
176383.333333157,0
176399.999999824,0
176416.66666649,0
176433.333333157,0
176449.999999824,0.00773112651890058
176466.66666649,0
176483.333333157,0
176499.999999823,0
176516.66666649,0
176533.333333157,0
176549.999999823,0.0284119816516944
176566.66666649,0
176583.333333157,0
176599.999999823,0
176616.66666649,0
176633.333333157,0
176649.999999823,0.0184160703548579
176666.66666649,0
176683.333333157,0
176699.999999823,0
176716.66666649,0
176733.333333157,0
176749.999999823,0.0129119333045722
176766.66666649,0
176783.333333157,0
176799.999999823,0
176816.66666649,0
176833.333333156,0
176849.999999823,0.0109759856092471
176866.66666649,0
176883.333333156,0
176899.999999823,0
176916.66666649,0
176933.333333156,0
176949.999999823,0.00330293720841171
176966.66666649,0
176983.333333156,0
176999.999999823,0
177016.66666649,0
177033.333333156,0
177049.999999823,0.053618280474027
177066.66666649,0
177083.333333156,0
177099.999999823,0
177116.66666649,0
177133.333333156,0
177149.999999823,0.00340872689055337
177166.666666489,0
177183.333333156,0
177199.999999823,0
177216.666666489,0
177233.333333156,0
177249.999999823,0.00436448309553464
177266.666666489,0
177283.333333156,0
177299.999999823,0
177316.666666489,0
177333.333333156,0
177349.999999823,0.0331699266336358
177366.666666489,0
177383.333333156,0
177399.999999823,0
177416.666666489,0
177433.333333156,0
177449.999999823,0.0139053484169322
177466.666666489,0
177483.333333156,0
177499.999999822,0
177516.666666489,0
177533.333333156,0
177549.999999822,0.0366237695548715
177566.666666489,0
177583.333333156,0
177599.999999822,0
177616.666666489,0
177633.333333156,0
177649.999999822,0.054047819675714
177666.666666489,0
177683.333333156,0
177699.999999822,0
177716.666666489,0
177733.333333156,0
177749.999999822,0.00602481590198309
177766.666666489,0
177783.333333156,0
177799.999999822,0
177816.666666489,0
177833.333333155,0
177849.999999822,0.0156199473115045
177866.666666489,0
177883.333333155,0
177899.999999822,0
177916.666666489,0
177933.333333155,0
177949.999999822,0.023956149698901
177966.666666489,0
177983.333333155,0
177999.999999822,0
178016.666666489,0
178033.333333155,0
178049.999999822,0.082687758119415
178066.666666489,0
178083.333333155,0
178099.999999822,0
178116.666666489,0
178133.333333155,0
178149.999999822,0.0372030377874744
178166.666666488,0
178183.333333155,0
178199.999999822,0
178216.666666488,0
178233.333333155,0
178249.999999822,0.0443657613511879
178266.666666488,0
178283.333333155,0
178299.999999822,0
178316.666666488,0
178333.333333155,0
178349.999999822,0.0305203888319967
178366.666666488,0
178383.333333155,0
178399.999999822,0
178416.666666488,0
178433.333333155,0
178449.999999822,0.0207636648566759
178466.666666488,0
178483.333333155,0
178499.999999821,0
178516.666666488,0
178533.333333155,0
178549.999999821,0.0171210120296169
178566.666666488,0
178583.333333155,0
178599.999999821,0
178616.666666488,0
178633.333333155,0
178649.999999821,0.0240195314009215
178666.666666488,0
178683.333333155,0
178699.999999821,0
178716.666666488,0
178733.333333155,0
178749.999999821,0.0388289837437501
178766.666666488,0
178783.333333155,0
178799.999999821,0
178816.666666488,0
178833.333333154,0
178849.999999821,0.0228230248686052
178866.666666488,0
178883.333333154,0
178899.999999821,0
178916.666666488,0
178933.333333154,0
178949.999999821,0.0289694612733543
178966.666666488,0
178983.333333154,0
178999.999999821,0
179016.666666488,0
179033.333333154,0
179049.999999821,0.00336722225090227
179066.666666488,0
179083.333333154,0
179099.999999821,0
179116.666666488,0
179133.333333154,0
179149.999999821,0.0807292774049675
179166.666666487,0
179183.333333154,0
179199.999999821,0
179216.666666487,0
179233.333333154,0
179249.999999821,0.0507984798884606
179266.666666487,0
179283.333333154,0
179299.999999821,0
179316.666666487,0
179333.333333154,0
179349.999999821,0.0063029931982133
179366.666666487,0
179383.333333154,0
179399.999999821,0
179416.666666487,0
179433.333333154,0
179449.999999821,0.015197945782292
179466.666666487,0
179483.333333154,0
179499.99999982,0
179516.666666487,0
179533.333333154,0
179549.99999982,0.0166907203109296
179566.666666487,0
179583.333333154,0
179599.99999982,0
179616.666666487,0
179633.333333154,0
179649.99999982,0.00649369201953104
179666.666666487,0
179683.333333154,0
179699.99999982,0
179716.666666487,0
179733.333333154,0
179749.99999982,0.0257575916253768
179766.666666487,0
179783.333333154,0
179799.99999982,0
179816.666666487,0
179833.333333153,0
179849.99999982,0.026736179597673
179866.666666487,0
179883.333333153,0
179899.99999982,0
179916.666666487,0
179933.333333153,0
179949.99999982,0.0451718779158625
179966.666666487,0
179983.333333153,0
179999.99999982,0
180016.666666487,0
180033.333333153,0
180049.99999982,0.0340460140038628
180066.666666487,0
180083.333333153,0
180099.99999982,0
180116.666666487,0
180133.333333153,0
180149.99999982,0.0207081177740882
180166.666666486,0
180183.333333153,0
180199.99999982,0
180216.666666486,0
180233.333333153,0
180249.99999982,0.00379422269899135
180266.666666486,0
180283.333333153,0
180299.99999982,0
180316.666666486,0
180333.333333153,0
180349.99999982,0.00396479417876588
180366.666666486,0
180383.333333153,0
180399.99999982,0
180416.666666486,0
180433.333333153,0
180449.99999982,0.0237712473602495
180466.666666486,0
180483.333333153,0
180499.999999819,0
180516.666666486,0
180533.333333153,0
180549.999999819,0.0252301140139413
180566.666666486,0
180583.333333153,0
180599.999999819,0
180616.666666486,0
180633.333333153,0
180649.999999819,0.000893696515072818
180666.666666486,0
180683.333333153,0
180699.999999819,0
180716.666666486,0
180733.333333153,0
180749.999999819,0.0177795422967552
180766.666666486,0
180783.333333153,0
180799.999999819,0
180816.666666486,0
180833.333333152,0
180849.999999819,0.076438990894551
180866.666666486,0
180883.333333152,0
180899.999999819,0
180916.666666486,0
180933.333333152,0
180949.999999819,0.0808531980506116
180966.666666486,0
180983.333333152,0
180999.999999819,0
181016.666666486,0
181033.333333152,0
181049.999999819,0.051498277951338
181066.666666486,0
181083.333333152,0
181099.999999819,0
181116.666666486,0
181133.333333152,0
181149.999999819,0.0146058186130357
181166.666666485,0
181183.333333152,0
181199.999999819,0
181216.666666485,0
181233.333333152,0
181249.999999819,0.0127717878842134
181266.666666485,0
181283.333333152,0
181299.999999819,0
181316.666666485,0
181333.333333152,0
181349.999999819,0.0220702357071485
181366.666666485,0
181383.333333152,0
181399.999999819,0
181416.666666485,0
181433.333333152,0
181449.999999819,0.0121967964682362
181466.666666485,0
181483.333333152,0
181499.999999818,0
181516.666666485,0
181533.333333152,0
181549.999999818,0.00894213369550307
181566.666666485,0
181583.333333152,0
181599.999999818,0
181616.666666485,0
181633.333333152,0
181649.999999818,0.037320569681761
181666.666666485,0
181683.333333152,0
181699.999999818,0
181716.666666485,0
181733.333333152,0
181749.999999818,0.00558455838529229
181766.666666485,0
181783.333333152,0
181799.999999818,0
181816.666666485,0
181833.333333151,0
181849.999999818,0.0336410733909951
181866.666666485,0
181883.333333151,0
181899.999999818,0
181916.666666485,0
181933.333333151,0
181949.999999818,0.000199649017638169
181966.666666485,0
181983.333333151,0
181999.999999818,0
182016.666666485,0
182033.333333151,0
182049.999999818,0.0577783524226033
182066.666666485,0
182083.333333151,0
182099.999999818,0
182116.666666485,0
182133.333333151,0
182149.999999818,0.0103789607060622
182166.666666484,0
182183.333333151,0
182199.999999818,0
182216.666666484,0
182233.333333151,0
182249.999999818,0.0234309791753243
182266.666666484,0
182283.333333151,0
182299.999999818,0
182316.666666484,0
182333.333333151,0
182349.999999818,0.0596946257352554
182366.666666484,0
182383.333333151,0
182399.999999818,0
182416.666666484,0
182433.333333151,0
182449.999999818,0.037870669658723
182466.666666484,0
182483.333333151,0
182499.999999817,0
182516.666666484,0
182533.333333151,0
182549.999999817,0.000549739542107118
182566.666666484,0
182583.333333151,0
182599.999999817,0
182616.666666484,0
182633.333333151,0
182649.999999817,0.0197936680816574
182666.666666484,0
182683.333333151,0
182699.999999817,0
182716.666666484,0
182733.333333151,0
182749.999999817,0.0497582791046249
182766.666666484,0
182783.333333151,0
182799.999999817,0
182816.666666484,0
182833.33333315,0
182849.999999817,0.000240061915294816
182866.666666484,0
182883.33333315,0
182899.999999817,0
182916.666666484,0
182933.33333315,0
182949.999999817,0.0255870521533272
182966.666666484,0
182983.33333315,0
182999.999999817,0
183016.666666484,0
183033.33333315,0
183049.999999817,0.0762775541010156
183066.666666484,0
183083.33333315,0
183099.999999817,0
183116.666666484,0
183133.33333315,0
183149.999999817,0.00492624121563567
183166.666666483,0
183183.33333315,0
183199.999999817,0
183216.666666483,0
183233.33333315,0
183249.999999817,0.0245026636227761
183266.666666483,0
183283.33333315,0
183299.999999817,0
183316.666666483,0
183333.33333315,0
183349.999999817,0.0131089979514767
183366.666666483,0
183383.33333315,0
183399.999999817,0
183416.666666483,0
183433.33333315,0
183449.999999817,0.0242002839049279
183466.666666483,0
183483.33333315,0
183499.999999816,0
183516.666666483,0
183533.33333315,0
183549.999999816,0.00221547397064367
183566.666666483,0
183583.33333315,0
183599.999999816,0
183616.666666483,0
183633.33333315,0
183649.999999816,0.000507693045023709
183666.666666483,0
183683.33333315,0
183699.999999816,0
183716.666666483,0
183733.33333315,0
183749.999999816,0.0237099490708856
183766.666666483,0
183783.33333315,0
183799.999999816,0
183816.666666483,0
183833.333333149,0
183849.999999816,0.000364510099405296
183866.666666483,0
183883.333333149,0
183899.999999816,0
183916.666666483,0
183933.333333149,0
183949.999999816,0.0831156328390061
183966.666666483,0
183983.333333149,0
183999.999999816,0
184016.666666483,0
184033.333333149,0
184049.999999816,0.049823618861218
184066.666666483,0
184083.333333149,0
184099.999999816,0
184116.666666483,0
184133.333333149,0
184149.999999816,0.0577186648038742
184166.666666482,0
184183.333333149,0
184199.999999816,0
184216.666666482,0
184233.333333149,0
184249.999999816,0.00647359214515972
184266.666666482,0
184283.333333149,0
184299.999999816,0
184316.666666482,0
184333.333333149,0
184349.999999816,0.000796482737773216
184366.666666482,0
184383.333333149,0
184399.999999816,0
184416.666666482,0
184433.333333149,0
184449.999999816,0.00490130084443001
184466.666666482,0
184483.333333149,0
184499.999999815,0
184516.666666482,0
184533.333333149,0
184549.999999815,0.0195953690071984
184566.666666482,0
184583.333333149,0
184599.999999815,0
184616.666666482,0
184633.333333149,0
184649.999999815,0.00589973700969912
184666.666666482,0
184683.333333149,0
184699.999999815,0
184716.666666482,0
184733.333333149,0
184749.999999815,0.0323488676018346
184766.666666482,0
184783.333333149,0
184799.999999815,0
184816.666666482,0
184833.333333148,0
184849.999999815,0.0395451182064123
184866.666666482,0
184883.333333148,0
184899.999999815,0
184916.666666482,0
184933.333333148,0
184949.999999815,0.0792643452414741
184966.666666482,0
184983.333333148,0
184999.999999815,0
185016.666666482,0
185033.333333148,0
185049.999999815,0.060454503713735
185066.666666482,0
185083.333333148,0
185099.999999815,0
185116.666666482,0
185133.333333148,0
185149.999999815,0.0310546539314898
185166.666666481,0
185183.333333148,0
185199.999999815,0
185216.666666481,0
185233.333333148,0
185249.999999815,0.0206955771884535
185266.666666481,0
185283.333333148,0
185299.999999815,0
185316.666666481,0
185333.333333148,0
185349.999999815,0.0183508682535843
185366.666666481,0
185383.333333148,0
185399.999999815,0
185416.666666481,0
185433.333333148,0
185449.999999815,0.0102992146876504
185466.666666481,0
185483.333333148,0
185499.999999814,0
185516.666666481,0
185533.333333148,0
185549.999999814,0.030732182168454
185566.666666481,0
185583.333333148,0
185599.999999814,0
185616.666666481,0
185633.333333148,0
185649.999999814,0.0365585040806326
185666.666666481,0
185683.333333148,0
185699.999999814,0
185716.666666481,0
185733.333333148,0
185749.999999814,0.0389983911030301
185766.666666481,0
185783.333333148,0
185799.999999814,0
185816.666666481,0
185833.333333147,0
185849.999999814,0.0109069563027433
185866.666666481,0
185883.333333147,0
185899.999999814,0
185916.666666481,0
185933.333333147,0
185949.999999814,0.00756585803946659
185966.666666481,0
185983.333333147,0
185999.999999814,0
186016.666666481,0
186033.333333147,0
186049.999999814,0.0603019584647291
186066.666666481,0
186083.333333147,0
186099.999999814,0
186116.666666481,0
186133.333333147,0
186149.999999814,0.0143694189993111
186166.66666648,0
186183.333333147,0
186199.999999814,0
186216.66666648,0
186233.333333147,0
186249.999999814,0.0407895045296417
186266.66666648,0
186283.333333147,0
186299.999999814,0
186316.66666648,0
186333.333333147,0
186349.999999814,0.00581186394932259
186366.66666648,0
186383.333333147,0
186399.999999814,0
186416.66666648,0
186433.333333147,0
186449.999999814,0.0144923961264362
186466.66666648,0
186483.333333147,0
186499.999999813,0
186516.66666648,0
186533.333333147,0
186549.999999813,0.0437952033015377
186566.66666648,0
186583.333333147,0
186599.999999813,0
186616.66666648,0
186633.333333147,0
186649.999999813,0.0478741579609498
186666.66666648,0
186683.333333147,0
186699.999999813,0
186716.66666648,0
186733.333333147,0
186749.999999813,0.0536963683194958
186766.66666648,0
186783.333333147,0
186799.999999813,0
186816.66666648,0
186833.333333146,0
186849.999999813,0.0313029365999116
186866.66666648,0
186883.333333146,0
186899.999999813,0
186916.66666648,0
186933.333333146,0
186949.999999813,0.0318601321043474
186966.66666648,0
186983.333333146,0
186999.999999813,0
187016.66666648,0
187033.333333146,0
187049.999999813,0.0380430353425438
187066.66666648,0
187083.333333146,0
187099.999999813,0
187116.66666648,0
187133.333333146,0
187149.999999813,0.0472831632601789
187166.666666479,0
187183.333333146,0
187199.999999813,0
187216.666666479,0
187233.333333146,0
187249.999999813,0.0789643755805874
187266.666666479,0
187283.333333146,0
187299.999999813,0
187316.666666479,0
187333.333333146,0
187349.999999813,0.0751911800903559
187366.666666479,0
187383.333333146,0
187399.999999813,0
187416.666666479,0
187433.333333146,0
187449.999999813,0.00545832993152435
187466.666666479,0
187483.333333146,0
187499.999999812,0
187516.666666479,0
187533.333333146,0
187549.999999812,0.00734470528385329
187566.666666479,0
187583.333333146,0
187599.999999812,0
187616.666666479,0
187633.333333146,0
187649.999999812,0.0168132760078023
187666.666666479,0
187683.333333146,0
187699.999999812,0
187716.666666479,0
187733.333333146,0
187749.999999812,0.0494298716114471
187766.666666479,0
187783.333333146,0
187799.999999812,0
187816.666666479,0
187833.333333145,0
187849.999999812,0.0012510635036143
187866.666666479,0
187883.333333145,0
187899.999999812,0
187916.666666479,0
187933.333333145,0
187949.999999812,0.036036297435956
187966.666666479,0
187983.333333145,0
187999.999999812,0
188016.666666479,0
188033.333333145,0
188049.999999812,0.00302944937842871
188066.666666479,0
188083.333333145,0
188099.999999812,0
188116.666666479,0
188133.333333145,0
188149.999999812,0.0707042888619566
188166.666666478,0
188183.333333145,0
188199.999999812,0
188216.666666478,0
188233.333333145,0
188249.999999812,0.00590391193887348
188266.666666478,0
188283.333333145,0
188299.999999812,0
188316.666666478,0
188333.333333145,0
188349.999999812,0.0193304078190557
188366.666666478,0
188383.333333145,0
188399.999999812,0
188416.666666478,0
188433.333333145,0
188449.999999812,0.0254743336572131
188466.666666478,0
188483.333333145,0
188499.999999811,0
188516.666666478,0
188533.333333145,0
188549.999999811,0.051327222215081
188566.666666478,0
188583.333333145,0
188599.999999811,0
188616.666666478,0
188633.333333145,0
188649.999999811,0.0379511704086418
188666.666666478,0
188683.333333145,0
188699.999999811,0
188716.666666478,0
188733.333333145,0
188749.999999811,0.0752197776744887
188766.666666478,0
188783.333333145,0
188799.999999811,0
188816.666666478,0
188833.333333144,0
188849.999999811,0.0325946323554903
188866.666666478,0
188883.333333144,0
188899.999999811,0
188916.666666478,0
188933.333333144,0
188949.999999811,0.0490149911140902
188966.666666478,0
188983.333333144,0
188999.999999811,0
189016.666666478,0
189033.333333144,0
189049.999999811,0.0439044759406508
189066.666666478,0
189083.333333144,0
189099.999999811,0
189116.666666478,0
189133.333333144,0
189149.999999811,0.0351419773860296
189166.666666477,0
189183.333333144,0
189199.999999811,0
189216.666666477,0
189233.333333144,0
189249.999999811,0.0530695564379944
189266.666666477,0
189283.333333144,0
189299.999999811,0
189316.666666477,0
189333.333333144,0
189349.999999811,0.0016533123586066
189366.666666477,0
189383.333333144,0
189399.999999811,0
189416.666666477,0
189433.333333144,0
189449.999999811,0.0296297288500178
189466.666666477,0
189483.333333144,0
189499.99999981,0
189516.666666477,0
189533.333333144,0
189549.99999981,0.0463026924620279
189566.666666477,0
189583.333333144,0
189599.99999981,0
189616.666666477,0
189633.333333144,0
189649.99999981,0.0296058060342302
189666.666666477,0
189683.333333144,0
189699.99999981,0
189716.666666477,0
189733.333333144,0
189749.99999981,0.00386941927815786
189766.666666477,0
189783.333333144,0
189799.99999981,0
189816.666666477,0
189833.333333143,0
189849.99999981,0.0580322214450948
189866.666666477,0
189883.333333143,0
189899.99999981,0
189916.666666477,0
189933.333333143,0
189949.99999981,0.0242943143318085
189966.666666477,0
189983.333333143,0
189999.99999981,0
190016.666666477,0
190033.333333143,0
190049.99999981,0.0963826155251463
190066.666666477,0
190083.333333143,0
190099.99999981,0
190116.666666477,0
190133.333333143,0
190149.99999981,0.012769316671686
190166.666666476,0
190183.333333143,0
190199.99999981,0
190216.666666476,0
190233.333333143,0
190249.99999981,0.0251168907065729
190266.666666476,0
190283.333333143,0
190299.99999981,0
190316.666666476,0
190333.333333143,0
190349.99999981,0.050609331167426
190366.666666476,0
190383.333333143,0
190399.99999981,0
190416.666666476,0
190433.333333143,0
190449.99999981,0.0869527160678787
190466.666666476,0
190483.333333143,0
190499.999999809,0
190516.666666476,0
190533.333333143,0
190549.999999809,0.0489146277477173
190566.666666476,0
190583.333333143,0
190599.999999809,0
190616.666666476,0
190633.333333143,0
190649.999999809,0.0110139217234054
190666.666666476,0
190683.333333143,0
190699.999999809,0
190716.666666476,0
190733.333333143,0
190749.999999809,0.0691650026741985
190766.666666476,0
190783.333333143,0
190799.999999809,0
190816.666666476,0
190833.333333142,0
190849.999999809,0.0460934848697167
190866.666666476,0
190883.333333142,0
190899.999999809,0
190916.666666476,0
190933.333333142,0
190949.999999809,0.00217216646587911
190966.666666476,0
190983.333333142,0
190999.999999809,0
191016.666666476,0
191033.333333142,0
191049.999999809,0.0685307078722511
191066.666666476,0
191083.333333142,0
191099.999999809,0
191116.666666476,0
191133.333333142,0
191149.999999809,0.00528513224755772
191166.666666475,0
191183.333333142,0
191199.999999809,0
191216.666666475,0
191233.333333142,0
191249.999999809,0.0109050262360317
191266.666666475,0
191283.333333142,0
191299.999999809,0
191316.666666475,0
191333.333333142,0
191349.999999809,0.11533251050952
191366.666666475,0
191383.333333142,0
191399.999999809,0
191416.666666475,0
191433.333333142,0
191449.999999809,0.0385737612071802
191466.666666475,0
191483.333333142,0
191499.999999808,0
191516.666666475,0
191533.333333142,0
191549.999999808,0.0635879853946939
191566.666666475,0
191583.333333142,0
191599.999999808,0
191616.666666475,0
191633.333333142,0
191649.999999808,0.0587345947325366
191666.666666475,0
191683.333333142,0
191699.999999808,0
191716.666666475,0
191733.333333142,0
191749.999999808,0.0380877506873337
191766.666666475,0
191783.333333142,0
191799.999999808,0
191816.666666475,0
191833.333333141,0
191849.999999808,0.038682000796742
191866.666666475,0
191883.333333141,0
191899.999999808,0
191916.666666475,0
191933.333333141,0
191949.999999808,0.0357368227509995
191966.666666475,0
191983.333333141,0
191999.999999808,0
192016.666666475,0
192033.333333141,0
192049.999999808,0.066467617709358
192066.666666475,0
192083.333333141,0
192099.999999808,0
192116.666666475,0
192133.333333141,0
192149.999999808,0.0281471118880289
192166.666666474,0
192183.333333141,0
192199.999999808,0
192216.666666474,0
192233.333333141,0
192249.999999808,0.0302204519647698
192266.666666474,0
192283.333333141,0
192299.999999808,0
192316.666666474,0
192333.333333141,0
192349.999999808,0.0127989791092645
192366.666666474,0
192383.333333141,0
192399.999999808,0
192416.666666474,0
192433.333333141,0
192449.999999808,0.0325063892956903
192466.666666474,0
192483.333333141,0
192499.999999807,0
192516.666666474,0
192533.333333141,0
192549.999999807,0.0446367729622182
192566.666666474,0
192583.333333141,0
192599.999999807,0
192616.666666474,0
192633.333333141,0
192649.999999807,0.0706215482831939
192666.666666474,0
192683.333333141,0
192699.999999807,0
192716.666666474,0
192733.333333141,0
192749.999999807,0.0179941496634193
192766.666666474,0
192783.333333141,0
192799.999999807,0
192816.666666474,0
192833.33333314,0
192849.999999807,0.0554787848370268
192866.666666474,0
192883.33333314,0
192899.999999807,0
192916.666666474,0
192933.33333314,0
192949.999999807,0.122488022956391
192966.666666474,0
192983.33333314,0
192999.999999807,0
193016.666666474,0
193033.33333314,0
193049.999999807,0.0489845227828847
193066.666666474,0
193083.33333314,0
193099.999999807,0
193116.666666474,0
193133.33333314,0
193149.999999807,0.0153215172199707
193166.666666473,0
193183.33333314,0
193199.999999807,0
193216.666666473,0
193233.33333314,0
193249.999999807,0.125091194188964
193266.666666473,0
193283.33333314,0
193299.999999807,0
193316.666666473,0
193333.33333314,0
193349.999999807,0.0105513972881698
193366.666666473,0
193383.33333314,0
193399.999999807,0
193416.666666473,0
193433.33333314,0
193449.999999807,0.00208595916293397
193466.666666473,0
193483.33333314,0
193499.999999806,0
193516.666666473,0
193533.33333314,0
193549.999999806,0.0154061090349067
193566.666666473,0
193583.33333314,0
193599.999999806,0
193616.666666473,0
193633.33333314,0
193649.999999806,0.034272808033327
193666.666666473,0
193683.33333314,0
193699.999999806,0
193716.666666473,0
193733.33333314,0
193749.999999806,0.155435785593075
193766.666666473,0
193783.33333314,0
193799.999999806,0
193816.666666473,0
193833.333333139,0
193849.999999806,0.0117912434245722
193866.666666473,0
193883.333333139,0
193899.999999806,0
193916.666666473,0
193933.333333139,0
193949.999999806,0.0376357266465407
193966.666666473,0
193983.333333139,0
193999.999999806,0
194016.666666473,0
194033.333333139,0
194049.999999806,0.132852762921994
194066.666666473,0
194083.333333139,0
194099.999999806,0
194116.666666473,0
194133.333333139,0
194149.999999806,0.0943048085504921
194166.666666472,0
194183.333333139,0
194199.999999806,0
194216.666666472,0
194233.333333139,0
194249.999999806,0.136750923047541
194266.666666472,0
194283.333333139,0
194299.999999806,0
194316.666666472,0
194333.333333139,0
194349.999999806,0.00604068254262067
194366.666666472,0
194383.333333139,0
194399.999999806,0
194416.666666472,0
194433.333333139,0
194449.999999806,0.0458806776150953
194466.666666472,0
194483.333333139,0
194499.999999805,0
194516.666666472,0
194533.333333139,0
194549.999999805,0.0622629415383039
194566.666666472,0
194583.333333139,0
194599.999999805,0
194616.666666472,0
194633.333333139,0
194649.999999805,0.00787960788402692
194666.666666472,0
194683.333333139,0
194699.999999805,0
194716.666666472,0
194733.333333139,0
194749.999999805,0.0679086417798233
194766.666666472,0
194783.333333139,0
194799.999999805,0
194816.666666472,0
194833.333333138,0
194849.999999805,0.0490266763848587
194866.666666472,0
194883.333333138,0
194899.999999805,0
194916.666666472,0
194933.333333138,0
194949.999999805,0.0657833597131826
194966.666666472,0
194983.333333138,0
194999.999999805,0
195016.666666472,0
195033.333333138,0
195049.999999805,0.0015410150052151
195066.666666472,0
195083.333333138,0
195099.999999805,0
195116.666666472,0
195133.333333138,0
195149.999999805,0.0293551621305613
195166.666666471,0
195183.333333138,0
195199.999999805,0
195216.666666471,0
195233.333333138,0
195249.999999805,0.104291043426295
195266.666666471,0
195283.333333138,0
195299.999999805,0
195316.666666471,0
195333.333333138,0
195349.999999805,0.0862276134362079
195366.666666471,0
195383.333333138,0
195399.999999805,0
195416.666666471,0
195433.333333138,0
195449.999999805,0.0580261178932572
195466.666666471,0
195483.333333138,0
195499.999999804,0
195516.666666471,0
195533.333333138,0
195549.999999804,0.0917754548758047
195566.666666471,0
195583.333333138,0
195599.999999804,0
195616.666666471,0
195633.333333138,0
195649.999999804,0.126479694521001
195666.666666471,0
195683.333333138,0
195699.999999804,0
195716.666666471,0
195733.333333138,0
195749.999999804,0.108721827931418
195766.666666471,0
195783.333333138,0
195799.999999804,0
195816.666666471,0
195833.333333137,0
195849.999999804,0.0488859490037543
195866.666666471,0
195883.333333137,0
195899.999999804,0
195916.666666471,0
195933.333333137,0
195949.999999804,0.13354679413477
195966.666666471,0
195983.333333137,0
195999.999999804,0
196016.666666471,0
196033.333333137,0
196049.999999804,0.0794934461555148
196066.666666471,0
196083.333333137,0
196099.999999804,0
196116.666666471,0
196133.333333137,0
196149.999999804,0.203489214091638
196166.66666647,0
196183.333333137,0
196199.999999804,0
196216.66666647,0
196233.333333137,0
196249.999999804,0.0848096056023662
196266.66666647,0
196283.333333137,0
196299.999999804,0
196316.66666647,0
196333.333333137,0
196349.999999804,0.121801678369228
196366.66666647,0
196383.333333137,0
196399.999999804,0
196416.66666647,0
196433.333333137,0
196449.999999804,0.0873331339921939
196466.66666647,0
196483.333333137,0
196499.999999803,0
196516.66666647,0
196533.333333137,0
196549.999999803,0.15457984855784
196566.66666647,0
196583.333333137,0
196599.999999803,0
196616.66666647,0
196633.333333137,0
196649.999999803,0.0951275060908917
196666.66666647,0
196683.333333137,0
196699.999999803,0
196716.66666647,0
196733.333333137,0
196749.999999803,0.175259206276462
196766.66666647,0
196783.333333137,0
196799.999999803,0
196816.66666647,0
196833.333333136,0
196849.999999803,0.0280869357330849
196866.66666647,0
196883.333333136,0
196899.999999803,0
196916.66666647,0
196933.333333136,0
196949.999999803,0.00215191650494811
196966.66666647,0
196983.333333136,0
196999.999999803,0
197016.66666647,0
197033.333333136,0
197049.999999803,0.00301538449202583
197066.66666647,0
197083.333333136,0
197099.999999803,0
197116.66666647,0
197133.333333136,0
197149.999999803,0.0450968811872048
197166.666666469,0
197183.333333136,0
197199.999999803,0
197216.666666469,0
197233.333333136,0
197249.999999803,0.322596956943623
197266.666666469,0
197283.333333136,0
197299.999999803,0
197316.666666469,0
197333.333333136,0
197349.999999803,0.150459070849053
197366.666666469,0
197383.333333136,0
197399.999999803,0
197416.666666469,0
197433.333333136,0
197449.999999803,0.179636715419193
197466.666666469,0
197483.333333136,0
197499.999999802,0
197516.666666469,0
197533.333333136,0
197549.999999802,0.256843264816169
197566.666666469,0
197583.333333136,0
197599.999999802,0
197616.666666469,0
197633.333333136,0
197649.999999802,0.174596542865682
197666.666666469,0
197683.333333136,0
197699.999999802,0
197716.666666469,0
197733.333333136,0
197749.999999802,0.362712410239632
197766.666666469,0
197783.333333136,0
197799.999999802,0
197816.666666469,0
197833.333333135,0
197849.999999802,0.0923075499044199
197866.666666469,0
197883.333333135,0
197899.999999802,0
197916.666666469,0
197933.333333135,0
197949.999999802,0.101161188112454
197966.666666469,0
197983.333333135,0
197999.999999802,0
198016.666666469,0
198033.333333135,0
198049.999999802,0.0569067637586135
198066.666666469,0
198083.333333135,0
198099.999999802,0
198116.666666469,0
198133.333333135,0
198149.999999802,0.0663829057625509
198166.666666468,0
198183.333333135,0
198199.999999802,0
198216.666666468,0
198233.333333135,0
198249.999999802,0.242715271877563
198266.666666468,0
198283.333333135,0
198299.999999802,0
198316.666666468,0
198333.333333135,0
198349.999999802,0.18503204396347
198366.666666468,0
198383.333333135,0
198399.999999802,0
198416.666666468,0
198433.333333135,0
198449.999999802,0.0656954806422959
198466.666666468,0
198483.333333135,0
198499.999999801,0
198516.666666468,0
198533.333333135,0
198549.999999801,0.0432002147462447
198566.666666468,0
198583.333333135,0
198599.999999801,0
198616.666666468,0
198633.333333135,0
198649.999999801,0.136836049722095
198666.666666468,0
198683.333333135,0
198699.999999801,0
198716.666666468,0
198733.333333135,0
198749.999999801,0.250393505770971
198766.666666468,0
198783.333333135,0
198799.999999801,0
198816.666666468,0
198833.333333134,0
198849.999999801,0.252265592920812
198866.666666468,0
198883.333333134,0
198899.999999801,0
198916.666666468,0
198933.333333134,0
198949.999999801,0.0387203049303142
198966.666666468,0
198983.333333134,0
198999.999999801,0
199016.666666468,0
199033.333333134,0
199049.999999801,0.148140238584627
199066.666666468,0
199083.333333134,0
199099.999999801,0
199116.666666468,0
199133.333333134,0
199149.999999801,0.404886627893153
199166.666666467,0
199183.333333134,0
199199.999999801,0
199216.666666467,0
199233.333333134,0
199249.999999801,0.15659003572101
199266.666666467,0
199283.333333134,0
199299.999999801,0
199316.666666467,0
199333.333333134,0
199349.999999801,1.62123186468972
199366.666666467,0
199383.333333134,0
199399.999999801,0
199416.666666467,0
199433.333333134,0
199449.999999801,1.51021569414591
199466.666666467,0
199483.333333134,0
199499.9999998,0
199516.666666467,0
199533.333333134,0
199549.9999998,0.163994031925593
199566.666666467,0
199583.333333134,0
199599.9999998,0
199616.666666467,0
199633.333333134,0
199649.9999998,1.4886155505528
199666.666666467,0
199683.333333134,0
199699.9999998,0
199716.666666467,0
199733.333333134,0
199749.9999998,1.15590811849412
199766.666666467,0
199783.333333134,0
199799.9999998,0
199816.666666467,0
199833.333333133,0
199849.9999998,0.47416727165831
199866.666666467,0
199883.333333133,0
199899.9999998,0
199916.666666467,0
199933.333333133,0
199949.9999998,0.0563548613510658
199966.666666467,0
199983.333333133,0
199999.9999998,0
200016.666666467,0
200033.333333133,0
200049.9999998,0.0576222208852926
200066.666666467,0
200083.333333133,0
200099.9999998,0
200116.666666467,0
200133.333333133,0
200149.9999998,0.483027813018341
200166.666666466,0
200183.333333133,0
200199.9999998,0
200216.666666466,0
200233.333333133,0
200249.9999998,1.17014588566484
200266.666666466,0
200283.333333133,0
200299.9999998,0
200316.666666466,0
200333.333333133,0
200349.9999998,1.47714410474198
200366.666666466,0
200383.333333133,0
200399.9999998,0
200416.666666466,0
200433.333333133,0
200449.9999998,0.123303976117162
200466.666666466,0
200483.333333133,0
200499.999999799,0
200516.666666466,0
200533.333333133,0
200549.999999799,1.45533236107854
200566.666666466,0
200583.333333133,0
200599.999999799,0
200616.666666466,0
200633.333333133,0
200649.999999799,1.65664482146882
200666.666666466,0
200683.333333133,0
200699.999999799,0
200716.666666466,0
200733.333333133,0
200749.999999799,0.195790543393159
200766.666666466,0
200783.333333133,0
200799.999999799,0
200816.666666466,0
200833.333333132,0
200849.999999799,0.396467828501635
200866.666666466,0
200883.333333132,0
200899.999999799,0
200916.666666466,0
200933.333333132,0
200949.999999799,0.141106567874816
200966.666666466,0
200983.333333132,0
200999.999999799,0
201016.666666466,0
201033.333333132,0
201049.999999799,0.0227363076062038
201066.666666466,0
201083.333333132,0
201099.999999799,0
201116.666666466,0
201133.333333132,0
201149.999999799,0.233981752026678
201166.666666465,0
201183.333333132,0
201199.999999799,0
201216.666666465,0
201233.333333132,0
201249.999999799,0.252066871101446
201266.666666465,0
201283.333333132,0
201299.999999799,0
201316.666666465,0
201333.333333132,0
201349.999999799,0.159561291690473
201366.666666465,0
201383.333333132,0
201399.999999799,0
201416.666666465,0
201433.333333132,0
201449.999999799,0.0233788722386728
201466.666666465,0
201483.333333132,0
201499.999999798,0
201516.666666465,0
201533.333333132,0
201549.999999798,0.0740238981613636
201566.666666465,0
201583.333333132,0
201599.999999798,0
201616.666666465,0
201633.333333132,0
201649.999999798,0.161610496652149
201666.666666465,0
201683.333333132,0
201699.999999798,0
201716.666666465,0
201733.333333132,0
201749.999999798,0.252902599825375
201766.666666465,0
201783.333333132,0
201799.999999798,0
201816.666666465,0
201833.333333131,0
201849.999999798,0.103589443219364
201866.666666465,0
201883.333333131,0
201899.999999798,0
201916.666666465,0
201933.333333131,0
201949.999999798,0.0633094675262358
201966.666666465,0
201983.333333131,0
201999.999999798,0
202016.666666465,0
202033.333333131,0
202049.999999798,0.0579269215028397
202066.666666465,0
202083.333333131,0
202099.999999798,0
202116.666666465,0
202133.333333131,0
202149.999999798,0.104614751030734
202166.666666465,0
202183.333333131,0
202199.999999798,0
202216.666666464,0
202233.333333131,0
202249.999999798,0.331722522564244
202266.666666464,0
202283.333333131,0
202299.999999798,0
202316.666666464,0
202333.333333131,0
202349.999999798,0.197284554344808
202366.666666464,0
202383.333333131,0
202399.999999798,0
202416.666666464,0
202433.333333131,0
202449.999999798,0.275970732819908
202466.666666464,0
202483.333333131,0
202499.999999797,0
202516.666666464,0
202533.333333131,0
202549.999999797,0.203404497234865
202566.666666464,0
202583.333333131,0
202599.999999797,0
202616.666666464,0
202633.333333131,0
202649.999999797,0.10509545762857
202666.666666464,0
202683.333333131,0
202699.999999797,0
202716.666666464,0
202733.333333131,0
202749.999999797,0.291201214023925
202766.666666464,0
202783.333333131,0
202799.999999797,0
202816.666666464,0
202833.33333313,0
202849.999999797,0.0128345307004477
202866.666666464,0
202883.33333313,0
202899.999999797,0
202916.666666464,0
202933.33333313,0
202949.999999797,0.00974220876488636
202966.666666464,0
202983.33333313,0
202999.999999797,0
203016.666666464,0
203033.33333313,0
203049.999999797,0.0419643144989236
203066.666666464,0
203083.33333313,0
203099.999999797,0
203116.666666464,0
203133.33333313,0
203149.999999797,0.0253589497083688
203166.666666463,0
203183.33333313,0
203199.999999797,0
203216.666666463,0
203233.33333313,0
203249.999999797,0.207409491856569
203266.666666463,0
203283.33333313,0
203299.999999797,0
203316.666666463,0
203333.33333313,0
203349.999999797,0.0892561380536172
203366.666666463,0
203383.33333313,0
203399.999999797,0
203416.666666463,0
203433.33333313,0
203449.999999797,0.154459971905602
203466.666666463,0
203483.33333313,0
203499.999999796,0
203516.666666463,0
203533.33333313,0
203549.999999796,0.0997529002544638
203566.666666463,0
203583.33333313,0
203599.999999796,0
203616.666666463,0
203633.33333313,0
203649.999999796,0.093189884498252
203666.666666463,0
203683.33333313,0
203699.999999796,0
203716.666666463,0
203733.33333313,0
203749.999999796,0.0520492880705939
203766.666666463,0
203783.33333313,0
203799.999999796,0
203816.666666463,0
203833.333333129,0
203849.999999796,0.224823075732663
203866.666666463,0
203883.333333129,0
203899.999999796,0
203916.666666463,0
203933.333333129,0
203949.999999796,0.102529092071292
203966.666666463,0
203983.333333129,0
203999.999999796,0
204016.666666463,0
204033.333333129,0
204049.999999796,0.113595573059269
204066.666666463,0
204083.333333129,0
204099.999999796,0
204116.666666463,0
204133.333333129,0
204149.999999796,0.0540184770410087
204166.666666462,0
204183.333333129,0
204199.999999796,0
204216.666666462,0
204233.333333129,0
204249.999999796,0.0639466697322755
204266.666666462,0
204283.333333129,0
204299.999999796,0
204316.666666462,0
204333.333333129,0
204349.999999796,0.119671304786202
204366.666666462,0
204383.333333129,0
204399.999999796,0
204416.666666462,0
204433.333333129,0
204449.999999796,0.0527528586603473
204466.666666462,0
204483.333333129,0
204499.999999795,0
204516.666666462,0
204533.333333129,0
204549.999999795,0.0375165641608481
204566.666666462,0
204583.333333129,0
204599.999999795,0
204616.666666462,0
204633.333333129,0
204649.999999795,0.0744461772770965
204666.666666462,0
204683.333333129,0
204699.999999795,0
204716.666666462,0
204733.333333129,0
204749.999999795,0.102333714891248
204766.666666462,0
204783.333333129,0
204799.999999795,0
204816.666666462,0
204833.333333128,0
204849.999999795,0.019628828279388
204866.666666462,0
204883.333333128,0
204899.999999795,0
204916.666666462,0
204933.333333128,0
204949.999999795,0.00812835797814556
204966.666666462,0
204983.333333128,0
204999.999999795,0
205016.666666462,0
205033.333333128,0
205049.999999795,0.103631163549777
205066.666666462,0
205083.333333128,0
205099.999999795,0
205116.666666462,0
205133.333333128,0
205149.999999795,0.0317948110167818
205166.666666461,0
205183.333333128,0
205199.999999795,0
205216.666666461,0
205233.333333128,0
205249.999999795,0.126591626658026
205266.666666461,0
205283.333333128,0
205299.999999795,0
205316.666666461,0
205333.333333128,0
205349.999999795,0.00982486114863243
205366.666666461,0
205383.333333128,0
205399.999999795,0
205416.666666461,0
205433.333333128,0
205449.999999795,0.0151007934023159
205466.666666461,0
205483.333333128,0
205499.999999794,0
205516.666666461,0
205533.333333128,0
205549.999999794,0.0188590428514796
205566.666666461,0
205583.333333128,0
205599.999999794,0
205616.666666461,0
205633.333333128,0
205649.999999794,0.0177570676984522
205666.666666461,0
205683.333333128,0
205699.999999794,0
205716.666666461,0
205733.333333128,0
205749.999999794,0.152424401614406
205766.666666461,0
205783.333333128,0
205799.999999794,0
205816.666666461,0
205833.333333127,0
205849.999999794,0.0940477280222946
205866.666666461,0
205883.333333127,0
205899.999999794,0
205916.666666461,0
205933.333333127,0
205949.999999794,0.115750494729399
205966.666666461,0
205983.333333127,0
205999.999999794,0
206016.666666461,0
206033.333333127,0
206049.999999794,0.0281721404539433
206066.666666461,0
206083.333333127,0
206099.999999794,0
206116.666666461,0
206133.333333127,0
206149.999999794,0.0161753409767676
206166.66666646,0
206183.333333127,0
206199.999999794,0
206216.66666646,0
206233.333333127,0
206249.999999794,0.107171857482883
206266.66666646,0
206283.333333127,0
206299.999999794,0
206316.66666646,0
206333.333333127,0
206349.999999794,0.039009526386738
206366.66666646,0
206383.333333127,0
206399.999999794,0
206416.66666646,0
206433.333333127,0
206449.999999794,0.040716665491883
206466.66666646,0
206483.333333127,0
206499.999999793,0
206516.66666646,0
206533.333333127,0
206549.999999793,0.00669685338122992
206566.66666646,0
206583.333333127,0
206599.999999793,0
206616.66666646,0
206633.333333127,0
206649.999999793,0.0333823053218114
206666.66666646,0
206683.333333127,0
206699.999999793,0
206716.66666646,0
206733.333333127,0
206749.999999793,0.122016011701741
206766.66666646,0
206783.333333127,0
206799.999999793,0
206816.66666646,0
206833.333333126,0
206849.999999793,0.0114787238924156
206866.66666646,0
206883.333333126,0
206899.999999793,0
206916.66666646,0
206933.333333126,0
206949.999999793,0.0161090917429734
206966.66666646,0
206983.333333126,0
206999.999999793,0
207016.66666646,0
207033.333333126,0
207049.999999793,0.112168660238477
207066.66666646,0
207083.333333126,0
207099.999999793,0
207116.66666646,0
207133.333333126,0
207149.999999793,0.0602756175764274
207166.666666459,0
207183.333333126,0
207199.999999793,0
207216.666666459,0
207233.333333126,0
207249.999999793,0.0179315867891627
207266.666666459,0
207283.333333126,0
207299.999999793,0
207316.666666459,0
207333.333333126,0
207349.999999793,0.0898324780012043
207366.666666459,0
207383.333333126,0
207399.999999793,0
207416.666666459,0
207433.333333126,0
207449.999999793,0.0754469237980446
207466.666666459,0
207483.333333126,0
207499.999999792,0
207516.666666459,0
207533.333333126,0
207549.999999792,0.0189629763573649
207566.666666459,0
207583.333333126,0
207599.999999792,0
207616.666666459,0
207633.333333126,0
207649.999999792,0.036594368049464
207666.666666459,0
207683.333333126,0
207699.999999792,0
207716.666666459,0
207733.333333126,0
207749.999999792,0.0637677482596229
207766.666666459,0
207783.333333126,0
207799.999999792,0
207816.666666459,0
207833.333333125,0
207849.999999792,0.02031751507503
207866.666666459,0
207883.333333125,0
207899.999999792,0
207916.666666459,0
207933.333333125,0
207949.999999792,0.0478455940503585
207966.666666459,0
207983.333333125,0
207999.999999792,0
208016.666666459,0
208033.333333125,0
208049.999999792,0.065564324410027
208066.666666459,0
208083.333333125,0
208099.999999792,0
208116.666666459,0
208133.333333125,0
208149.999999792,0.038265068979633
208166.666666458,0
208183.333333125,0
208199.999999792,0
208216.666666458,0
208233.333333125,0
208249.999999792,0.0274530329599657
208266.666666458,0
208283.333333125,0
208299.999999792,0
208316.666666458,0
208333.333333125,0
208349.999999792,0.0393759194838706
208366.666666458,0
208383.333333125,0
208399.999999792,0
208416.666666458,0
208433.333333125,0
208449.999999792,0.0130488477782859
208466.666666458,0
208483.333333125,0
208499.999999791,0
208516.666666458,0
208533.333333125,0
208549.999999791,0.0246998614167389
208566.666666458,0
208583.333333125,0
208599.999999791,0
208616.666666458,0
208633.333333125,0
208649.999999791,0.0781573328575875
208666.666666458,0
208683.333333125,0
208699.999999791,0
208716.666666458,0
208733.333333125,0
208749.999999791,0.00978556349507281
208766.666666458,0
208783.333333125,0
208799.999999791,0
208816.666666458,0
208833.333333124,0
208849.999999791,0.0100087413981314
208866.666666458,0
208883.333333124,0
208899.999999791,0
208916.666666458,0
208933.333333124,0
208949.999999791,0.103867845885569
208966.666666458,0
208983.333333124,0
208999.999999791,0
209016.666666458,0
209033.333333124,0
209049.999999791,0.0313502915151895
209066.666666458,0
209083.333333124,0
209099.999999791,0
209116.666666458,0
209133.333333124,0
209149.999999791,0.025374284357511
209166.666666457,0
209183.333333124,0
209199.999999791,0
209216.666666457,0
209233.333333124,0
209249.999999791,0.044780100667665
209266.666666457,0
209283.333333124,0
209299.999999791,0
209316.666666457,0
209333.333333124,0
209349.999999791,0.0101104834759417
209366.666666457,0
209383.333333124,0
209399.999999791,0
209416.666666457,0
209433.333333124,0
209449.999999791,0.0346371615398857
209466.666666457,0
209483.333333124,0
209499.99999979,0
209516.666666457,0
209533.333333124,0
209549.99999979,0.0791715096255526
209566.666666457,0
209583.333333124,0
209599.99999979,0
209616.666666457,0
209633.333333124,0
209649.99999979,0.0894174234627351
209666.666666457,0
209683.333333124,0
209699.99999979,0
209716.666666457,0
209733.333333124,0
209749.99999979,0.0350114059845348
209766.666666457,0
209783.333333124,0
209799.99999979,0
209816.666666457,0
209833.333333123,0
209849.99999979,0.0338481450702452
209866.666666457,0
209883.333333123,0
209899.99999979,0
209916.666666457,0
209933.333333123,0
209949.99999979,0.0665162798213195
209966.666666457,0
209983.333333123,0
209999.99999979,0
210016.666666457,0
210033.333333123,0
210049.99999979,0.0335999967036362
210066.666666457,0
210083.333333123,0
210099.99999979,0
210116.666666456,0
210133.333333123,0
210149.99999979,0.00759943366373608
210166.666666456,0
210183.333333123,0
210199.99999979,0
210216.666666456,0
210233.333333123,0
210249.99999979,0.0354177027555861
210266.666666456,0
210283.333333123,0
210299.99999979,0
210316.666666456,0
210333.333333123,0
210349.99999979,0.0549271482974038
210366.666666456,0
210383.333333123,0
210399.99999979,0
210416.666666456,0
210433.333333123,0
210449.99999979,0.0628314047510088
210466.666666456,0
210483.333333123,0
210499.999999789,0
210516.666666456,0
210533.333333123,0
210549.999999789,0.0386435911337745
210566.666666456,0
210583.333333123,0
210599.999999789,0
210616.666666456,0
210633.333333123,0
210649.999999789,0.00508171526331513
210666.666666456,0
210683.333333123,0
210699.999999789,0
210716.666666456,0
210733.333333123,0
210749.999999789,0.0385750541329087
210766.666666456,0
210783.333333123,0
210799.999999789,0
210816.666666456,0
210833.333333122,0
210849.999999789,0.0170888314025515
210866.666666456,0
210883.333333122,0
210899.999999789,0
210916.666666456,0
210933.333333122,0
210949.999999789,0.0859781821701497
210966.666666456,0
210983.333333122,0
210999.999999789,0
211016.666666456,0
211033.333333122,0
211049.999999789,0.00655098726725672
211066.666666456,0
211083.333333122,0
211099.999999789,0
211116.666666456,0
211133.333333122,0
211149.999999789,0.000342855237216101
211166.666666455,0
211183.333333122,0
211199.999999789,0
211216.666666455,0
211233.333333122,0
211249.999999789,0.0290671293359748
211266.666666455,0
211283.333333122,0
211299.999999789,0
211316.666666455,0
211333.333333122,0
211349.999999789,0.014108353559115
211366.666666455,0
211383.333333122,0
211399.999999789,0
211416.666666455,0
211433.333333122,0
211449.999999789,0.0345258673005913
211466.666666455,0
211483.333333122,0
211499.999999788,0
211516.666666455,0
211533.333333122,0
211549.999999788,0.0418178210024501
211566.666666455,0
211583.333333122,0
211599.999999788,0
211616.666666455,0
211633.333333122,0
211649.999999788,0.0116846314583853
211666.666666455,0
211683.333333122,0
211699.999999788,0
211716.666666455,0
211733.333333122,0
211749.999999788,0.00788208571765362
211766.666666455,0
211783.333333122,0
211799.999999788,0
211816.666666455,0
211833.333333121,0
211849.999999788,0.0561325003861661
211866.666666455,0
211883.333333121,0
211899.999999788,0
211916.666666455,0
211933.333333121,0
211949.999999788,1.58414193503814e-05
211966.666666455,0
211983.333333121,0
211999.999999788,0
212016.666666455,0
212033.333333121,0
212049.999999788,0.0355070454935656
212066.666666455,0
212083.333333121,0
212099.999999788,0
212116.666666455,0
212133.333333121,0
212149.999999788,0.0534523241659595
212166.666666454,0
212183.333333121,0
212199.999999788,0
212216.666666454,0
212233.333333121,0
212249.999999788,0.0715900692269468
212266.666666454,0
212283.333333121,0
212299.999999788,0
212316.666666454,0
212333.333333121,0
212349.999999788,0.0198650228928964
212366.666666454,0
212383.333333121,0
212399.999999788,0
212416.666666454,0
212433.333333121,0
212449.999999788,0.0244830087806077
212466.666666454,0
212483.333333121,0
212499.999999787,0
212516.666666454,0
212533.333333121,0
212549.999999787,0.0258122633160355
212566.666666454,0
212583.333333121,0
212599.999999787,0
212616.666666454,0
212633.333333121,0
212649.999999787,0.0771942091832758
212666.666666454,0
212683.333333121,0
212699.999999787,0
212716.666666454,0
212733.333333121,0
212749.999999787,0.0396603239368867
212766.666666454,0
212783.333333121,0
212799.999999787,0
212816.666666454,0
212833.33333312,0
212849.999999787,0.0550428724546822
212866.666666454,0
212883.33333312,0
212899.999999787,0
212916.666666454,0
212933.33333312,0
212949.999999787,0.0151629804590688
212966.666666454,0
212983.33333312,0
212999.999999787,0
213016.666666454,0
213033.33333312,0
213049.999999787,0.0397936236805556
213066.666666454,0
213083.33333312,0
213099.999999787,0
213116.666666454,0
213133.33333312,0
213149.999999787,0.0135175651445914
213166.666666454,0
213183.33333312,0
213199.999999787,0
213216.666666453,0
213233.33333312,0
213249.999999787,0.0547814417401647
213266.666666453,0
213283.33333312,0
213299.999999787,0
213316.666666453,0
213333.33333312,0
213349.999999787,0.0272185086541272
213366.666666453,0
213383.33333312,0
213399.999999787,0
213416.666666453,0
213433.33333312,0
213449.999999787,0.0123611338961679
213466.666666453,0
213483.33333312,0
213499.999999786,0
213516.666666453,0
213533.33333312,0
213549.999999786,0.0429413460688271
213566.666666453,0
213583.33333312,0
213599.999999786,0
213616.666666453,0
213633.33333312,0
213649.999999786,0.00115351188678273
213666.666666453,0
213683.33333312,0
213699.999999786,0
213716.666666453,0
213733.33333312,0
213749.999999786,0.00729584473986443
213766.666666453,0
213783.33333312,0
213799.999999786,0
213816.666666453,0
213833.333333119,0
213849.999999786,0.00354107134318321
213866.666666453,0
213883.333333119,0
213899.999999786,0
213916.666666453,0
213933.333333119,0
213949.999999786,0.0720785721692476
213966.666666453,0
213983.333333119,0
213999.999999786,0
214016.666666453,0
214033.333333119,0
214049.999999786,0.00579021786974531
214066.666666453,0
214083.333333119,0
214099.999999786,0
214116.666666453,0
214133.333333119,0
214149.999999786,0.0384815087462464
214166.666666452,0
214183.333333119,0
214199.999999786,0
214216.666666452,0
214233.333333119,0
214249.999999786,0.0569544838154935
214266.666666452,0
214283.333333119,0
214299.999999786,0
214316.666666452,0
214333.333333119,0
214349.999999786,0.0149378280012575
214366.666666452,0
214383.333333119,0
214399.999999786,0
214416.666666452,0
214433.333333119,0
214449.999999786,0.00795962425862776
214466.666666452,0
214483.333333119,0
214499.999999785,0
214516.666666452,0
214533.333333119,0
214549.999999785,0.00825919689273608
214566.666666452,0
214583.333333119,0
214599.999999785,0
214616.666666452,0
214633.333333119,0
214649.999999785,0.00892428913936269
214666.666666452,0
214683.333333119,0
214699.999999785,0
214716.666666452,0
214733.333333119,0
214749.999999785,0.0612635734466515
214766.666666452,0
214783.333333119,0
214799.999999785,0
214816.666666452,0
214833.333333118,0
214849.999999785,0.00310704507487351
214866.666666452,0
214883.333333118,0
214899.999999785,0
214916.666666452,0
214933.333333118,0
214949.999999785,0.000930659101044303
214966.666666452,0
214983.333333118,0
214999.999999785,0
215016.666666452,0
215033.333333118,0
215049.999999785,0.0761559043933136
215066.666666452,0
215083.333333118,0
215099.999999785,0
215116.666666452,0
215133.333333118,0
215149.999999785,0.00522602952092919
215166.666666451,0
215183.333333118,0
215199.999999785,0
215216.666666451,0
215233.333333118,0
215249.999999785,0.0336093387333703
215266.666666451,0
215283.333333118,0
215299.999999785,0
215316.666666451,0
215333.333333118,0
215349.999999785,0.0238281295459573
215366.666666451,0
215383.333333118,0
215399.999999785,0
215416.666666451,0
215433.333333118,0
215449.999999785,0.000935738285127872
215466.666666451,0
215483.333333118,0
215499.999999784,0
215516.666666451,0
215533.333333118,0
215549.999999784,0.023319078980618
215566.666666451,0
215583.333333118,0
215599.999999784,0
215616.666666451,0
215633.333333118,0
215649.999999784,0.014727377080148
215666.666666451,0
215683.333333118,0
215699.999999784,0
215716.666666451,0
215733.333333118,0
215749.999999784,0.0233725196957031
215766.666666451,0
215783.333333118,0
215799.999999784,0
215816.666666451,0
215833.333333117,0
215849.999999784,0.0323954481110545
215866.666666451,0
215883.333333117,0
215899.999999784,0
215916.666666451,0
215933.333333117,0
215949.999999784,0.0123848627600535
215966.666666451,0
215983.333333117,0
215999.999999784,0
216016.666666451,0
216033.333333117,0
216049.999999784,0.0981380518961266
216066.666666451,0
216083.333333117,0
216099.999999784,0
216116.666666451,0
216133.333333117,0
216149.999999784,0.0563465418859525
216166.66666645,0
216183.333333117,0
216199.999999784,0
216216.66666645,0
216233.333333117,0
216249.999999784,0.00338818446165631
216266.66666645,0
216283.333333117,0
216299.999999784,0
216316.66666645,0
216333.333333117,0
216349.999999784,0.0194197338319056
216366.66666645,0
216383.333333117,0
216399.999999784,0
216416.66666645,0
216433.333333117,0
216449.999999784,0.0107986892460519
216466.66666645,0
216483.333333117,0
216499.999999783,0
216516.66666645,0
216533.333333117,0
216549.999999783,0.00849904605240463
216566.66666645,0
216583.333333117,0
216599.999999783,0
216616.66666645,0
216633.333333117,0
216649.999999783,0.0122362671922827
216666.66666645,0
216683.333333117,0
216699.999999783,0
216716.66666645,0
216733.333333117,0
216749.999999783,0.0188599529040027
216766.66666645,0
216783.333333117,0
216799.999999783,0
216816.66666645,0
216833.333333116,0
216849.999999783,0.0129621553012877
216866.66666645,0
216883.333333116,0
216899.999999783,0
216916.66666645,0
216933.333333116,0
216949.999999783,0.019092478234898
216966.66666645,0
216983.333333116,0
216999.999999783,0
217016.66666645,0
217033.333333116,0
217049.999999783,0.0234335587461268
217066.66666645,0
217083.333333116,0
217099.999999783,0
217116.66666645,0
217133.333333116,0
217149.999999783,0.0418058680639254
217166.666666449,0
217183.333333116,0
217199.999999783,0
217216.666666449,0
217233.333333116,0
217249.999999783,0.028885889236422
217266.666666449,0
217283.333333116,0
217299.999999783,0
217316.666666449,0
217333.333333116,0
217349.999999783,0.0171000073873417
217366.666666449,0
217383.333333116,0
217399.999999783,0
217416.666666449,0
217433.333333116,0
217449.999999783,0.0357979784633106
217466.666666449,0
217483.333333116,0
217499.999999782,0
217516.666666449,0
217533.333333116,0
217549.999999782,0.0449621825862988
217566.666666449,0
217583.333333116,0
217599.999999782,0
217616.666666449,0
217633.333333116,0
217649.999999782,0.0468218777482402
217666.666666449,0
217683.333333116,0
217699.999999782,0
217716.666666449,0
217733.333333116,0
217749.999999782,0.00768563606800088
217766.666666449,0
217783.333333116,0
217799.999999782,0
217816.666666449,0
217833.333333115,0
217849.999999782,0.0233882302140477
217866.666666449,0
217883.333333115,0
217899.999999782,0
217916.666666449,0
217933.333333115,0
217949.999999782,0.0785259537132591
217966.666666449,0
217983.333333115,0
217999.999999782,0
218016.666666449,0
218033.333333115,0
218049.999999782,0.0450192547111427
218066.666666449,0
218083.333333115,0
218099.999999782,0
218116.666666449,0
218133.333333115,0
218149.999999782,0.0321117344910579
218166.666666448,0
218183.333333115,0
218199.999999782,0
218216.666666448,0
218233.333333115,0
218249.999999782,0.00315903856323314
218266.666666448,0
218283.333333115,0
218299.999999782,0
218316.666666448,0
218333.333333115,0
218349.999999782,0.0185351249192886
218366.666666448,0
218383.333333115,0
218399.999999782,0
218416.666666448,0
218433.333333115,0
218449.999999782,0.0122135925875804
218466.666666448,0
218483.333333115,0
218499.999999781,0
218516.666666448,0
218533.333333115,0
218549.999999781,0.008451075538253
218566.666666448,0
218583.333333115,0
218599.999999781,0
218616.666666448,0
218633.333333115,0
218649.999999781,0.0272587636152878
218666.666666448,0
218683.333333115,0
218699.999999781,0
218716.666666448,0
218733.333333115,0
218749.999999781,0.00553739649849731
218766.666666448,0
218783.333333115,0
218799.999999781,0
218816.666666448,0
218833.333333114,0
218849.999999781,0.00447927171347272
218866.666666448,0
218883.333333114,0
218899.999999781,0
218916.666666448,0
218933.333333114,0
218949.999999781,0.0419662225805477
218966.666666448,0
218983.333333114,0
218999.999999781,0
219016.666666448,0
219033.333333114,0
219049.999999781,0.039437564136006
219066.666666448,0
219083.333333114,0
219099.999999781,0
219116.666666448,0
219133.333333114,0
219149.999999781,0.0174921698605418
219166.666666447,0
219183.333333114,0
219199.999999781,0
219216.666666447,0
219233.333333114,0
219249.999999781,0.062311521429079
219266.666666447,0
219283.333333114,0
219299.999999781,0
219316.666666447,0
219333.333333114,0
219349.999999781,0.0607257126918336
219366.666666447,0
219383.333333114,0
219399.999999781,0
219416.666666447,0
219433.333333114,0
219449.999999781,0.0181916335024913
219466.666666447,0
219483.333333114,0
219499.99999978,0
219516.666666447,0
219533.333333114,0
219549.99999978,0.00451904861903002
219566.666666447,0
219583.333333114,0
219599.99999978,0
219616.666666447,0
219633.333333114,0
219649.99999978,0.0015187073733987
219666.666666447,0
219683.333333114,0
219699.99999978,0
219716.666666447,0
219733.333333114,0
219749.99999978,0.00479107430627262
219766.666666447,0
219783.333333114,0
219799.99999978,0
219816.666666447,0
219833.333333113,0
219849.99999978,0.0157467793093469
219866.666666447,0
219883.333333113,0
219899.99999978,0
219916.666666447,0
219933.333333113,0
219949.99999978,0.030782501974586
219966.666666447,0
219983.333333113,0
219999.99999978,0
220016.666666447,0
220033.333333113,0
220049.99999978,0.0447272989629164
220066.666666447,0
220083.333333113,0
220099.99999978,0
220116.666666447,0
220133.333333113,0
220149.99999978,0.00278951781494188
220166.666666446,0
220183.333333113,0
220199.99999978,0
220216.666666446,0
220233.333333113,0
220249.99999978,0.014644955091041
220266.666666446,0
220283.333333113,0
220299.99999978,0
220316.666666446,0
220333.333333113,0
220349.99999978,0.0210320294988678
220366.666666446,0
220383.333333113,0
220399.99999978,0
220416.666666446,0
220433.333333113,0
220449.99999978,0.0228162764526208
220466.666666446,0
220483.333333113,0
220499.999999779,0
220516.666666446,0
220533.333333113,0
220549.999999779,9.54246089348097e-05
220566.666666446,0
220583.333333113,0
220599.999999779,0
220616.666666446,0
220633.333333113,0
220649.999999779,0.0778329852601758
220666.666666446,0
220683.333333113,0
220699.999999779,0
220716.666666446,0
220733.333333113,0
220749.999999779,0.077446205855453
220766.666666446,0
220783.333333113,0
220799.999999779,0
220816.666666446,0
220833.333333112,0
220849.999999779,0.0265823208545147
220866.666666446,0
220883.333333112,0
220899.999999779,0
220916.666666446,0
220933.333333112,0
220949.999999779,0.0382375106725962
220966.666666446,0
220983.333333112,0
220999.999999779,0
221016.666666446,0
221033.333333112,0
221049.999999779,0.0342489448392532
221066.666666446,0
221083.333333112,0
221099.999999779,0
221116.666666445,0
221133.333333112,0
221149.999999779,0.0177616739868116
221166.666666445,0
221183.333333112,0
221199.999999779,0
221216.666666445,0
221233.333333112,0
221249.999999779,0.00226897539802203
221266.666666445,0
221283.333333112,0
221299.999999779,0
221316.666666445,0
221333.333333112,0
221349.999999779,0.00648124604767881
221366.666666445,0
221383.333333112,0
221399.999999779,0
221416.666666445,0
221433.333333112,0
221449.999999779,0.00769469031382393
221466.666666445,0
221483.333333112,0
221499.999999778,0
221516.666666445,0
221533.333333112,0
221549.999999778,0.00460877771287589
221566.666666445,0
221583.333333112,0
221599.999999778,0
221616.666666445,0
221633.333333112,0
221649.999999778,0.0110581730627095
221666.666666445,0
221683.333333112,0
221699.999999778,0
221716.666666445,0
221733.333333112,0
221749.999999778,0.0138930490171086
221766.666666445,0
221783.333333112,0
221799.999999778,0
221816.666666445,0
221833.333333111,0
221849.999999778,0.0480322184021573
221866.666666445,0
221883.333333111,0
221899.999999778,0
221916.666666445,0
221933.333333111,0
221949.999999778,0.0267160428276356
221966.666666445,0
221983.333333111,0
221999.999999778,0
222016.666666445,0
222033.333333111,0
222049.999999778,0.00369940920961586
222066.666666445,0
222083.333333111,0
222099.999999778,0
222116.666666445,0
222133.333333111,0
222149.999999778,0.0378407904562766
222166.666666444,0
222183.333333111,0
222199.999999778,0
222216.666666444,0
222233.333333111,0
222249.999999778,0.00634116002274921
222266.666666444,0
222283.333333111,0
222299.999999778,0
222316.666666444,0
222333.333333111,0
222349.999999778,0.0135366309002759
222366.666666444,0
222383.333333111,0
222399.999999778,0
222416.666666444,0
222433.333333111,0
222449.999999778,0.0611868572792667
222466.666666444,0
222483.333333111,0
222499.999999777,0
222516.666666444,0
222533.333333111,0
222549.999999777,0.0603917569574275
222566.666666444,0
222583.333333111,0
222599.999999777,0
222616.666666444,0
222633.333333111,0
222649.999999777,0.0107796766411328
222666.666666444,0
222683.333333111,0
222699.999999777,0
222716.666666444,0
222733.333333111,0
222749.999999777,0.00297959704761015
222766.666666444,0
222783.333333111,0
222799.999999777,0
222816.666666444,0
222833.33333311,0
222849.999999777,0.035650794058962
222866.666666444,0
222883.33333311,0
222899.999999777,0
222916.666666444,0
222933.33333311,0
222949.999999777,0.0526019231693467
222966.666666444,0
222983.33333311,0
222999.999999777,0
223016.666666444,0
223033.33333311,0
223049.999999777,0.0619669638106169
223066.666666444,0
223083.33333311,0
223099.999999777,0
223116.666666444,0
223133.33333311,0
223149.999999777,0.00472102406150567
223166.666666443,0
223183.33333311,0
223199.999999777,0
223216.666666443,0
223233.33333311,0
223249.999999777,0.0192868362254662
223266.666666443,0
223283.33333311,0
223299.999999777,0
223316.666666443,0
223333.33333311,0
223349.999999777,0.0137704191296079
223366.666666443,0
223383.33333311,0
223399.999999777,0
223416.666666443,0
223433.33333311,0
223449.999999777,0.0335432100830269
223466.666666443,0
223483.33333311,0
223499.999999776,0
223516.666666443,0
223533.33333311,0
223549.999999776,0.0304912395204357
223566.666666443,0
223583.33333311,0
223599.999999776,0
223616.666666443,0
223633.33333311,0
223649.999999776,0.0153969778661968
223666.666666443,0
223683.33333311,0
223699.999999776,0
223716.666666443,0
223733.33333311,0
223749.999999776,0.0299672796720817
223766.666666443,0
223783.33333311,0
223799.999999776,0
223816.666666443,0
223833.333333109,0
223849.999999776,0.0756662443775325
223866.666666443,0
223883.333333109,0
223899.999999776,0
223916.666666443,0
223933.333333109,0
223949.999999776,0.0208882606427347
223966.666666443,0
223983.333333109,0
223999.999999776,0
224016.666666443,0
224033.333333109,0
224049.999999776,0.0439145214317861
224066.666666443,0
224083.333333109,0
224099.999999776,0
224116.666666443,0
224133.333333109,0
224149.999999776,0.00666233670361139
224166.666666442,0
224183.333333109,0
224199.999999776,0
224216.666666442,0
224233.333333109,0
224249.999999776,0.0425525619470913
224266.666666442,0
224283.333333109,0
224299.999999776,0
224316.666666442,0
224333.333333109,0
224349.999999776,0.0170256168738034
224366.666666442,0
224383.333333109,0
224399.999999776,0
224416.666666442,0
224433.333333109,0
224449.999999776,0.00841564572462772
224466.666666442,0
224483.333333109,0
224499.999999775,0
224516.666666442,0
224533.333333109,0
224549.999999775,0.0240410686941966
224566.666666442,0
224583.333333109,0
224599.999999775,0
224616.666666442,0
224633.333333109,0
224649.999999775,0.0274958050331951
224666.666666442,0
224683.333333109,0
224699.999999775,0
224716.666666442,0
224733.333333109,0
224749.999999775,0.00248782956889733
224766.666666442,0
224783.333333109,0
224799.999999775,0
224816.666666442,0
224833.333333108,0
224849.999999775,0.00186227016299495
224866.666666442,0
224883.333333108,0
224899.999999775,0
224916.666666442,0
224933.333333108,0
224949.999999775,0.010136613484222
224966.666666442,0
224983.333333108,0
224999.999999775,0
225016.666666442,0
225033.333333108,0
225049.999999775,0.0857818868456065
225066.666666442,0
225083.333333108,0
225099.999999775,0
225116.666666442,0
225133.333333108,0
225149.999999775,0.00988945882291621
225166.666666441,0
225183.333333108,0
225199.999999775,0
225216.666666441,0
225233.333333108,0
225249.999999775,0.0458972156650757
225266.666666441,0
225283.333333108,0
225299.999999775,0
225316.666666441,0
225333.333333108,0
225349.999999775,0.0445197043421173
225366.666666441,0
225383.333333108,0
225399.999999775,0
225416.666666441,0
225433.333333108,0
225449.999999775,0.0284857895098472
225466.666666441,0
225483.333333108,0
225499.999999774,0
225516.666666441,0
225533.333333108,0
225549.999999774,0.0144170973247758
225566.666666441,0
225583.333333108,0
225599.999999774,0
225616.666666441,0
225633.333333108,0
225649.999999774,0.0111159209001255
225666.666666441,0
225683.333333108,0
225699.999999774,0
225716.666666441,0
225733.333333108,0
225749.999999774,0.0279777268357134
225766.666666441,0
225783.333333108,0
225799.999999774,0
225816.666666441,0
225833.333333107,0
225849.999999774,0.0415349289098009
225866.666666441,0
225883.333333107,0
225899.999999774,0
225916.666666441,0
225933.333333107,0
225949.999999774,0.0705080179150763
225966.666666441,0
225983.333333107,0
225999.999999774,0
226016.666666441,0
226033.333333107,0
226049.999999774,0.00352779021744422
226066.666666441,0
226083.333333107,0
226099.999999774,0
226116.666666441,0
226133.333333107,0
226149.999999774,0.0225891628738495
226166.66666644,0
226183.333333107,0
226199.999999774,0
226216.66666644,0
226233.333333107,0
226249.999999774,0.0264378465586189
226266.66666644,0
226283.333333107,0
226299.999999774,0
226316.66666644,0
226333.333333107,0
226349.999999774,0.0517584598147923
226366.66666644,0
226383.333333107,0
226399.999999774,0
226416.66666644,0
226433.333333107,0
226449.999999774,0.0426919023729538
226466.66666644,0
226483.333333107,0
226499.999999773,0
226516.66666644,0
226533.333333107,0
226549.999999773,0.0233709507694974
226566.66666644,0
226583.333333107,0
226599.999999773,0
226616.66666644,0
226633.333333107,0
226649.999999773,0.0669736345216425
226666.66666644,0
226683.333333107,0
226699.999999773,0
226716.66666644,0
226733.333333107,0
226749.999999773,0.00890769743426861
226766.66666644,0
226783.333333107,0
226799.999999773,0
226816.66666644,0
226833.333333106,0
226849.999999773,0.00425027422721247
226866.66666644,0
226883.333333106,0
226899.999999773,0
226916.66666644,0
226933.333333106,0
226949.999999773,0.0315369499642699
226966.66666644,0
226983.333333106,0
226999.999999773,0
227016.66666644,0
227033.333333106,0
227049.999999773,0.0670559849049618
227066.66666644,0
227083.333333106,0
227099.999999773,0
227116.66666644,0
227133.333333106,0
227149.999999773,0.0327709056466793
227166.666666439,0
227183.333333106,0
227199.999999773,0
227216.666666439,0
227233.333333106,0
227249.999999773,0.0432019972169478
227266.666666439,0
227283.333333106,0
227299.999999773,0
227316.666666439,0
227333.333333106,0
227349.999999773,0.0152420042317494
227366.666666439,0
227383.333333106,0
227399.999999773,0
227416.666666439,0
227433.333333106,0
227449.999999773,0.0555860045862725
227466.666666439,0
227483.333333106,0
227499.999999772,0
227516.666666439,0
227533.333333106,0
227549.999999772,0.00321029048962006
227566.666666439,0
227583.333333106,0
227599.999999772,0
227616.666666439,0
227633.333333106,0
227649.999999772,0.0162978153621483
227666.666666439,0
227683.333333106,0
227699.999999772,0
227716.666666439,0
227733.333333106,0
227749.999999772,0.027839390225586
227766.666666439,0
227783.333333106,0
227799.999999772,0
227816.666666439,0
227833.333333105,0
227849.999999772,0.0647443590080287
227866.666666439,0
227883.333333105,0
227899.999999772,0
227916.666666439,0
227933.333333105,0
227949.999999772,0.0419842396129255
227966.666666439,0
227983.333333105,0
227999.999999772,0
228016.666666439,0
228033.333333105,0
228049.999999772,0.0573056914030401
228066.666666439,0
228083.333333105,0
228099.999999772,0
228116.666666439,0
228133.333333105,0
228149.999999772,0.00848102419958999
228166.666666438,0
228183.333333105,0
228199.999999772,0
228216.666666438,0
228233.333333105,0
228249.999999772,0.0516294698668608
228266.666666438,0
228283.333333105,0
228299.999999772,0
228316.666666438,0
228333.333333105,0
228349.999999772,0.0200543442997708
228366.666666438,0
228383.333333105,0
228399.999999772,0
228416.666666438,0
228433.333333105,0
228449.999999772,0.0202463387803627
228466.666666438,0
228483.333333105,0
228499.999999771,0
228516.666666438,0
228533.333333105,0
228549.999999771,0.00329721217498354
228566.666666438,0
228583.333333105,0
228599.999999771,0
228616.666666438,0
228633.333333105,0
228649.999999771,0.0171737144523029
228666.666666438,0
228683.333333105,0
228699.999999771,0
228716.666666438,0
228733.333333105,0
228749.999999771,0.0573581566564443
228766.666666438,0
228783.333333105,0
228799.999999771,0
228816.666666438,0
228833.333333104,0
228849.999999771,0.0237766793126556
228866.666666438,0
228883.333333104,0
228899.999999771,0
228916.666666438,0
228933.333333104,0
228949.999999771,0.100128707755113
228966.666666438,0
228983.333333104,0
228999.999999771,0
229016.666666438,0
229033.333333104,0
229049.999999771,0.0435183558790722
229066.666666438,0
229083.333333104,0
229099.999999771,0
229116.666666438,0
229133.333333104,0
229149.999999771,0.0306692626293805
229166.666666437,0
229183.333333104,0
229199.999999771,0
229216.666666437,0
229233.333333104,0
229249.999999771,0.0148681225951726
229266.666666437,0
229283.333333104,0
229299.999999771,0
229316.666666437,0
229333.333333104,0
229349.999999771,0.0631046212478603
229366.666666437,0
229383.333333104,0
229399.999999771,0
229416.666666437,0
229433.333333104,0
229449.999999771,0.024339564312913
229466.666666437,0
229483.333333104,0
229499.99999977,0
229516.666666437,0
229533.333333104,0
229549.99999977,0.0533552343347597
229566.666666437,0
229583.333333104,0
229599.99999977,0
229616.666666437,0
229633.333333104,0
229649.99999977,0.0428895179098525
229666.666666437,0
229683.333333104,0
229699.99999977,0
229716.666666437,0
229733.333333104,0
229749.99999977,0.00147406083300035
229766.666666437,0
229783.333333104,0
229799.99999977,0
229816.666666437,0
229833.333333103,0
229849.99999977,0.060857888447077
229866.666666437,0
229883.333333103,0
229899.99999977,0
229916.666666437,0
229933.333333103,0
229949.99999977,0.0440110909783861
229966.666666437,0
229983.333333103,0
229999.99999977,0
230016.666666437,0
230033.333333103,0
230049.99999977,0.0299962094027935
230066.666666437,0
230083.333333103,0
230099.99999977,0
230116.666666437,0
230133.333333103,0
230149.99999977,0.0612970957672459
230166.666666436,0
230183.333333103,0
230199.99999977,0
230216.666666436,0
230233.333333103,0
230249.99999977,0.0233130856574616
230266.666666436,0
230283.333333103,0
230299.99999977,0
230316.666666436,0
230333.333333103,0
230349.99999977,0.0348594747413008
230366.666666436,0
230383.333333103,0
230399.99999977,0
230416.666666436,0
230433.333333103,0
230449.99999977,0.0704141767077027
230466.666666436,0
230483.333333103,0
230499.999999769,0
230516.666666436,0
230533.333333103,0
230549.999999769,0.0287533608796651
230566.666666436,0
230583.333333103,0
230599.999999769,0
230616.666666436,0
230633.333333103,0
230649.999999769,0.0379039976904075
230666.666666436,0
230683.333333103,0
230699.999999769,0
230716.666666436,0
230733.333333103,0
230749.999999769,0.031790077036927
230766.666666436,0
230783.333333103,0
230799.999999769,0
230816.666666436,0
230833.333333102,0
230849.999999769,0.00580096552754486
230866.666666436,0
230883.333333102,0
230899.999999769,0
230916.666666436,0
230933.333333102,0
230949.999999769,0.119896383531114
230966.666666436,0
230983.333333102,0
230999.999999769,0
231016.666666436,0
231033.333333102,0
231049.999999769,0.0570700885552331
231066.666666436,0
231083.333333102,0
231099.999999769,0
231116.666666436,0
231133.333333102,0
231149.999999769,0.0135563882520668
231166.666666435,0
231183.333333102,0
231199.999999769,0
231216.666666435,0
231233.333333102,0
231249.999999769,0.0520660276587821
231266.666666435,0
231283.333333102,0
231299.999999769,0
231316.666666435,0
231333.333333102,0
231349.999999769,0.061240640696545
231366.666666435,0
231383.333333102,0
231399.999999769,0
231416.666666435,0
231433.333333102,0
231449.999999769,0.0311629526994521
231466.666666435,0
231483.333333102,0
231499.999999768,0
231516.666666435,0
231533.333333102,0
231549.999999768,0.0636964958702191
231566.666666435,0
231583.333333102,0
231599.999999768,0
231616.666666435,0
231633.333333102,0
231649.999999768,0.0356748458480694
231666.666666435,0
231683.333333102,0
231699.999999768,0
231716.666666435,0
231733.333333102,0
231749.999999768,0.0600606999581724
231766.666666435,0
231783.333333102,0
231799.999999768,0
231816.666666435,0
231833.333333101,0
231849.999999768,0.0319981502511468
231866.666666435,0
231883.333333101,0
231899.999999768,0
231916.666666435,0
231933.333333101,0
231949.999999768,0.0165721101468194
231966.666666435,0
231983.333333101,0
231999.999999768,0
232016.666666435,0
232033.333333101,0
232049.999999768,0.0409190751164258
232066.666666435,0
232083.333333101,0
232099.999999768,0
232116.666666435,0
232133.333333101,0
232149.999999768,0.105124632021217
232166.666666434,0
232183.333333101,0
232199.999999768,0
232216.666666434,0
232233.333333101,0
232249.999999768,0.027240972074408
232266.666666434,0
232283.333333101,0
232299.999999768,0
232316.666666434,0
232333.333333101,0
232349.999999768,0.00917999387148075
232366.666666434,0
232383.333333101,0
232399.999999768,0
232416.666666434,0
232433.333333101,0
232449.999999768,0.0186946560969649
232466.666666434,0
232483.333333101,0
232499.999999767,0
232516.666666434,0
232533.333333101,0
232549.999999767,0.0938693200313276
232566.666666434,0
232583.333333101,0
232599.999999767,0
232616.666666434,0
232633.333333101,0
232649.999999767,0.0567883607841737
232666.666666434,0
232683.333333101,0
232699.999999767,0
232716.666666434,0
232733.333333101,0
232749.999999767,0.0875251543822432
232766.666666434,0
232783.333333101,0
232799.999999767,0
232816.666666434,0
232833.3333331,0
232849.999999767,0.0652268172840333
232866.666666434,0
232883.3333331,0
232899.999999767,0
232916.666666434,0
232933.3333331,0
232949.999999767,0.00444760769974675
232966.666666434,0
232983.3333331,0
232999.999999767,0
233016.666666434,0
233033.3333331,0
233049.999999767,0.000171940984857703
233066.666666434,0
233083.3333331,0
233099.999999767,0
233116.666666434,0
233133.3333331,0
233149.999999767,0.0415705808224468
233166.666666433,0
233183.3333331,0
233199.999999767,0
233216.666666433,0
233233.3333331,0
233249.999999767,0.00465633011889006
233266.666666433,0
233283.3333331,0
233299.999999767,0
233316.666666433,0
233333.3333331,0
233349.999999767,0.137863025783045
233366.666666433,0
233383.3333331,0
233399.999999767,0
233416.666666433,0
233433.3333331,0
233449.999999766,0.0143917313348082
233466.666666433,0
233483.3333331,0
233499.999999766,0
233516.666666433,0
233533.3333331,0
233549.999999766,0.109228076080352
233566.666666433,0
233583.3333331,0
233599.999999766,0
233616.666666433,0
233633.3333331,0
233649.999999766,0.0872966959398508
233666.666666433,0
233683.3333331,0
233699.999999766,0
233716.666666433,0
233733.3333331,0
233749.999999766,0.0813588788480106
233766.666666433,0
233783.3333331,0
233799.999999766,0
233816.666666433,0
233833.333333099,0
233849.999999766,0.009348654670509
233866.666666433,0
233883.333333099,0
233899.999999766,0
233916.666666433,0
233933.333333099,0
233949.999999766,0.0856124257491563
233966.666666433,0
233983.333333099,0
233999.999999766,0
234016.666666433,0
234033.333333099,0
234049.999999766,0.0124266607202644
234066.666666433,0
234083.333333099,0
234099.999999766,0
234116.666666433,0
234133.333333099,0
234149.999999766,0.10465240130495
234166.666666432,0
234183.333333099,0
234199.999999766,0
234216.666666432,0
234233.333333099,0
234249.999999766,0.048147588642214
234266.666666432,0
234283.333333099,0
234299.999999766,0
234316.666666432,0
234333.333333099,0
234349.999999766,0.0996287138922796
234366.666666432,0
234383.333333099,0
234399.999999766,0
234416.666666432,0
234433.333333099,0
234449.999999766,0.0290690063045847
234466.666666432,0
234483.333333099,0
234499.999999765,0
234516.666666432,0
234533.333333099,0
234549.999999765,0.0921169298941245
234566.666666432,0
234583.333333099,0
234599.999999765,0
234616.666666432,0
234633.333333099,0
234649.999999765,0.0860085609001162
234666.666666432,0
234683.333333099,0
234699.999999765,0
234716.666666432,0
234733.333333099,0
234749.999999765,0.105811876484133
234766.666666432,0
234783.333333099,0
234799.999999765,0
234816.666666432,0
234833.333333098,0
234849.999999765,0.0371302922241282
234866.666666432,0
234883.333333098,0
234899.999999765,0
234916.666666432,0
234933.333333098,0
234949.999999765,0.0685517046026518
234966.666666432,0
234983.333333098,0
234999.999999765,0
235016.666666432,0
235033.333333098,0
235049.999999765,0.0768236824365984
235066.666666432,0
235083.333333098,0
235099.999999765,0
235116.666666432,0
235133.333333098,0
235149.999999765,0.03237677677001
235166.666666431,0
235183.333333098,0
235199.999999765,0
235216.666666431,0
235233.333333098,0
235249.999999765,0.0602783534650154
235266.666666431,0
235283.333333098,0
235299.999999765,0
235316.666666431,0
235333.333333098,0
235349.999999765,0.11799659511036
235366.666666431,0
235383.333333098,0
235399.999999765,0
235416.666666431,0
235433.333333098,0
235449.999999764,0.00313757547416493
235466.666666431,0
235483.333333098,0
235499.999999764,0
235516.666666431,0
235533.333333098,0
235549.999999764,0.0436461074468001
235566.666666431,0
235583.333333098,0
235599.999999764,0
235616.666666431,0
235633.333333098,0
235649.999999764,0.0392471109155234
235666.666666431,0
235683.333333098,0
235699.999999764,0
235716.666666431,0
235733.333333098,0
235749.999999764,0.21166561112983
235766.666666431,0
235783.333333098,0
235799.999999764,0
235816.666666431,0
235833.333333097,0
235849.999999764,0.0837051638360853
235866.666666431,0
235883.333333097,0
235899.999999764,0
235916.666666431,0
235933.333333097,0
235949.999999764,0.0160097320401908
235966.666666431,0
235983.333333097,0
235999.999999764,0
236016.666666431,0
236033.333333097,0
236049.999999764,0.206906850808717
236066.666666431,0
236083.333333097,0
236099.999999764,0
236116.666666431,0
236133.333333097,0
236149.999999764,0.151088258723055
236166.66666643,0
236183.333333097,0
236199.999999764,0
236216.66666643,0
236233.333333097,0
236249.999999764,0.0640669834030375
236266.66666643,0
236283.333333097,0
236299.999999764,0
236316.66666643,0
236333.333333097,0
236349.999999764,0.189150978855237
236366.66666643,0
236383.333333097,0
236399.999999764,0
236416.66666643,0
236433.333333097,0
236449.999999764,0.0356122316164431
236466.66666643,0
236483.333333097,0
236499.999999763,0
236516.66666643,0
236533.333333097,0
236549.999999763,0.0967113650102818
236566.66666643,0
236583.333333097,0
236599.999999763,0
236616.66666643,0
236633.333333097,0
236649.999999763,0.091114683380276
236666.66666643,0
236683.333333097,0
236699.999999763,0
236716.66666643,0
236733.333333097,0
236749.999999763,0.0521538330283241
236766.66666643,0
236783.333333097,0
236799.999999763,0
236816.66666643,0
236833.333333096,0
236849.999999763,0.0202033648422556
236866.66666643,0
236883.333333096,0
236899.999999763,0
236916.66666643,0
236933.333333096,0
236949.999999763,0.0944600514868236
236966.66666643,0
236983.333333096,0
236999.999999763,0
237016.66666643,0
237033.333333096,0
237049.999999763,0.0268394178323409
237066.66666643,0
237083.333333096,0
237099.999999763,0
237116.66666643,0
237133.333333096,0
237149.999999763,0.202828570332275
237166.666666429,0
237183.333333096,0
237199.999999763,0
237216.666666429,0
237233.333333096,0
237249.999999763,0.120455469284887
237266.666666429,0
237283.333333096,0
237299.999999763,0
237316.666666429,0
237333.333333096,0
237349.999999763,0.10889305812912
237366.666666429,0
237383.333333096,0
237399.999999763,0
237416.666666429,0
237433.333333096,0
237449.999999763,0.196930609167429
237466.666666429,0
237483.333333096,0
237499.999999762,0
237516.666666429,0
237533.333333096,0
237549.999999762,0.351562791050082
237566.666666429,0
237583.333333096,0
237599.999999762,0
237616.666666429,0
237633.333333096,0
237649.999999762,0.11525868714074
237666.666666429,0
237683.333333096,0
237699.999999762,0
237716.666666429,0
237733.333333096,0
237749.999999762,0.26192147944951
237766.666666429,0
237783.333333096,0
237799.999999762,0
237816.666666429,0
237833.333333095,0
237849.999999762,0.138303066445692
237866.666666429,0
237883.333333095,0
237899.999999762,0
237916.666666429,0
237933.333333095,0
237949.999999762,0.312902668391447
237966.666666429,0
237983.333333095,0
237999.999999762,0
238016.666666429,0
238033.333333095,0
238049.999999762,0.0367544786027965
238066.666666429,0
238083.333333095,0
238099.999999762,0
238116.666666429,0
238133.333333095,0
238149.999999762,0.181419717155148
238166.666666428,0
238183.333333095,0
238199.999999762,0
238216.666666428,0
238233.333333095,0
238249.999999762,0.130486324779207
238266.666666428,0
238283.333333095,0
238299.999999762,0
238316.666666428,0
238333.333333095,0
238349.999999762,0.335220151262269
238366.666666428,0
238383.333333095,0
238399.999999762,0
238416.666666428,0
238433.333333095,0
238449.999999762,0.19265997004817
238466.666666428,0
238483.333333095,0
238499.999999761,0
238516.666666428,0
238533.333333095,0
238549.999999761,0.00181608195045426
238566.666666428,0
238583.333333095,0
238599.999999761,0
238616.666666428,0
238633.333333095,0
238649.999999761,0.0494463765612919
238666.666666428,0
238683.333333095,0
238699.999999761,0
238716.666666428,0
238733.333333095,0
238749.999999761,0.187111698030763
238766.666666428,0
238783.333333095,0
238799.999999761,0
238816.666666428,0
238833.333333094,0
238849.999999761,0.191038635385722
238866.666666428,0
238883.333333094,0
238899.999999761,0
238916.666666428,0
238933.333333094,0
238949.999999761,0.13911981110021
238966.666666428,0
238983.333333094,0
238999.999999761,0
239016.666666428,0
239033.333333094,0
239049.999999761,0.268493909237632
239066.666666428,0
239083.333333094,0
239099.999999761,0
239116.666666428,0
239133.333333094,0
239149.999999761,0.295480736333209
239166.666666427,0
239183.333333094,0
239199.999999761,0
239216.666666427,0
239233.333333094,0
239249.999999761,1.60885882884712
239266.666666427,0
239283.333333094,0
239299.999999761,0
239316.666666427,0
239333.333333094,0
239349.999999761,0.838014259567343
239366.666666427,0
239383.333333094,0
239399.999999761,0
239416.666666427,0
239433.333333094,0
239449.999999761,0.0188549883862375
239466.666666427,0
239483.333333094,0
239499.99999976,0
239516.666666427,0
239533.333333094,0
239549.99999976,1.19301449275469
239566.666666427,0
239583.333333094,0
239599.99999976,0
239616.666666427,0
239633.333333094,0
239649.99999976,1.10715868605539
239666.666666427,0
239683.333333094,0
239699.99999976,0
239716.666666427,0
239733.333333094,0
239749.99999976,0.481658127528326
239766.666666427,0
239783.333333094,0
239799.99999976,0
239816.666666427,0
239833.333333093,0
239849.99999976,0.13039083319625
239866.666666427,0
239883.333333093,0
239899.99999976,0
239916.666666427,0
239933.333333093,0
239949.99999976,0.372410660318231
239966.666666427,0
239983.333333093,0
239999.99999976,0
240016.666666427,0
240033.333333093,0
240049.99999976,0.357176526693054
240066.666666427,0
240083.333333093,0
240099.99999976,0
240116.666666427,0
240133.333333093,0
240149.99999976,0.122467274178895
240166.666666426,0
240183.333333093,0
240199.99999976,0
240216.666666426,0
240233.333333093,0
240249.99999976,0.457148703349618
240266.666666426,0
240283.333333093,0
240299.99999976,0
240316.666666426,0
240333.333333093,0
240349.99999976,1.10094382192097
240366.666666426,0
240383.333333093,0
240399.99999976,0
240416.666666426,0
240433.333333093,0
240449.99999976,1.2137669390808
240466.666666426,0
240483.333333093,0
240499.999999759,0
240516.666666426,0
240533.333333093,0
240549.999999759,0.0189669985544829
240566.666666426,0
240583.333333093,0
240599.999999759,0
240616.666666426,0
240633.333333093,0
240649.999999759,0.811791433864672
240666.666666426,0
240683.333333093,0
240699.999999759,0
240716.666666426,0
240733.333333093,0
240749.999999759,1.58348301666462
240766.666666426,0
240783.333333093,0
240799.999999759,0
240816.666666426,0
240833.333333092,0
240849.999999759,0.320445032562294
240866.666666426,0
240883.333333092,0
240899.999999759,0
240916.666666426,0
240933.333333092,0
240949.999999759,0.30229206257922
240966.666666426,0
240983.333333092,0
240999.999999759,0
241016.666666426,0
241033.333333092,0
241049.999999759,0.154689529283777
241066.666666426,0
241083.333333092,0
241099.999999759,0
241116.666666426,0
241133.333333092,0
241149.999999759,0.196491573781121
241166.666666425,0
241183.333333092,0
241199.999999759,0
241216.666666425,0
241233.333333092,0
241249.999999759,0.160072136911714
241266.666666425,0
241283.333333092,0
241299.999999759,0
241316.666666425,0
241333.333333092,0
241349.999999759,0.0436420689406493
241366.666666425,0
241383.333333092,0
241399.999999759,0
241416.666666425,0
241433.333333092,0
241449.999999759,0.0357324984612157
241466.666666425,0
241483.333333092,0
241499.999999758,0
241516.666666425,0
241533.333333092,0
241549.999999758,0.202688533032484
241566.666666425,0
241583.333333092,0
241599.999999758,0
241616.666666425,0
241633.333333092,0
241649.999999758,0.310949002522657
241666.666666425,0
241683.333333092,0
241699.999999758,0
241716.666666425,0
241733.333333092,0
241749.999999758,0.12819052804397
241766.666666425,0
241783.333333092,0
241799.999999758,0
241816.666666425,0
241833.333333091,0
241849.999999758,0.16233513952665
241866.666666425,0
241883.333333091,0
241899.999999758,0
241916.666666425,0
241933.333333091,0
241949.999999758,0.0226480990383114
241966.666666425,0
241983.333333091,0
241999.999999758,0
242016.666666425,0
242033.333333091,0
242049.999999758,0.300861417712593
242066.666666425,0
242083.333333091,0
242099.999999758,0
242116.666666425,0
242133.333333091,0
242149.999999758,0.121989398005421
242166.666666424,0
242183.333333091,0
242199.999999758,0
242216.666666424,0
242233.333333091,0
242249.999999758,0.267694876291118
242266.666666424,0
242283.333333091,0
242299.999999758,0
242316.666666424,0
242333.333333091,0
242349.999999758,0.146532721525221
242366.666666424,0
242383.333333091,0
242399.999999758,0
242416.666666424,0
242433.333333091,0
242449.999999758,0.370122452830087
242466.666666424,0
242483.333333091,0
242499.999999757,0
242516.666666424,0
242533.333333091,0
242549.999999757,0.156906269659332
242566.666666424,0
242583.333333091,0
242599.999999757,0
242616.666666424,0
242633.333333091,0
242649.999999757,0.0850892835109984
242666.666666424,0
242683.333333091,0
242699.999999757,0
242716.666666424,0
242733.333333091,0
242749.999999757,0.114750396561058
242766.666666424,0
242783.333333091,0
242799.999999757,0
242816.666666424,0
242833.33333309,0
242849.999999757,0.200805310976081
242866.666666424,0
242883.33333309,0
242899.999999757,0
242916.666666424,0
242933.33333309,0
242949.999999757,0.0298648122261125
242966.666666424,0
242983.33333309,0
242999.999999757,0
243016.666666424,0
243033.33333309,0
243049.999999757,0.0949749673950088
243066.666666424,0
243083.33333309,0
243099.999999757,0
243116.666666424,0
243133.33333309,0
243149.999999757,0.00930427779450587
243166.666666423,0
243183.33333309,0
243199.999999757,0
243216.666666423,0
243233.33333309,0
243249.999999757,0.0537584313714603
243266.666666423,0
243283.33333309,0
243299.999999757,0
243316.666666423,0
243333.33333309,0
243349.999999757,0.0885402145291552
243366.666666423,0
243383.33333309,0
243399.999999757,0
243416.666666423,0
243433.33333309,0
243449.999999757,0.0946222203593221
243466.666666423,0
243483.33333309,0
243499.999999756,0
243516.666666423,0
243533.33333309,0
243549.999999756,0.0056795389863679
243566.666666423,0
243583.33333309,0
243599.999999756,0
243616.666666423,0
243633.33333309,0
243649.999999756,0.186685201066557
243666.666666423,0
243683.33333309,0
243699.999999756,0
243716.666666423,0
243733.33333309,0
243749.999999756,0.0259425106362178
243766.666666423,0
243783.33333309,0
243799.999999756,0
243816.666666423,0
243833.333333089,0
243849.999999756,0.110314585327746
243866.666666423,0
243883.333333089,0
243899.999999756,0
243916.666666423,0
243933.333333089,0
243949.999999756,0.200325576980595
243966.666666423,0
243983.333333089,0
243999.999999756,0
244016.666666423,0
244033.333333089,0
244049.999999756,0.0554189518705177
244066.666666423,0
244083.333333089,0
244099.999999756,0
244116.666666423,0
244133.333333089,0
244149.999999756,0.105131746095546
244166.666666422,0
244183.333333089,0
244199.999999756,0
244216.666666422,0
244233.333333089,0
244249.999999756,0.185220103488521
244266.666666422,0
244283.333333089,0
244299.999999756,0
244316.666666422,0
244333.333333089,0
244349.999999756,0.0358382598733075
244366.666666422,0
244383.333333089,0
244399.999999756,0
244416.666666422,0
244433.333333089,0
244449.999999755,0.0169817042090067
244466.666666422,0
244483.333333089,0
244499.999999755,0
244516.666666422,0
244533.333333089,0
244549.999999755,0.00759321339185385
244566.666666422,0
244583.333333089,0
244599.999999755,0
244616.666666422,0
244633.333333089,0
244649.999999755,0.114431880055731
244666.666666422,0
244683.333333089,0
244699.999999755,0
244716.666666422,0
244733.333333089,0
244749.999999755,0.0516646777843352
244766.666666422,0
244783.333333089,0
244799.999999755,0
244816.666666422,0
244833.333333088,0
244849.999999755,0.0258872765426445
244866.666666422,0
244883.333333088,0
244899.999999755,0
244916.666666422,0
244933.333333088,0
244949.999999755,0.0787381856162682
244966.666666422,0
244983.333333088,0
244999.999999755,0
245016.666666422,0
245033.333333088,0
245049.999999755,0.0610624501444332
245066.666666422,0
245083.333333088,0
245099.999999755,0
245116.666666422,0
245133.333333088,0
245149.999999755,0.0522790760452055
245166.666666421,0
245183.333333088,0
245199.999999755,0
245216.666666421,0
245233.333333088,0
245249.999999755,0.124157786543901
245266.666666421,0
245283.333333088,0
245299.999999755,0
245316.666666421,0
245333.333333088,0
245349.999999755,0.06722408024247
245366.666666421,0
245383.333333088,0
245399.999999755,0
245416.666666421,0
245433.333333088,0
245449.999999755,0.130057412414247
245466.666666421,0
245483.333333088,0
245499.999999754,0
245516.666666421,0
245533.333333088,0
245549.999999754,0.042083596519899
245566.666666421,0
245583.333333088,0
245599.999999754,0
245616.666666421,0
245633.333333088,0
245649.999999754,0.106040372630406
245666.666666421,0
245683.333333088,0
245699.999999754,0
245716.666666421,0
245733.333333088,0
245749.999999754,0.0399918261951666
245766.666666421,0
245783.333333088,0
245799.999999754,0
245816.666666421,0
245833.333333087,0
245849.999999754,0.0894149533939907
245866.666666421,0
245883.333333087,0
245899.999999754,0
245916.666666421,0
245933.333333087,0
245949.999999754,0.00695578438753934
245966.666666421,0
245983.333333087,0
245999.999999754,0
246016.666666421,0
246033.333333087,0
246049.999999754,0.0725914863832383
246066.666666421,0
246083.333333087,0
246099.999999754,0
246116.666666421,0
246133.333333087,0
246149.999999754,0.0140714618679072
246166.66666642,0
246183.333333087,0
246199.999999754,0
246216.66666642,0
246233.333333087,0
246249.999999754,0.0557836886205111
246266.66666642,0
246283.333333087,0
246299.999999754,0
246316.66666642,0
246333.333333087,0
246349.999999754,0.0580726518708572
246366.66666642,0
246383.333333087,0
246399.999999754,0
246416.66666642,0
246433.333333087,0
246449.999999754,0.0640251297702236
246466.66666642,0
246483.333333087,0
246499.999999753,0
246516.66666642,0
246533.333333087,0
246549.999999753,0.0418018092569468
246566.66666642,0
246583.333333087,0
246599.999999753,0
246616.66666642,0
246633.333333087,0
246649.999999753,0.0939267798241768
246666.66666642,0
246683.333333087,0
246699.999999753,0
246716.66666642,0
246733.333333087,0
246749.999999753,0.0126925142842346
246766.66666642,0
246783.333333087,0
246799.999999753,0
246816.66666642,0
246833.333333086,0
246849.999999753,0.0637214330234921
246866.66666642,0
246883.333333086,0
246899.999999753,0
246916.66666642,0
246933.333333086,0
246949.999999753,0.0303170672606599
246966.66666642,0
246983.333333086,0
246999.999999753,0
247016.66666642,0
247033.333333086,0
247049.999999753,0.0139796923745332
247066.66666642,0
247083.333333086,0
247099.999999753,0
247116.66666642,0
247133.333333086,0
247149.999999753,0.0635923199405343
247166.666666419,0
247183.333333086,0
247199.999999753,0
247216.666666419,0
247233.333333086,0
247249.999999753,0.0791356424306189
247266.666666419,0
247283.333333086,0
247299.999999753,0
247316.666666419,0
247333.333333086,0
247349.999999753,0.071297103310054
247366.666666419,0
247383.333333086,0
247399.999999753,0
247416.666666419,0
247433.333333086,0
247449.999999753,0.106614511112744
247466.666666419,0
247483.333333086,0
247499.999999752,0
247516.666666419,0
247533.333333086,0
247549.999999752,0.0288331551730678
247566.666666419,0
247583.333333086,0
247599.999999752,0
247616.666666419,0
247633.333333086,0
247649.999999752,0.0151185112326816
247666.666666419,0
247683.333333086,0
247699.999999752,0
247716.666666419,0
247733.333333086,0
247749.999999752,0.0323608086810215
247766.666666419,0
247783.333333085,0
247799.999999752,0
247816.666666419,0
247833.333333085,0
247849.999999752,0.107538078757215
247866.666666419,0
247883.333333085,0
247899.999999752,0
247916.666666419,0
247933.333333085,0
247949.999999752,0.0343907706162753
247966.666666419,0
247983.333333085,0
247999.999999752,0
248016.666666419,0
248033.333333085,0
248049.999999752,0.036221379740853
248066.666666419,0
248083.333333085,0
248099.999999752,0
248116.666666419,0
248133.333333085,0
248149.999999752,0.0404133105120632
248166.666666418,0
248183.333333085,0
248199.999999752,0
248216.666666418,0
248233.333333085,0
248249.999999752,0.0211489934539157
248266.666666418,0
248283.333333085,0
248299.999999752,0
248316.666666418,0
248333.333333085,0
248349.999999752,0.0513742129084352
248366.666666418,0
248383.333333085,0
248399.999999752,0
248416.666666418,0
248433.333333085,0
248449.999999752,0.0530241998388099
248466.666666418,0
248483.333333085,0
248499.999999751,0
248516.666666418,0
248533.333333085,0
248549.999999751,0.0400279506648182
248566.666666418,0
248583.333333085,0
248599.999999751,0
248616.666666418,0
248633.333333085,0
248649.999999751,0.0733544921686229
248666.666666418,0
248683.333333085,0
248699.999999751,0
248716.666666418,0
248733.333333085,0
248749.999999751,0.012994522621961
248766.666666418,0
248783.333333085,0
248799.999999751,0
248816.666666418,0
248833.333333084,0
248849.999999751,0.0425694546212557
248866.666666418,0
248883.333333084,0
248899.999999751,0
248916.666666418,0
248933.333333084,0
248949.999999751,0.0456508403309611
248966.666666418,0
248983.333333084,0
248999.999999751,0
249016.666666418,0
249033.333333084,0
249049.999999751,0.0792407754248641
249066.666666418,0
249083.333333084,0
249099.999999751,0
249116.666666417,0
249133.333333084,0
249149.999999751,0.00533845711760257
249166.666666417,0
249183.333333084,0
249199.999999751,0
249216.666666417,0
249233.333333084,0
249249.999999751,0.00914706526613319
249266.666666417,0
249283.333333084,0
249299.999999751,0
249316.666666417,0
249333.333333084,0
249349.999999751,0.0345368094201465
249366.666666417,0
249383.333333084,0
249399.999999751,0
249416.666666417,0
249433.333333084,0
249449.999999751,0.0054975502527913
249466.666666417,0
249483.333333084,0
249499.99999975,0
249516.666666417,0
249533.333333084,0
249549.99999975,0.0519556995466664
249566.666666417,0
249583.333333084,0
249599.99999975,0
249616.666666417,0
249633.333333084,0
249649.99999975,0.0221350539442937
249666.666666417,0
249683.333333084,0
249699.99999975,0
249716.666666417,0
249733.333333084,0
249749.99999975,0.0423489993014906
249766.666666417,0
249783.333333084,0
249799.99999975,0
249816.666666417,0
249833.333333083,0
249849.99999975,0.0344185100407578
249866.666666417,0
249883.333333083,0
249899.99999975,0
249916.666666417,0
249933.333333083,0
249949.99999975,0.0291453356694477
249966.666666417,0
249983.333333083,0
249999.99999975,0
250016.666666417,0
250033.333333083,0
250049.99999975,0.0413299036361841
250066.666666417,0
250083.333333083,0
250099.99999975,0
250116.666666417,0
250133.333333083,0
250149.99999975,0.0693018347655681
250166.666666416,0
250183.333333083,0
250199.99999975,0
250216.666666416,0
250233.333333083,0
250249.99999975,0.0397284447976621
250266.666666416,0
250283.333333083,0
250299.99999975,0
250316.666666416,0
250333.333333083,0
250349.99999975,0.0344102935524632
250366.666666416,0
250383.333333083,0
250399.99999975,0
250416.666666416,0
250433.333333083,0
250449.99999975,0.0740117272001395
250466.666666416,0
250483.333333083,0
250499.999999749,0
250516.666666416,0
250533.333333083,0
250549.999999749,0.0216894946604196
250566.666666416,0
250583.333333083,0
250599.999999749,0
250616.666666416,0
250633.333333083,0
250649.999999749,0.0548253139847179
250666.666666416,0
250683.333333083,0
250699.999999749,0
250716.666666416,0
250733.333333083,0
250749.999999749,0.014906115441671
250766.666666416,0
250783.333333083,0
250799.999999749,0
250816.666666416,0
250833.333333082,0
250849.999999749,0.0483239765210367
250866.666666416,0
250883.333333082,0
250899.999999749,0
250916.666666416,0
250933.333333082,0
250949.999999749,0.0532827538369035
250966.666666416,0
250983.333333082,0
250999.999999749,0
251016.666666416,0
251033.333333082,0
251049.999999749,0.0780833482210482
251066.666666416,0
251083.333333082,0
251099.999999749,0
251116.666666416,0
251133.333333082,0
251149.999999749,0.0258824276925224
251166.666666415,0
251183.333333082,0
251199.999999749,0
251216.666666415,0
251233.333333082,0
251249.999999749,0.037052607610887
251266.666666415,0
251283.333333082,0
251299.999999749,0
251316.666666415,0
251333.333333082,0
251349.999999749,0.00330027659135442
251366.666666415,0
251383.333333082,0
251399.999999749,0
251416.666666415,0
251433.333333082,0
251449.999999749,0.0109757342983511
251466.666666415,0
251483.333333082,0
251499.999999748,0
251516.666666415,0
251533.333333082,0
251549.999999748,0.0260050635356992
251566.666666415,0
251583.333333082,0
251599.999999748,0
251616.666666415,0
251633.333333082,0
251649.999999748,0.0118224863773634
251666.666666415,0
251683.333333082,0
251699.999999748,0
251716.666666415,0
251733.333333082,0
251749.999999748,0.0512222563723418
251766.666666415,0
251783.333333082,0
251799.999999748,0
251816.666666415,0
251833.333333081,0
251849.999999748,0.0282332327872926
251866.666666415,0
251883.333333081,0
251899.999999748,0
251916.666666415,0
251933.333333081,0
251949.999999748,0.0106932752983171
251966.666666415,0
251983.333333081,0
251999.999999748,0
252016.666666415,0
252033.333333081,0
252049.999999748,0.0345795456392012
252066.666666415,0
252083.333333081,0
252099.999999748,0
252116.666666415,0
252133.333333081,0
252149.999999748,0.0376049275498343
252166.666666414,0
252183.333333081,0
252199.999999748,0
252216.666666414,0
252233.333333081,0
252249.999999748,0.0432552842814009
252266.666666414,0
252283.333333081,0
252299.999999748,0
252316.666666414,0
252333.333333081,0
252349.999999748,0.00199261131331588
252366.666666414,0
252383.333333081,0
252399.999999748,0
252416.666666414,0
252433.333333081,0
252449.999999748,0.000840611357615727
252466.666666414,0
252483.333333081,0
252499.999999747,0
252516.666666414,0
252533.333333081,0
252549.999999747,0.0538150174393801
252566.666666414,0
252583.333333081,0
252599.999999747,0
252616.666666414,0
252633.333333081,0
252649.999999747,0.0025983603604031
252666.666666414,0
252683.333333081,0
252699.999999747,0
252716.666666414,0
252733.333333081,0
252749.999999747,0.0260469129230351
252766.666666414,0
252783.333333081,0
252799.999999747,0
252816.666666414,0
252833.33333308,0
252849.999999747,0.00682811381142595
252866.666666414,0
252883.33333308,0
252899.999999747,0
252916.666666414,0
252933.33333308,0
252949.999999747,0.0630934706474049
252966.666666414,0
252983.33333308,0
252999.999999747,0
253016.666666414,0
253033.33333308,0
253049.999999747,0.0164779121975507
253066.666666414,0
253083.33333308,0
253099.999999747,0
253116.666666414,0
253133.33333308,0
253149.999999747,0.024117616423124
253166.666666413,0
253183.33333308,0
253199.999999747,0
253216.666666413,0
253233.33333308,0
253249.999999747,0.0420211902704168
253266.666666413,0
253283.33333308,0
253299.999999747,0
253316.666666413,0
253333.33333308,0
253349.999999747,0.0707051778061652
253366.666666413,0
253383.33333308,0
253399.999999747,0
253416.666666413,0
253433.33333308,0
253449.999999747,0.0229432902952136
253466.666666413,0
253483.33333308,0
253499.999999746,0
253516.666666413,0
253533.33333308,0
253549.999999746,0.0154700263337944
253566.666666413,0
253583.33333308,0
253599.999999746,0
253616.666666413,0
253633.33333308,0
253649.999999746,0.0452846466478887
253666.666666413,0
253683.33333308,0
253699.999999746,0
253716.666666413,0
253733.33333308,0
253749.999999746,0.0221062887798106
253766.666666413,0
253783.33333308,0
253799.999999746,0
253816.666666413,0
253833.333333079,0
253849.999999746,0.0311101654885237
253866.666666413,0
253883.333333079,0
253899.999999746,0
253916.666666413,0
253933.333333079,0
253949.999999746,0.00888015146091798
253966.666666413,0
253983.333333079,0
253999.999999746,0
254016.666666413,0
254033.333333079,0
254049.999999746,0.0530553711220231
254066.666666413,0
254083.333333079,0
254099.999999746,0
254116.666666413,0
254133.333333079,0
254149.999999746,0.043323885943566
254166.666666412,0
254183.333333079,0
254199.999999746,0
254216.666666412,0
254233.333333079,0
254249.999999746,0.0603647806832465
254266.666666412,0
254283.333333079,0
254299.999999746,0
254316.666666412,0
254333.333333079,0
254349.999999746,0.00386610416955524
254366.666666412,0
254383.333333079,0
254399.999999746,0
254416.666666412,0
254433.333333079,0
254449.999999746,0.023468983180902
254466.666666412,0
254483.333333079,0
254499.999999745,0
254516.666666412,0
254533.333333079,0
254549.999999745,0.00893517528119732
254566.666666412,0
254583.333333079,0
254599.999999745,0
254616.666666412,0
254633.333333079,0
254649.999999745,0.0207991668416545
254666.666666412,0
254683.333333079,0
254699.999999745,0
254716.666666412,0
254733.333333079,0
254749.999999745,0.0185893375132362
254766.666666412,0
254783.333333079,0
254799.999999745,0
254816.666666412,0
254833.333333078,0
254849.999999745,0.00760373067559175
254866.666666412,0
254883.333333078,0
254899.999999745,0
254916.666666412,0
254933.333333078,0
254949.999999745,0.0559238393756407
254966.666666412,0
254983.333333078,0
254999.999999745,0
255016.666666412,0
255033.333333078,0
255049.999999745,0.0105255050527786
255066.666666412,0
255083.333333078,0
255099.999999745,0
255116.666666412,0
255133.333333078,0
255149.999999745,0.00423949182669172
255166.666666411,0
255183.333333078,0
255199.999999745,0
255216.666666411,0
255233.333333078,0
255249.999999745,0.0292580496814473
255266.666666411,0
255283.333333078,0
255299.999999745,0
255316.666666411,0
255333.333333078,0
255349.999999745,0.0161122672385751
255366.666666411,0
255383.333333078,0
255399.999999745,0
255416.666666411,0
255433.333333078,0
255449.999999744,0.0113764118420833
255466.666666411,0
255483.333333078,0
255499.999999744,0
255516.666666411,0
255533.333333078,0
255549.999999744,0.0219943447216835
255566.666666411,0
255583.333333078,0
255599.999999744,0
255616.666666411,0
255633.333333078,0
255649.999999744,0.010150838259286
255666.666666411,0
255683.333333078,0
255699.999999744,0
255716.666666411,0
255733.333333078,0
255749.999999744,0.0488017655314966
255766.666666411,0
255783.333333078,0
255799.999999744,0
255816.666666411,0
255833.333333077,0
255849.999999744,0.0239907923325194
255866.666666411,0
255883.333333077,0
255899.999999744,0
255916.666666411,0
255933.333333077,0
255949.999999744,0.00609441773938684
255966.666666411,0
255983.333333077,0
255999.999999744,0
256016.666666411,0
256033.333333077,0
256049.999999744,0.0213150581992305
256066.666666411,0
256083.333333077,0
256099.999999744,0
256116.666666411,0
256133.333333077,0
256149.999999744,0.081103513657715
256166.66666641,0
256183.333333077,0
256199.999999744,0
256216.66666641,0
256233.333333077,0
256249.999999744,0.0283660906577196
256266.66666641,0
256283.333333077,0
256299.999999744,0
256316.66666641,0
256333.333333077,0
256349.999999744,0.0110015544576522
256366.66666641,0
256383.333333077,0
256399.999999744,0
256416.66666641,0
256433.333333077,0
256449.999999744,0.0176861821508929
256466.66666641,0
256483.333333077,0
256499.999999743,0
256516.66666641,0
256533.333333077,0
256549.999999743,0.0480397125667897
256566.66666641,0
256583.333333077,0
256599.999999743,0
256616.66666641,0
256633.333333077,0
256649.999999743,0.00978960933071249
256666.66666641,0
256683.333333077,0
256699.999999743,0
256716.66666641,0
256733.333333077,0
256749.999999743,0.0134874844962734
256766.66666641,0
256783.333333077,0
256799.999999743,0
256816.66666641,0
256833.333333076,0
256849.999999743,0.0220419896494066
256866.66666641,0
256883.333333076,0
256899.999999743,0
256916.66666641,0
256933.333333076,0
256949.999999743,0.0310406422111818
256966.66666641,0
256983.333333076,0
256999.999999743,0
257016.66666641,0
257033.333333076,0
257049.999999743,0.0124416140929764
257066.66666641,0
257083.333333076,0
257099.999999743,0
257116.66666641,0
257133.333333076,0
257149.999999743,0.00458716828408124
257166.666666409,0
257183.333333076,0
257199.999999743,0
257216.666666409,0
257233.333333076,0
257249.999999743,0.0458961994050421
257266.666666409,0
257283.333333076,0
257299.999999743,0
257316.666666409,0
257333.333333076,0
257349.999999743,0.0387393238118024
257366.666666409,0
257383.333333076,0
257399.999999743,0
257416.666666409,0
257433.333333076,0
257449.999999743,0.0494881192549149
257466.666666409,0
257483.333333076,0
257499.999999742,0
257516.666666409,0
257533.333333076,0
257549.999999742,0.0339478827332847
257566.666666409,0
257583.333333076,0
257599.999999742,0
257616.666666409,0
257633.333333076,0
257649.999999742,0.0154360173221152
257666.666666409,0
257683.333333076,0
257699.999999742,0
257716.666666409,0
257733.333333076,0
257749.999999742,0.00810647878843589
257766.666666409,0
257783.333333076,0
257799.999999742,0
257816.666666409,0
257833.333333075,0
257849.999999742,0.0270945411339496
257866.666666409,0
257883.333333075,0
257899.999999742,0
257916.666666409,0
257933.333333075,0
257949.999999742,0.0244695591453208
257966.666666409,0
257983.333333075,0
257999.999999742,0
258016.666666409,0
258033.333333075,0
258049.999999742,0.022959957586585
258066.666666409,0
258083.333333075,0
258099.999999742,0
258116.666666409,0
258133.333333075,0
258149.999999742,0.0504239612260808
258166.666666408,0
258183.333333075,0
258199.999999742,0
258216.666666408,0
258233.333333075,0
258249.999999742,0.0207715966752737
258266.666666408,0
258283.333333075,0
258299.999999742,0
258316.666666408,0
258333.333333075,0
258349.999999742,0.0097233986283271
258366.666666408,0
258383.333333075,0
258399.999999742,0
258416.666666408,0
258433.333333075,0
258449.999999742,0.00260300343924083
258466.666666408,0
258483.333333075,0
258499.999999741,0
258516.666666408,0
258533.333333075,0
258549.999999741,0.00359459994900418
258566.666666408,0
258583.333333075,0
258599.999999741,0
258616.666666408,0
258633.333333075,0
258649.999999741,0.0109582400502426
258666.666666408,0
258683.333333075,0
258699.999999741,0
258716.666666408,0
258733.333333075,0
258749.999999741,0.0498062646137989
258766.666666408,0
258783.333333074,0
258799.999999741,0
258816.666666408,0
258833.333333074,0
258849.999999741,0.00247823626759513
258866.666666408,0
258883.333333074,0
258899.999999741,0
258916.666666408,0
258933.333333074,0
258949.999999741,0.0200479921268096
258966.666666408,0
258983.333333074,0
258999.999999741,0
259016.666666408,0
259033.333333074,0
259049.999999741,0.0250736572783066
259066.666666408,0
259083.333333074,0
259099.999999741,0
259116.666666408,0
259133.333333074,0
259149.999999741,0.0130060010158015
259166.666666407,0
259183.333333074,0
259199.999999741,0
259216.666666407,0
259233.333333074,0
259249.999999741,0.0160523824812073
259266.666666407,0
259283.333333074,0
259299.999999741,0
259316.666666407,0
259333.333333074,0
259349.999999741,0.0687839097553964
259366.666666407,0
259383.333333074,0
259399.999999741,0
259416.666666407,0
259433.333333074,0
259449.999999741,0.044562986185509
259466.666666407,0
259483.333333074,0
259499.99999974,0
259516.666666407,0
259533.333333074,0
259549.99999974,0.015157825063837
259566.666666407,0
259583.333333074,0
259599.99999974,0
259616.666666407,0
259633.333333074,0
259649.99999974,0.00771385848532885
259666.666666407,0
259683.333333074,0
259699.99999974,0
259716.666666407,0
259733.333333074,0
259749.99999974,0.0355201083188698
259766.666666407,0
259783.333333074,0
259799.99999974,0
259816.666666407,0
259833.333333073,0
259849.99999974,0.00265630579765359
259866.666666407,0
259883.333333073,0
259899.99999974,0
259916.666666407,0
259933.333333073,0
259949.99999974,0.0187070290527825
259966.666666407,0
259983.333333073,0
259999.99999974,0
260016.666666407,0
260033.333333073,0
260049.99999974,0.00412847384339542
260066.666666407,0
260083.333333073,0
260099.99999974,0
260116.666666406,0
260133.333333073,0
260149.99999974,0.0386455271903586
260166.666666406,0
260183.333333073,0
260199.99999974,0
260216.666666406,0
260233.333333073,0
260249.99999974,0.00484635473255557
260266.666666406,0
260283.333333073,0
260299.99999974,0
260316.666666406,0
260333.333333073,0
260349.99999974,0.00955966185946254
260366.666666406,0
260383.333333073,0
260399.99999974,0
260416.666666406,0
260433.333333073,0
260449.99999974,0.0192403578068244
260466.666666406,0
260483.333333073,0
260499.999999739,0
260516.666666406,0
260533.333333073,0
260549.999999739,0.0445353834604666
260566.666666406,0
260583.333333073,0
260599.999999739,0
260616.666666406,0
260633.333333073,0
260649.999999739,0.0518968946985439
260666.666666406,0
260683.333333073,0
260699.999999739,0
260716.666666406,0
260733.333333073,0
260749.999999739,0.0531366113973518
260766.666666406,0
260783.333333073,0
260799.999999739,0
260816.666666406,0
260833.333333072,0
260849.999999739,0.0262723048541835
260866.666666406,0
260883.333333072,0
260899.999999739,0
260916.666666406,0
260933.333333072,0
260949.999999739,0.0025986044524362
260966.666666406,0
260983.333333072,0
260999.999999739,0
261016.666666406,0
261033.333333072,0
261049.999999739,0.00379196366811012
261066.666666406,0
261083.333333072,0
261099.999999739,0
261116.666666406,0
261133.333333072,0
261149.999999739,0.047735171487227
261166.666666405,0
261183.333333072,0
261199.999999739,0
261216.666666405,0
261233.333333072,0
261249.999999739,0.00923498733936805
261266.666666405,0
261283.333333072,0
261299.999999739,0
261316.666666405,0
261333.333333072,0
261349.999999739,0.0282378535114196
261366.666666405,0
261383.333333072,0
261399.999999739,0
261416.666666405,0
261433.333333072,0
261449.999999739,0.00149935160742111
261466.666666405,0
261483.333333072,0
261499.999999738,0
261516.666666405,0
261533.333333072,0
261549.999999738,0.00540928342744032
261566.666666405,0
261583.333333072,0
261599.999999738,0
261616.666666405,0
261633.333333072,0
261649.999999738,0.0187587620860874
261666.666666405,0
261683.333333072,0
261699.999999738,0
261716.666666405,0
261733.333333072,0
261749.999999738,0.0191714123429144
261766.666666405,0
261783.333333072,0
261799.999999738,0
261816.666666405,0
261833.333333071,0
261849.999999738,0.0061742700918178
261866.666666405,0
261883.333333071,0
261899.999999738,0
261916.666666405,0
261933.333333071,0
261949.999999738,0.0442171827660911
261966.666666405,0
261983.333333071,0
261999.999999738,0
262016.666666405,0
262033.333333071,0
262049.999999738,0.00890348030563781
262066.666666405,0
262083.333333071,0
262099.999999738,0
262116.666666404,0
262133.333333071,0
262149.999999738,0.0212700723739437
262166.666666404,0
262183.333333071,0
262199.999999738,0
262216.666666404,0
262233.333333071,0
262249.999999738,0.036826487651978
262266.666666404,0
262283.333333071,0
262299.999999738,0
262316.666666404,0
262333.333333071,0
262349.999999738,0.00408214370382372
262366.666666404,0
262383.333333071,0
262399.999999738,0
262416.666666404,0
262433.333333071,0
262449.999999738,0.0179245131794359
262466.666666404,0
262483.333333071,0
262499.999999737,0
262516.666666404,0
262533.333333071,0
262549.999999737,0.0544717219661639
262566.666666404,0
262583.333333071,0
262599.999999737,0
262616.666666404,0
262633.333333071,0
262649.999999737,0.0551121446242058
262666.666666404,0
262683.333333071,0
262699.999999737,0
262716.666666404,0
262733.333333071,0
262749.999999737,0.0135190755484328
262766.666666404,0
262783.333333071,0
262799.999999737,0
262816.666666404,0
262833.33333307,0
262849.999999737,0.0337241015118056
262866.666666404,0
262883.33333307,0
262899.999999737,0
262916.666666404,0
262933.33333307,0
262949.999999737,0.0108041638146851
262966.666666404,0
262983.33333307,0
262999.999999737,0
263016.666666404,0
263033.33333307,0
263049.999999737,0.00357326531106022
263066.666666404,0
263083.33333307,0
263099.999999737,0
263116.666666404,0
263133.33333307,0
263149.999999737,0.0238790156848544
263166.666666403,0
263183.33333307,0
263199.999999737,0
263216.666666403,0
263233.33333307,0
263249.999999737,0.0198981095767337
263266.666666403,0
263283.33333307,0
263299.999999737,0
263316.666666403,0
263333.33333307,0
263349.999999737,0.0351038146554481
263366.666666403,0
263383.33333307,0
263399.999999737,0
263416.666666403,0
263433.33333307,0
263449.999999737,0.0299876454066142
263466.666666403,0
263483.33333307,0
263499.999999736,0
263516.666666403,0
263533.33333307,0
263549.999999736,0.0312579617727712
263566.666666403,0
263583.33333307,0
263599.999999736,0
263616.666666403,0
263633.33333307,0
263649.999999736,0.010680143088573
263666.666666403,0
263683.33333307,0
263699.999999736,0
263716.666666403,0
263733.33333307,0
263749.999999736,0.0702132154164314
263766.666666403,0
263783.33333307,0
263799.999999736,0
263816.666666403,0
263833.333333069,0
263849.999999736,0.0334986468159616
263866.666666403,0
263883.333333069,0
263899.999999736,0
263916.666666403,0
263933.333333069,0
263949.999999736,0.0307786562732312
263966.666666403,0
263983.333333069,0
263999.999999736,0
264016.666666403,0
264033.333333069,0
264049.999999736,0.0136538183307212
264066.666666403,0
264083.333333069,0
264099.999999736,0
264116.666666403,0
264133.333333069,0
264149.999999736,0.0222043937907416
264166.666666402,0
264183.333333069,0
264199.999999736,0
264216.666666402,0
264233.333333069,0
264249.999999736,0.00736064503749216
264266.666666402,0
264283.333333069,0
264299.999999736,0
264316.666666402,0
264333.333333069,0
264349.999999736,0.0420966442797064
264366.666666402,0
264383.333333069,0
264399.999999736,0
264416.666666402,0
264433.333333069,0
264449.999999736,0.0166922487342296
264466.666666402,0
264483.333333069,0
264499.999999736,0
264516.666666402,0
264533.333333069,0
264549.999999735,0.0280442438072948
264566.666666402,0
264583.333333069,0
264599.999999735,0
264616.666666402,0
264633.333333069,0
264649.999999735,0.0172778875406412
264666.666666402,0
264683.333333069,0
264699.999999735,0
264716.666666402,0
264733.333333069,0
264749.999999735,0.0020820695963254
264766.666666402,0
264783.333333069,0
264799.999999735,0
264816.666666402,0
264833.333333068,0
264849.999999735,0.0370704380702112
264866.666666402,0
264883.333333068,0
264899.999999735,0
264916.666666402,0
264933.333333068,0
264949.999999735,0.00291094772597311
264966.666666402,0
264983.333333068,0
264999.999999735,0
265016.666666402,0
265033.333333068,0
265049.999999735,0.0111518051983326
265066.666666402,0
265083.333333068,0
265099.999999735,0
265116.666666401,0
265133.333333068,0
265149.999999735,0.0616044254510868
265166.666666401,0
265183.333333068,0
265199.999999735,0
265216.666666401,0
265233.333333068,0
265249.999999735,0.00297213537730951
265266.666666401,0
265283.333333068,0
265299.999999735,0
265316.666666401,0
265333.333333068,0
265349.999999735,0.0154317526704859
265366.666666401,0
265383.333333068,0
265399.999999735,0
265416.666666401,0
265433.333333068,0
265449.999999735,0.0312867673523735
265466.666666401,0
265483.333333068,0
265499.999999734,0
265516.666666401,0
265533.333333068,0
265549.999999734,0.000532340675868251
265566.666666401,0
265583.333333068,0
265599.999999734,0
265616.666666401,0
265633.333333068,0
265649.999999734,0.0129689900698586
265666.666666401,0
265683.333333068,0
265699.999999734,0
265716.666666401,0
265733.333333068,0
265749.999999734,0.018700139242086
265766.666666401,0
265783.333333068,0
265799.999999734,0
265816.666666401,0
265833.333333067,0
265849.999999734,0.0734246450846858
265866.666666401,0
265883.333333067,0
265899.999999734,0
265916.666666401,0
265933.333333067,0
265949.999999734,0.0405349421207836
265966.666666401,0
265983.333333067,0
265999.999999734,0
266016.666666401,0
266033.333333067,0
266049.999999734,0.0294690547528051
266066.666666401,0
266083.333333067,0
266099.999999734,0
266116.666666401,0
266133.333333067,0
266149.999999734,0.0182010632132569
266166.6666664,0
266183.333333067,0
266199.999999734,0
266216.6666664,0
266233.333333067,0
266249.999999734,0.0441566602141971
266266.6666664,0
266283.333333067,0
266299.999999734,0
266316.6666664,0
266333.333333067,0
266349.999999734,0.00662600537633746
266366.6666664,0
266383.333333067,0
266399.999999734,0
266416.6666664,0
266433.333333067,0
266449.999999734,0.0138281226424251
266466.6666664,0
266483.333333067,0
266499.999999733,0
266516.6666664,0
266533.333333067,0
266549.999999733,0.0517799425784692
266566.6666664,0
266583.333333067,0
266599.999999733,0
266616.6666664,0
266633.333333067,0
266649.999999733,0.0518985269595346
266666.6666664,0
266683.333333067,0
266699.999999733,0
266716.6666664,0
266733.333333067,0
266749.999999733,0.0122042263252517
266766.6666664,0
266783.333333067,0
266799.999999733,0
266816.6666664,0
266833.333333066,0
266849.999999733,0.00774928788531845
266866.6666664,0
266883.333333066,0
266899.999999733,0
266916.6666664,0
266933.333333066,0
266949.999999733,0.0469453103746946
266966.6666664,0
266983.333333066,0
266999.999999733,0
267016.6666664,0
267033.333333066,0
267049.999999733,0.030594914679686
267066.6666664,0
267083.333333066,0
267099.999999733,0
267116.6666664,0
267133.333333066,0
267149.999999733,0.0450677430590408
267166.666666399,0
267183.333333066,0
267199.999999733,0
267216.666666399,0
267233.333333066,0
267249.999999733,0.0230984495074744
267266.666666399,0
267283.333333066,0
267299.999999733,0
267316.666666399,0
267333.333333066,0
267349.999999733,0.0189020435943795
267366.666666399,0
267383.333333066,0
267399.999999733,0
267416.666666399,0
267433.333333066,0
267449.999999733,0.00307327598969175
267466.666666399,0
267483.333333066,0
267499.999999732,0
267516.666666399,0
267533.333333066,0
267549.999999732,0.0539095952680411
267566.666666399,0
267583.333333066,0
267599.999999732,0
267616.666666399,0
267633.333333066,0
267649.999999732,0.0326575120235262
267666.666666399,0
267683.333333066,0
267699.999999732,0
267716.666666399,0
267733.333333066,0
267749.999999732,0.00443694285335842
267766.666666399,0
267783.333333066,0
267799.999999732,0
267816.666666399,0
267833.333333066,0
267849.999999732,0.0366317792657377
267866.666666399,0
267883.333333065,0
267899.999999732,0
267916.666666399,0
267933.333333065,0
267949.999999732,0.0356995427765309
267966.666666399,0
267983.333333065,0
267999.999999732,0
268016.666666399,0
268033.333333065,0
268049.999999732,0.0464109437257771
268066.666666399,0
268083.333333065,0
268099.999999732,0
268116.666666399,0
268133.333333065,0
268149.999999732,0.0162968713614678
268166.666666398,0
268183.333333065,0
268199.999999732,0
268216.666666398,0
268233.333333065,0
268249.999999732,0.0119288850407399
268266.666666398,0
268283.333333065,0
268299.999999732,0
268316.666666398,0
268333.333333065,0
268349.999999732,0.0559768969855276
268366.666666398,0
268383.333333065,0
268399.999999732,0
268416.666666398,0
268433.333333065,0
268449.999999731,0.0211530996514357
268466.666666398,0
268483.333333065,0
268499.999999731,0
268516.666666398,0
268533.333333065,0
268549.999999731,0.0354829519218839
268566.666666398,0
268583.333333065,0
268599.999999731,0
268616.666666398,0
268633.333333065,0
268649.999999731,0.0298414208375225
268666.666666398,0
268683.333333065,0
268699.999999731,0
268716.666666398,0
268733.333333065,0
268749.999999731,0.0483295320669698
268766.666666398,0
268783.333333065,0
268799.999999731,0
268816.666666398,0
268833.333333064,0
268849.999999731,0.0238863301712237
268866.666666398,0
268883.333333064,0
268899.999999731,0
268916.666666398,0
268933.333333064,0
268949.999999731,0.0359918579606587
268966.666666398,0
268983.333333064,0
268999.999999731,0
269016.666666398,0
269033.333333064,0
269049.999999731,0.0605680139410242
269066.666666398,0
269083.333333064,0
269099.999999731,0
269116.666666398,0
269133.333333064,0
269149.999999731,0.0142130695212954
269166.666666397,0
269183.333333064,0
269199.999999731,0
269216.666666397,0
269233.333333064,0
269249.999999731,0.0520458738723642
269266.666666397,0
269283.333333064,0
269299.999999731,0
269316.666666397,0
269333.333333064,0
269349.999999731,0.00980754005817362
269366.666666397,0
269383.333333064,0
269399.999999731,0
269416.666666397,0
269433.333333064,0
269449.99999973,0.0780318242442665
269466.666666397,0
269483.333333064,0
269499.99999973,0
269516.666666397,0
269533.333333064,0
269549.99999973,0.0140333847207966
269566.666666397,0
269583.333333064,0
269599.99999973,0
269616.666666397,0
269633.333333064,0
269649.99999973,0.00521216196177142
269666.666666397,0
269683.333333064,0
269699.99999973,0
269716.666666397,0
269733.333333064,0
269749.99999973,0.00986056934573398
269766.666666397,0
269783.333333064,0
269799.99999973,0
269816.666666397,0
269833.333333063,0
269849.99999973,0.0685925017248121
269866.666666397,0
269883.333333063,0
269899.99999973,0
269916.666666397,0
269933.333333063,0
269949.99999973,0.0525176850312534
269966.666666397,0
269983.333333063,0
269999.99999973,0
270016.666666397,0
270033.333333063,0
270049.99999973,0.0163183906148133
270066.666666397,0
270083.333333063,0
270099.99999973,0
270116.666666397,0
270133.333333063,0
270149.99999973,0.0765577626640292
270166.666666396,0
270183.333333063,0
270199.99999973,0
270216.666666396,0
270233.333333063,0
270249.99999973,0.0119949504658723
270266.666666396,0
270283.333333063,0
270299.99999973,0
270316.666666396,0
270333.333333063,0
270349.99999973,0.0226821645132031
270366.666666396,0
270383.333333063,0
270399.99999973,0
270416.666666396,0
270433.333333063,0
270449.99999973,0.0350598728862496
270466.666666396,0
270483.333333063,0
270499.999999729,0
270516.666666396,0
270533.333333063,0
270549.999999729,0.0457977112096686
270566.666666396,0
270583.333333063,0
270599.999999729,0
270616.666666396,0
270633.333333063,0
270649.999999729,0.0138904631597901
270666.666666396,0
270683.333333063,0
270699.999999729,0
270716.666666396,0
270733.333333063,0
270749.999999729,0.00814928193052433
270766.666666396,0
270783.333333063,0
270799.999999729,0
270816.666666396,0
270833.333333062,0
270849.999999729,0.0513139090311019
270866.666666396,0
270883.333333062,0
270899.999999729,0
270916.666666396,0
270933.333333062,0
270949.999999729,0.0216032564003497
270966.666666396,0
270983.333333062,0
270999.999999729,0
271016.666666396,0
271033.333333062,0
271049.999999729,0.0344246660572658
271066.666666396,0
271083.333333062,0
271099.999999729,0
271116.666666395,0
271133.333333062,0
271149.999999729,0.0300464292988816
271166.666666395,0
271183.333333062,0
271199.999999729,0
271216.666666395,0
271233.333333062,0
271249.999999729,0.0995537849997649
271266.666666395,0
271283.333333062,0
271299.999999729,0
271316.666666395,0
271333.333333062,0
271349.999999729,0.0131974286900732
271366.666666395,0
271383.333333062,0
271399.999999729,0
271416.666666395,0
271433.333333062,0
271449.999999729,0.0304605795910021
271466.666666395,0
271483.333333062,0
271499.999999728,0
271516.666666395,0
271533.333333062,0
271549.999999728,0.0872350171466659
271566.666666395,0
271583.333333062,0
271599.999999728,0
271616.666666395,0
271633.333333062,0
271649.999999728,0.0532071141611518
271666.666666395,0
271683.333333062,0
271699.999999728,0
271716.666666395,0
271733.333333062,0
271749.999999728,0.00929590451021733
271766.666666395,0
271783.333333061,0
271799.999999728,0
271816.666666395,0
271833.333333061,0
271849.999999728,0.0235601866839941
271866.666666395,0
271883.333333061,0
271899.999999728,0
271916.666666395,0
271933.333333061,0
271949.999999728,0.0197478346444674
271966.666666395,0
271983.333333061,0
271999.999999728,0
272016.666666395,0
272033.333333061,0
272049.999999728,0.0238877586495697
272066.666666395,0
272083.333333061,0
272099.999999728,0
272116.666666395,0
272133.333333061,0
272149.999999728,0.0141098732257948
272166.666666394,0
272183.333333061,0
272199.999999728,0
272216.666666394,0
272233.333333061,0
272249.999999728,0.0607057606201589
272266.666666394,0
272283.333333061,0
272299.999999728,0
272316.666666394,0
272333.333333061,0
272349.999999728,0.0298585772683814
272366.666666394,0
272383.333333061,0
272399.999999728,0
272416.666666394,0
272433.333333061,0
272449.999999728,0.0845165442046485
272466.666666394,0
272483.333333061,0
272499.999999727,0
272516.666666394,0
272533.333333061,0
272549.999999727,0.0159402243574992
272566.666666394,0
272583.333333061,0
272599.999999727,0
272616.666666394,0
272633.333333061,0
272649.999999727,0.092531275863865
272666.666666394,0
272683.333333061,0
272699.999999727,0
272716.666666394,0
272733.333333061,0
272749.999999727,0.125734690641242
272766.666666394,0
272783.33333306,0
272799.999999727,0
272816.666666394,0
272833.33333306,0
272849.999999727,0.0177345158450497
272866.666666394,0
272883.33333306,0
272899.999999727,0
272916.666666394,0
272933.33333306,0
272949.999999727,0.0492274007256138
272966.666666394,0
272983.33333306,0
272999.999999727,0
273016.666666394,0
273033.33333306,0
273049.999999727,0.0786908405347921
273066.666666394,0
273083.33333306,0
273099.999999727,0
273116.666666394,0
273133.33333306,0
273149.999999727,0.0251348909174893
273166.666666393,0
273183.33333306,0
273199.999999727,0
273216.666666393,0
273233.33333306,0
273249.999999727,0.0394360933547051
273266.666666393,0
273283.33333306,0
273299.999999727,0
273316.666666393,0
273333.33333306,0
273349.999999727,0.0763781246445069
273366.666666393,0
273383.33333306,0
273399.999999727,0
273416.666666393,0
273433.33333306,0
273449.999999727,0.0196595767916417
273466.666666393,0
273483.33333306,0
273499.999999726,0
273516.666666393,0
273533.33333306,0
273549.999999726,0.0419328878804897
273566.666666393,0
273583.33333306,0
273599.999999726,0
273616.666666393,0
273633.33333306,0
273649.999999726,0.0243013730575078
273666.666666393,0
273683.33333306,0
273699.999999726,0
273716.666666393,0
273733.33333306,0
273749.999999726,0.00727495716703185
273766.666666393,0
273783.33333306,0
273799.999999726,0
273816.666666393,0
273833.333333059,0
273849.999999726,0.0315028227976955
273866.666666393,0
273883.333333059,0
273899.999999726,0
273916.666666393,0
273933.333333059,0
273949.999999726,0.0399883762626781
273966.666666393,0
273983.333333059,0
273999.999999726,0
274016.666666393,0
274033.333333059,0
274049.999999726,0.0515828536724979
274066.666666393,0
274083.333333059,0
274099.999999726,0
274116.666666393,0
274133.333333059,0
274149.999999726,0.0309004917068835
274166.666666392,0
274183.333333059,0
274199.999999726,0
274216.666666392,0
274233.333333059,0
274249.999999726,0.0511958159883603
274266.666666392,0
274283.333333059,0
274299.999999726,0
274316.666666392,0
274333.333333059,0
274349.999999726,0.0878776212751067
274366.666666392,0
274383.333333059,0
274399.999999726,0
274416.666666392,0
274433.333333059,0
274449.999999725,0.211291804295551
274466.666666392,0
274483.333333059,0
274499.999999725,0
274516.666666392,0
274533.333333059,0
274549.999999725,0.0120568936435568
274566.666666392,0
274583.333333059,0
274599.999999725,0
274616.666666392,0
274633.333333059,0
274649.999999725,0.022214728094148
274666.666666392,0
274683.333333059,0
274699.999999725,0
274716.666666392,0
274733.333333059,0
274749.999999725,0.0103407560272306
274766.666666392,0
274783.333333059,0
274799.999999725,0
274816.666666392,0
274833.333333058,0
274849.999999725,0.0793086547209856
274866.666666392,0
274883.333333058,0
274899.999999725,0
274916.666666392,0
274933.333333058,0
274949.999999725,0.0743144030166039
274966.666666392,0
274983.333333058,0
274999.999999725,0
275016.666666392,0
275033.333333058,0
275049.999999725,0.0185172883358594
275066.666666392,0
275083.333333058,0
275099.999999725,0
275116.666666392,0
275133.333333058,0
275149.999999725,0.0988013462323404
275166.666666391,0
275183.333333058,0
275199.999999725,0
275216.666666391,0
275233.333333058,0
275249.999999725,0.0353503434174859
275266.666666391,0
275283.333333058,0
275299.999999725,0
275316.666666391,0
275333.333333058,0
275349.999999725,0.00131335812683349
275366.666666391,0
275383.333333058,0
275399.999999725,0
275416.666666391,0
275433.333333058,0
275449.999999725,0.113859589385281
275466.666666391,0
275483.333333058,0
275499.999999724,0
275516.666666391,0
275533.333333058,0
275549.999999724,0.0532944752484386
275566.666666391,0
275583.333333058,0
275599.999999724,0
275616.666666391,0
275633.333333058,0
275649.999999724,0.0526299826145332
275666.666666391,0
275683.333333058,0
275699.999999724,0
275716.666666391,0
275733.333333058,0
275749.999999724,0.0891190907911686
275766.666666391,0
275783.333333058,0
275799.999999724,0
275816.666666391,0
275833.333333057,0
275849.999999724,0.17504388741445
275866.666666391,0
275883.333333057,0
275899.999999724,0
275916.666666391,0
275933.333333057,0
275949.999999724,0.198156393788411
275966.666666391,0
275983.333333057,0
275999.999999724,0
276016.666666391,0
276033.333333057,0
276049.999999724,0.0489652594589801
276066.666666391,0
276083.333333057,0
276099.999999724,0
276116.66666639,0
276133.333333057,0
276149.999999724,0.0143400765901451
276166.66666639,0
276183.333333057,0
276199.999999724,0
276216.66666639,0
276233.333333057,0
276249.999999724,0.0962468936624733
276266.66666639,0
276283.333333057,0
276299.999999724,0
276316.66666639,0
276333.333333057,0
276349.999999724,0.0295228462138225
276366.66666639,0
276383.333333057,0
276399.999999724,0
276416.66666639,0
276433.333333057,0
276449.999999724,0.143076045051885
276466.66666639,0
276483.333333057,0
276499.999999723,0
276516.66666639,0
276533.333333057,0
276549.999999723,0.201530361245935
276566.66666639,0
276583.333333057,0
276599.999999723,0
276616.66666639,0
276633.333333057,0
276649.999999723,0.020384780035001
276666.66666639,0
276683.333333057,0
276699.999999723,0
276716.66666639,0
276733.333333057,0
276749.999999723,0.115965362760082
276766.66666639,0
276783.333333057,0
276799.999999723,0
276816.66666639,0
276833.333333056,0
276849.999999723,0.044104270214454
276866.66666639,0
276883.333333056,0
276899.999999723,0
276916.66666639,0
276933.333333056,0
276949.999999723,0.110394455196015
276966.66666639,0
276983.333333056,0
276999.999999723,0
277016.66666639,0
277033.333333056,0
277049.999999723,0.0661173251066434
277066.66666639,0
277083.333333056,0
277099.999999723,0
277116.66666639,0
277133.333333056,0
277149.999999723,0.0882497199346212
277166.666666389,0
277183.333333056,0
277199.999999723,0
277216.666666389,0
277233.333333056,0
277249.999999723,0.0438760532065035
277266.666666389,0
277283.333333056,0
277299.999999723,0
277316.666666389,0
277333.333333056,0
277349.999999723,0.0172475850312998
277366.666666389,0
277383.333333056,0
277399.999999723,0
277416.666666389,0
277433.333333056,0
277449.999999723,0.190576760248531
277466.666666389,0
277483.333333056,0
277499.999999722,0
277516.666666389,0
277533.333333056,0
277549.999999722,0.00932068123736696
277566.666666389,0
277583.333333056,0
277599.999999722,0
277616.666666389,0
277633.333333056,0
277649.999999722,0.386672342630595
277666.666666389,0
277683.333333056,0
277699.999999722,0
277716.666666389,0
277733.333333056,0
277749.999999722,0.304402431543316
277766.666666389,0
277783.333333056,0
277799.999999722,0
277816.666666389,0
277833.333333055,0
277849.999999722,0.14038992917135
277866.666666389,0
277883.333333055,0
277899.999999722,0
277916.666666389,0
277933.333333055,0
277949.999999722,0.0362044323915528
277966.666666389,0
277983.333333055,0
277999.999999722,0
278016.666666389,0
278033.333333055,0
278049.999999722,0.216656162024368
278066.666666389,0
278083.333333055,0
278099.999999722,0
278116.666666389,0
278133.333333055,0
278149.999999722,0.0793995344627381
278166.666666388,0
278183.333333055,0
278199.999999722,0
278216.666666388,0
278233.333333055,0
278249.999999722,0.125964017399023
278266.666666388,0
278283.333333055,0
278299.999999722,0
278316.666666388,0
278333.333333055,0
278349.999999722,0.236900708672539
278366.666666388,0
278383.333333055,0
278399.999999722,0
278416.666666388,0
278433.333333055,0
278449.999999722,0.412935447544959
278466.666666388,0
278483.333333055,0
278499.999999721,0
278516.666666388,0
278533.333333055,0
278549.999999721,0.1830207354172
278566.666666388,0
278583.333333055,0
278599.999999721,0
278616.666666388,0
278633.333333055,0
278649.999999721,0.0219600989317588
278666.666666388,0
278683.333333055,0
278699.999999721,0
278716.666666388,0
278733.333333055,0
278749.999999721,0.011599237883304
278766.666666388,0
278783.333333054,0
278799.999999721,0
278816.666666388,0
278833.333333054,0
278849.999999721,0.137354868412421
278866.666666388,0
278883.333333054,0
278899.999999721,0
278916.666666388,0
278933.333333054,0
278949.999999721,0.128482741236076
278966.666666388,0
278983.333333054,0
278999.999999721,0
279016.666666388,0
279033.333333054,0
279049.999999721,0.667010443183349
279066.666666388,0
279083.333333054,0
279099.999999721,0
279116.666666388,0
279133.333333054,0
279149.999999721,1.27328304411927
279166.666666387,0
279183.333333054,0
279199.999999721,0
279216.666666387,0
279233.333333054,0
279249.999999721,0.47808229274553
279266.666666387,0
279283.333333054,0
279299.999999721,0
279316.666666387,0
279333.333333054,0
279349.999999721,0.185757269239723
279366.666666387,0
279383.333333054,0
279399.999999721,0
279416.666666387,0
279433.333333054,0
279449.99999972,0.959720926270948
279466.666666387,0
279483.333333054,0
279499.99999972,0
279516.666666387,0
279533.333333054,0
279549.99999972,1.1191649507392
279566.666666387,0
279583.333333054,0
279599.99999972,0
279616.666666387,0
279633.333333054,0
279649.99999972,0.564256466983139
279666.666666387,0
279683.333333054,0
279699.99999972,0
279716.666666387,0
279733.333333054,0
279749.99999972,0.0390445916578352
279766.666666387,0
279783.333333054,0
279799.99999972,0
279816.666666387,0
279833.333333053,0
279849.99999972,0.358483709562145
279866.666666387,0
279883.333333053,0
279899.99999972,0
279916.666666387,0
279933.333333053,0
279949.99999972,0.530926847866235
279966.666666387,0
279983.333333053,0
279999.99999972,0
280016.666666387,0
280033.333333053,0
280049.99999972,0.528714522244372
280066.666666387,0
280083.333333053,0
280099.99999972,0
280116.666666387,0
280133.333333053,0
280149.99999972,0.369804853556744
280166.666666386,0
280183.333333053,0
280199.99999972,0
280216.666666386,0
280233.333333053,0
280249.99999972,0.0650820229474218
280266.666666386,0
280283.333333053,0
280299.99999972,0
280316.666666386,0
280333.333333053,0
280349.99999972,0.569715957433705
280366.666666386,0
280383.333333053,0
280399.99999972,0
280416.666666386,0
280433.333333053,0
280449.999999719,1.15897030905347
280466.666666386,0
280483.333333053,0
280499.999999719,0
280516.666666386,0
280533.333333053,0
280549.999999719,0.953830181774026
280566.666666386,0
280583.333333053,0
280599.999999719,0
280616.666666386,0
280633.333333053,0
280649.999999719,0.237106899291578
280666.666666386,0
280683.333333053,0
280699.999999719,0
280716.666666386,0
280733.333333053,0
280749.999999719,0.450372052676522
280766.666666386,0
280783.333333053,0
280799.999999719,0
280816.666666386,0
280833.333333052,0
280849.999999719,1.28100852843721
280866.666666386,0
280883.333333052,0
280899.999999719,0
280916.666666386,0
280933.333333052,0
280949.999999719,0.682787564338606
280966.666666386,0
280983.333333052,0
280999.999999719,0
281016.666666386,0
281033.333333052,0
281049.999999719,0.134442575046552
281066.666666386,0
281083.333333052,0
281099.999999719,0
281116.666666386,0
281133.333333052,0
281149.999999719,0.154489853382828
281166.666666385,0
281183.333333052,0
281199.999999719,0
281216.666666385,0
281233.333333052,0
281249.999999719,0.0300513546536491
281266.666666385,0
281283.333333052,0
281299.999999719,0
281316.666666385,0
281333.333333052,0
281349.999999719,0.0429692014372769
281366.666666385,0
281383.333333052,0
281399.999999719,0
281416.666666385,0
281433.333333052,0
281449.999999719,0.185730479204575
281466.666666385,0
281483.333333052,0
281499.999999718,0
281516.666666385,0
281533.333333052,0
281549.999999718,0.434211580355036
281566.666666385,0
281583.333333052,0
281599.999999718,0
281616.666666385,0
281633.333333052,0
281649.999999718,0.251166817083248
281666.666666385,0
281683.333333052,0
281699.999999718,0
281716.666666385,0
281733.333333052,0
281749.999999718,0.140420782173416
281766.666666385,0
281783.333333052,0
281799.999999718,0
281816.666666385,0
281833.333333051,0
281849.999999718,0.120198809086225
281866.666666385,0
281883.333333051,0
281899.999999718,0
281916.666666385,0
281933.333333051,0
281949.999999718,0.223124143654385
281966.666666385,0
281983.333333051,0
281999.999999718,0
282016.666666385,0
282033.333333051,0
282049.999999718,0.00396635181832198
282066.666666385,0
282083.333333051,0
282099.999999718,0
282116.666666384,0
282133.333333051,0
282149.999999718,0.168417001363458
282166.666666384,0
282183.333333051,0
282199.999999718,0
282216.666666384,0
282233.333333051,0
282249.999999718,0.321393973885666
282266.666666384,0
282283.333333051,0
282299.999999718,0
282316.666666384,0
282333.333333051,0
282349.999999718,0.373919803416022
282366.666666384,0
282383.333333051,0
282399.999999718,0
282416.666666384,0
282433.333333051,0
282449.999999718,0.0259588397057666
282466.666666384,0
282483.333333051,0
282499.999999717,0
282516.666666384,0
282533.333333051,0
282549.999999717,0.179337897933607
282566.666666384,0
282583.333333051,0
282599.999999717,0
282616.666666384,0
282633.333333051,0
282649.999999717,0.00589211647566605
282666.666666384,0
282683.333333051,0
282699.999999717,0
282716.666666384,0
282733.333333051,0
282749.999999717,0.0430218933310643
282766.666666384,0
282783.33333305,0
282799.999999717,0
282816.666666384,0
282833.33333305,0
282849.999999717,0.117110475088607
282866.666666384,0
282883.33333305,0
282899.999999717,0
282916.666666384,0
282933.33333305,0
282949.999999717,0.0549184039315438
282966.666666384,0
282983.33333305,0
282999.999999717,0
283016.666666384,0
283033.33333305,0
283049.999999717,0.147380091040242
283066.666666384,0
283083.33333305,0
283099.999999717,0
283116.666666384,0
283133.33333305,0
283149.999999717,0.0373152460664892
283166.666666383,0
283183.33333305,0
283199.999999717,0
283216.666666383,0
283233.33333305,0
283249.999999717,0.160475604832934
283266.666666383,0
283283.33333305,0
283299.999999717,0
283316.666666383,0
283333.33333305,0
283349.999999717,0.0221107039280144
283366.666666383,0
283383.33333305,0
283399.999999717,0
283416.666666383,0
283433.33333305,0
283449.999999717,0.226540002010601
283466.666666383,0
283483.33333305,0
283499.999999716,0
283516.666666383,0
283533.33333305,0
283549.999999716,0.142199855342837
283566.666666383,0
283583.33333305,0
283599.999999716,0
283616.666666383,0
283633.33333305,0
283649.999999716,0.0163550035966579
283666.666666383,0
283683.33333305,0
283699.999999716,0
283716.666666383,0
283733.33333305,0
283749.999999716,0.084440477835721
283766.666666383,0
283783.333333049,0
283799.999999716,0
283816.666666383,0
283833.333333049,0
283849.999999716,0.058563069629953
283866.666666383,0
283883.333333049,0
283899.999999716,0
283916.666666383,0
283933.333333049,0
283949.999999716,0.0228447163724593
283966.666666383,0
283983.333333049,0
283999.999999716,0
284016.666666383,0
284033.333333049,0
284049.999999716,0.208843699167568
284066.666666383,0
284083.333333049,0
284099.999999716,0
284116.666666383,0
284133.333333049,0
284149.999999716,0.17579110953111
284166.666666382,0
284183.333333049,0
284199.999999716,0
284216.666666382,0
284233.333333049,0
284249.999999716,0.0865903741667629
284266.666666382,0
284283.333333049,0
284299.999999716,0
284316.666666382,0
284333.333333049,0
284349.999999716,0.0612827806732878
284366.666666382,0
284383.333333049,0
284399.999999716,0
284416.666666382,0
284433.333333049,0
284449.999999716,0.0331862035650818
284466.666666382,0
284483.333333049,0
284499.999999715,0
284516.666666382,0
284533.333333049,0
284549.999999715,0.11943998934431
284566.666666382,0
284583.333333049,0
284599.999999715,0
284616.666666382,0
284633.333333049,0
284649.999999715,0.0106885139857254
284666.666666382,0
284683.333333049,0
284699.999999715,0
284716.666666382,0
284733.333333049,0
284749.999999715,0.0235008836878346
284766.666666382,0
284783.333333049,0
284799.999999715,0
284816.666666382,0
284833.333333048,0
284849.999999715,0.0997991775104139
284866.666666382,0
284883.333333048,0
284899.999999715,0
284916.666666382,0
284933.333333048,0
284949.999999715,0.00261362708774754
284966.666666382,0
284983.333333048,0
284999.999999715,0
285016.666666382,0
285033.333333048,0
285049.999999715,0.124905118570708
285066.666666382,0
285083.333333048,0
285099.999999715,0
285116.666666382,0
285133.333333048,0
285149.999999715,0.0779023639654435
285166.666666381,0
285183.333333048,0
285199.999999715,0
285216.666666381,0
285233.333333048,0
285249.999999715,0.0831838895374233
285266.666666381,0
285283.333333048,0
285299.999999715,0
285316.666666381,0
285333.333333048,0
285349.999999715,0.037139647363203
285366.666666381,0
285383.333333048,0
285399.999999715,0
285416.666666381,0
285433.333333048,0
285449.999999714,0.0420531282411022
285466.666666381,0
285483.333333048,0
285499.999999714,0
285516.666666381,0
285533.333333048,0
285549.999999714,0.223840398654029
285566.666666381,0
285583.333333048,0
285599.999999714,0
285616.666666381,0
285633.333333048,0
285649.999999714,0.1069286676644
285666.666666381,0
285683.333333048,0
285699.999999714,0
285716.666666381,0
285733.333333048,0
285749.999999714,0.031216782501516
285766.666666381,0
285783.333333048,0
285799.999999714,0
285816.666666381,0
285833.333333047,0
285849.999999714,0.0403614052831333
285866.666666381,0
285883.333333047,0
285899.999999714,0
285916.666666381,0
285933.333333047,0
285949.999999714,0.043404763089747
285966.666666381,0
285983.333333047,0
285999.999999714,0
286016.666666381,0
286033.333333047,0
286049.999999714,0.0345830300429452
286066.666666381,0
286083.333333047,0
286099.999999714,0
286116.66666638,0
286133.333333047,0
286149.999999714,0.0392199133323731
286166.66666638,0
286183.333333047,0
286199.999999714,0
286216.66666638,0
286233.333333047,0
286249.999999714,0.0010512361277752
286266.66666638,0
286283.333333047,0
286299.999999714,0
286316.66666638,0
286333.333333047,0
286349.999999714,0.033334464985523
286366.66666638,0
286383.333333047,0
286399.999999714,0
286416.66666638,0
286433.333333047,0
286449.999999714,0.00881031331447879
286466.66666638,0
286483.333333047,0
286499.999999713,0
286516.66666638,0
286533.333333047,0
286549.999999713,0.0232115422705952
286566.66666638,0
286583.333333047,0
286599.999999713,0
286616.66666638,0
286633.333333047,0
286649.999999713,0.10772965580529
286666.66666638,0
286683.333333047,0
286699.999999713,0
286716.66666638,0
286733.333333047,0
286749.999999713,0.0253830558010775
286766.66666638,0
286783.333333047,0
286799.999999713,0
286816.66666638,0
286833.333333046,0
286849.999999713,0.0297513709372288
286866.66666638,0
286883.333333046,0
286899.999999713,0
286916.66666638,0
286933.333333046,0
286949.999999713,0.0658403746408247
286966.66666638,0
286983.333333046,0
286999.999999713,0
287016.66666638,0
287033.333333046,0
287049.999999713,0.0719004837488912
287066.66666638,0
287083.333333046,0
287099.999999713,0
287116.666666379,0
287133.333333046,0
287149.999999713,0.00655139393098029
287166.666666379,0
287183.333333046,0
287199.999999713,0
287216.666666379,0
287233.333333046,0
287249.999999713,0.139920864726794
287266.666666379,0
287283.333333046,0
287299.999999713,0
287316.666666379,0
287333.333333046,0
287349.999999713,0.0713395276076453
287366.666666379,0
287383.333333046,0
287399.999999713,0
287416.666666379,0
287433.333333046,0
287449.999999713,0.0462537518817483
287466.666666379,0
287483.333333046,0
287499.999999712,0
287516.666666379,0
287533.333333046,0
287549.999999712,0.122055294268925
287566.666666379,0
287583.333333046,0
287599.999999712,0
287616.666666379,0
287633.333333046,0
287649.999999712,0.0762466204326039
287666.666666379,0
287683.333333046,0
287699.999999712,0
287716.666666379,0
287733.333333046,0
287749.999999712,0.0326507328931017
287766.666666379,0
287783.333333046,0
287799.999999712,0
287816.666666379,0
287833.333333045,0
287849.999999712,0.055472095312726
287866.666666379,0
287883.333333045,0
287899.999999712,0
287916.666666379,0
287933.333333045,0
287949.999999712,0.0244755958935474
287966.666666379,0
287983.333333045,0
287999.999999712,0
288016.666666379,0
288033.333333045,0
288049.999999712,0.0214420194800227
288066.666666379,0
288083.333333045,0
288099.999999712,0
288116.666666379,0
288133.333333045,0
288149.999999712,0.000325101282483951
288166.666666378,0
288183.333333045,0
288199.999999712,0
288216.666666378,0
288233.333333045,0
288249.999999712,0.00739098937850871
288266.666666378,0
288283.333333045,0
288299.999999712,0
288316.666666378,0
288333.333333045,0
288349.999999712,0.0558554639296817
288366.666666378,0
288383.333333045,0
288399.999999712,0
288416.666666378,0
288433.333333045,0
288449.999999712,0.0667926752111331
288466.666666378,0
288483.333333045,0
288499.999999711,0
288516.666666378,0
288533.333333045,0
288549.999999711,0.0443006435557047
288566.666666378,0
288583.333333045,0
288599.999999711,0
288616.666666378,0
288633.333333045,0
288649.999999711,0.00790427642041145
288666.666666378,0
288683.333333045,0
288699.999999711,0
288716.666666378,0
288733.333333045,0
288749.999999711,0.122536339599019
288766.666666378,0
288783.333333044,0
288799.999999711,0
288816.666666378,0
288833.333333044,0
288849.999999711,0.0583901301628029
288866.666666378,0
288883.333333044,0
288899.999999711,0
288916.666666378,0
288933.333333044,0
288949.999999711,0.000909444097551582
288966.666666378,0
288983.333333044,0
288999.999999711,0
289016.666666378,0
289033.333333044,0
289049.999999711,0.0052714594491405
289066.666666378,0
289083.333333044,0
289099.999999711,0
289116.666666378,0
289133.333333044,0
289149.999999711,0.0695060333014145
289166.666666377,0
289183.333333044,0
289199.999999711,0
289216.666666377,0
289233.333333044,0
289249.999999711,0.00403766605352958
289266.666666377,0
289283.333333044,0
289299.999999711,0
289316.666666377,0
289333.333333044,0
289349.999999711,0.0160942166477184
289366.666666377,0
289383.333333044,0
289399.999999711,0
289416.666666377,0
289433.333333044,0
289449.999999711,0.0541501018903502
289466.666666377,0
289483.333333044,0
289499.99999971,0
289516.666666377,0
289533.333333044,0
289549.99999971,0.062683403511148
289566.666666377,0
289583.333333044,0
289599.99999971,0
289616.666666377,0
289633.333333044,0
289649.99999971,0.0137762435150852
289666.666666377,0
289683.333333044,0
289699.99999971,0
289716.666666377,0
289733.333333044,0
289749.99999971,0.0261835583059617
289766.666666377,0
289783.333333044,0
289799.99999971,0
289816.666666377,0
289833.333333043,0
289849.99999971,0.105483229198714
289866.666666377,0
289883.333333043,0
289899.99999971,0
289916.666666377,0
289933.333333043,0
289949.99999971,0.0170436229440486
289966.666666377,0
289983.333333043,0
289999.99999971,0
290016.666666377,0
290033.333333043,0
290049.99999971,0.0736892912768811
290066.666666377,0
290083.333333043,0
290099.99999971,0
290116.666666377,0
290133.333333043,0
290149.99999971,0.0376912662326433
290166.666666377,0
290183.333333043,0
290199.99999971,0
290216.666666376,0
290233.333333043,0
290249.99999971,0.0209255109054266
290266.666666376,0
290283.333333043,0
290299.99999971,0
290316.666666376,0
290333.333333043,0
290349.99999971,0.0395553897090572
290366.666666376,0
290383.333333043,0
290399.99999971,0
290416.666666376,0
290433.333333043,0
290449.999999709,0.02781848172636
290466.666666376,0
290483.333333043,0
290499.999999709,0
290516.666666376,0
290533.333333043,0
290549.999999709,0.0794741732143902
290566.666666376,0
290583.333333043,0
290599.999999709,0
290616.666666376,0
290633.333333043,0
290649.999999709,0.0202827859835031
290666.666666376,0
290683.333333043,0
290699.999999709,0
290716.666666376,0
290733.333333043,0
290749.999999709,0.0769295966541809
290766.666666376,0
290783.333333043,0
290799.999999709,0
290816.666666376,0
290833.333333042,0
290849.999999709,0.0311853349266136
290866.666666376,0
290883.333333042,0
290899.999999709,0
290916.666666376,0
290933.333333042,0
290949.999999709,0.0114119225152875
290966.666666376,0
290983.333333042,0
290999.999999709,0
291016.666666376,0
291033.333333042,0
291049.999999709,0.0129488908431637
291066.666666376,0
291083.333333042,0
291099.999999709,0
291116.666666376,0
291133.333333042,0
291149.999999709,0.0537544646647064
291166.666666375,0
291183.333333042,0
291199.999999709,0
291216.666666375,0
291233.333333042,0
291249.999999709,0.0333469559219894
291266.666666375,0
291283.333333042,0
291299.999999709,0
291316.666666375,0
291333.333333042,0
291349.999999709,0.0282257254030157
291366.666666375,0
291383.333333042,0
291399.999999709,0
291416.666666375,0
291433.333333042,0
291449.999999708,0.0542745977725579
291466.666666375,0
291483.333333042,0
291499.999999708,0
291516.666666375,0
291533.333333042,0
291549.999999708,0.0439057334747644
291566.666666375,0
291583.333333042,0
291599.999999708,0
291616.666666375,0
291633.333333042,0
291649.999999708,0.050570787067622
291666.666666375,0
291683.333333042,0
291699.999999708,0
291716.666666375,0
291733.333333042,0
291749.999999708,0.0299634763358248
291766.666666375,0
291783.333333042,0
291799.999999708,0
291816.666666375,0
291833.333333041,0
291849.999999708,0.00483863909486216
291866.666666375,0
291883.333333041,0
291899.999999708,0
291916.666666375,0
291933.333333041,0
291949.999999708,0.0596316803284107
291966.666666375,0
291983.333333041,0
291999.999999708,0
292016.666666375,0
292033.333333041,0
292049.999999708,0.0653481493046262
292066.666666375,0
292083.333333041,0
292099.999999708,0
292116.666666375,0
292133.333333041,0
292149.999999708,0.00891630158391123
292166.666666374,0
292183.333333041,0
292199.999999708,0
292216.666666374,0
292233.333333041,0
292249.999999708,0.0390754312823672
292266.666666374,0
292283.333333041,0
292299.999999708,0
292316.666666374,0
292333.333333041,0
292349.999999708,0.0772052456983581
292366.666666374,0
292383.333333041,0
292399.999999708,0
292416.666666374,0
292433.333333041,0
292449.999999708,0.0845115041026949
292466.666666374,0
292483.333333041,0
292499.999999707,0
292516.666666374,0
292533.333333041,0
292549.999999707,0.0358154265628668
292566.666666374,0
292583.333333041,0
292599.999999707,0
292616.666666374,0
292633.333333041,0
292649.999999707,2.40693389555616e-05
292666.666666374,0
292683.333333041,0
292699.999999707,0
292716.666666374,0
292733.333333041,0
292749.999999707,0.0205293375123419
292766.666666374,0
292783.33333304,0
292799.999999707,0
292816.666666374,0
292833.33333304,0
292849.999999707,0.0301601816325761
292866.666666374,0
292883.33333304,0
292899.999999707,0
292916.666666374,0
292933.33333304,0
292949.999999707,0.0290549893835148
292966.666666374,0
292983.33333304,0
292999.999999707,0
293016.666666374,0
293033.33333304,0
293049.999999707,0.0300090873375028
293066.666666374,0
293083.33333304,0
293099.999999707,0
293116.666666373,0
293133.33333304,0
293149.999999707,0.0183674359458848
293166.666666373,0
293183.33333304,0
293199.999999707,0
293216.666666373,0
293233.33333304,0
293249.999999707,0.0214777076896281
293266.666666373,0
293283.33333304,0
293299.999999707,0
293316.666666373,0
293333.33333304,0
293349.999999707,0.00705399409058389
293366.666666373,0
293383.33333304,0
293399.999999707,0
293416.666666373,0
293433.33333304,0
293449.999999707,0.0564899723918325
293466.666666373,0
293483.33333304,0
293499.999999706,0
293516.666666373,0
293533.33333304,0
293549.999999706,0.0427224733223664
293566.666666373,0
293583.33333304,0
293599.999999706,0
293616.666666373,0
293633.33333304,0
293649.999999706,0.0186905221354725
293666.666666373,0
293683.33333304,0
293699.999999706,0
293716.666666373,0
293733.33333304,0
293749.999999706,0.0742309523366776
293766.666666373,0
293783.33333304,0
293799.999999706,0
293816.666666373,0
293833.333333039,0
293849.999999706,0.00498466938365949
293866.666666373,0
293883.333333039,0
293899.999999706,0
293916.666666373,0
293933.333333039,0
293949.999999706,0.00972210257031082
293966.666666373,0
293983.333333039,0
293999.999999706,0
294016.666666373,0
294033.333333039,0
294049.999999706,0.0576364339024171
294066.666666373,0
294083.333333039,0
294099.999999706,0
294116.666666373,0
294133.333333039,0
294149.999999706,0.0584177006183158
294166.666666373,0
294183.333333039,0
294199.999999706,0
294216.666666372,0
294233.333333039,0
294249.999999706,0.0233660172711546
294266.666666372,0
294283.333333039,0
294299.999999706,0
294316.666666372,0
294333.333333039,0
294349.999999706,0.0282506402550101
294366.666666372,0
294383.333333039,0
294399.999999706,0
294416.666666372,0
294433.333333039,0
294449.999999706,0.0182549906192974
294466.666666372,0
294483.333333039,0
294499.999999705,0
294516.666666372,0
294533.333333039,0
294549.999999705,0.047079493822265
294566.666666372,0
294583.333333039,0
294599.999999705,0
294616.666666372,0
294633.333333039,0
294649.999999705,0.0373367174618481
294666.666666372,0
294683.333333039,0
294699.999999705,0
294716.666666372,0
294733.333333039,0
294749.999999705,0.0557119786746575
294766.666666372,0
294783.333333038,0
294799.999999705,0
294816.666666372,0
294833.333333038,0
294849.999999705,0.0656933594186109
294866.666666372,0
294883.333333038,0
294899.999999705,0
294916.666666372,0
294933.333333038,0
294949.999999705,0.0157051512439495
294966.666666372,0
294983.333333038,0
294999.999999705,0
295016.666666372,0
295033.333333038,0
295049.999999705,0.0291855780176393
295066.666666372,0
295083.333333038,0
295099.999999705,0
295116.666666372,0
295133.333333038,0
295149.999999705,0.0340688083983346
295166.666666371,0
295183.333333038,0
295199.999999705,0
295216.666666371,0
295233.333333038,0
295249.999999705,0.0181322069833409
295266.666666371,0
295283.333333038,0
295299.999999705,0
295316.666666371,0
295333.333333038,0
295349.999999705,0.0155700974821298
295366.666666371,0
295383.333333038,0
295399.999999705,0
295416.666666371,0
295433.333333038,0
295449.999999704,0.0415229495367441
295466.666666371,0
295483.333333038,0
295499.999999704,0
295516.666666371,0
295533.333333038,0
295549.999999704,0.0495170960825072
295566.666666371,0
295583.333333038,0
295599.999999704,0
295616.666666371,0
295633.333333038,0
295649.999999704,0.046649723989736
295666.666666371,0
295683.333333038,0
295699.999999704,0
295716.666666371,0
295733.333333038,0
295749.999999704,0.04353451609378
295766.666666371,0
295783.333333038,0
295799.999999704,0
295816.666666371,0
295833.333333037,0
295849.999999704,0.0318402323073285
295866.666666371,0
295883.333333037,0
295899.999999704,0
295916.666666371,0
295933.333333037,0
295949.999999704,0.0327878499380649
295966.666666371,0
295983.333333037,0
295999.999999704,0
296016.666666371,0
296033.333333037,0
296049.999999704,0.0203929500241759
296066.666666371,0
296083.333333037,0
296099.999999704,0
296116.666666371,0
296133.333333037,0
296149.999999704,0.0283169910793637
296166.66666637,0
296183.333333037,0
296199.999999704,0
296216.66666637,0
296233.333333037,0
296249.999999704,0.0817619694149257
296266.66666637,0
296283.333333037,0
296299.999999704,0
296316.66666637,0
296333.333333037,0
296349.999999704,0.0323886291989068
296366.66666637,0
296383.333333037,0
296399.999999704,0
296416.66666637,0
296433.333333037,0
296449.999999704,0.0150258453008514
296466.66666637,0
296483.333333037,0
296499.999999703,0
296516.66666637,0
296533.333333037,0
296549.999999703,0.00421777789633727
296566.66666637,0
296583.333333037,0
296599.999999703,0
296616.66666637,0
296633.333333037,0
296649.999999703,0.0416371377558715
296666.66666637,0
296683.333333037,0
296699.999999703,0
296716.66666637,0
296733.333333037,0
296749.999999703,0.0185851945666708
296766.66666637,0
296783.333333037,0
296799.999999703,0
296816.66666637,0
296833.333333037,0
296849.999999703,0.0348367186629361
296866.66666637,0
296883.333333036,0
296899.999999703,0
296916.66666637,0
296933.333333036,0
296949.999999703,0.0199935044947394
296966.66666637,0
296983.333333036,0
296999.999999703,0
297016.66666637,0
297033.333333036,0
297049.999999703,0.00884016802568348
297066.66666637,0
297083.333333036,0
297099.999999703,0
297116.666666369,0
297133.333333036,0
297149.999999703,0.0137638802414514
297166.666666369,0
297183.333333036,0
297199.999999703,0
297216.666666369,0
297233.333333036,0
297249.999999703,0.0108651983781269
297266.666666369,0
297283.333333036,0
297299.999999703,0
297316.666666369,0
297333.333333036,0
297349.999999703,0.0690293932363572
297366.666666369,0
297383.333333036,0
297399.999999703,0
297416.666666369,0
297433.333333036,0
297449.999999703,0.0250988392126119
297466.666666369,0
297483.333333036,0
297499.999999702,0
297516.666666369,0
297533.333333036,0
297549.999999702,0.0132411685672428
297566.666666369,0
297583.333333036,0
297599.999999702,0
297616.666666369,0
297633.333333036,0
297649.999999702,0.00115612651025373
297666.666666369,0
297683.333333036,0
297699.999999702,0
297716.666666369,0
297733.333333036,0
297749.999999702,0.0381294386024028
297766.666666369,0
297783.333333036,0
297799.999999702,0
297816.666666369,0
297833.333333035,0
297849.999999702,0.062878281081139
297866.666666369,0
297883.333333035,0
297899.999999702,0
297916.666666369,0
297933.333333035,0
297949.999999702,0.0786229261198021
297966.666666369,0
297983.333333035,0
297999.999999702,0
298016.666666369,0
298033.333333035,0
298049.999999702,0.0105284328382712
298066.666666369,0
298083.333333035,0
298099.999999702,0
298116.666666368,0
298133.333333035,0
298149.999999702,0.0402773632138172
298166.666666368,0
298183.333333035,0
298199.999999702,0
298216.666666368,0
298233.333333035,0
298249.999999702,0.0516292524066585
298266.666666368,0
298283.333333035,0
298299.999999702,0
298316.666666368,0
298333.333333035,0
298349.999999702,0.0129041978368353
298366.666666368,0
298383.333333035,0
298399.999999702,0
298416.666666368,0
298433.333333035,0
298449.999999702,0.0312741644229472
298466.666666368,0
298483.333333035,0
298499.999999701,0
298516.666666368,0
298533.333333035,0
298549.999999701,0.0269471805855845
298566.666666368,0
298583.333333035,0
298599.999999701,0
298616.666666368,0
298633.333333035,0
298649.999999701,0.0203425984983924
298666.666666368,0
298683.333333035,0
298699.999999701,0
298716.666666368,0
298733.333333035,0
298749.999999701,0.00189618083979335
298766.666666368,0
298783.333333035,0
298799.999999701,0
298816.666666368,0
298833.333333034,0
298849.999999701,0.0665945276734475
298866.666666368,0
298883.333333034,0
298899.999999701,0
298916.666666368,0
298933.333333034,0
298949.999999701,0.0273137704997453
298966.666666368,0
298983.333333034,0
298999.999999701,0
299016.666666368,0
299033.333333034,0
299049.999999701,0.00254594177244232
299066.666666368,0
299083.333333034,0
299099.999999701,0
299116.666666368,0
299133.333333034,0
299149.999999701,0.0120002163542691
299166.666666367,0
299183.333333034,0
299199.999999701,0
299216.666666367,0
299233.333333034,0
299249.999999701,0.014231267824944
299266.666666367,0
299283.333333034,0
299299.999999701,0
299316.666666367,0
299333.333333034,0
299349.999999701,0.017394130669325
299366.666666367,0
299383.333333034,0
299399.999999701,0
299416.666666367,0
299433.333333034,0
299449.9999997,0.0521727312375652
299466.666666367,0
299483.333333034,0
299499.9999997,0
299516.666666367,0
299533.333333034,0
299549.9999997,0.0558237792084703
299566.666666367,0
299583.333333034,0
299599.9999997,0
299616.666666367,0
299633.333333034,0
299649.9999997,0.0128185545381923
299666.666666367,0
299683.333333034,0
299699.9999997,0
299716.666666367,0
299733.333333034,0
299749.9999997,0.014155706776663
299766.666666367,0
299783.333333033,0
299799.9999997,0
299816.666666367,0
299833.333333033,0
299849.9999997,0.0337629564112144
299866.666666367,0
299883.333333033,0
299899.9999997,0
299916.666666367,0
299933.333333033,0
299949.9999997,0.0331272673535578
299966.666666367,0
299983.333333033,0
299999.9999997,0
300016.666666367,0
300033.333333033,0
300049.9999997,0.00906460536965115
300066.666666367,0
300083.333333033,0
300099.9999997,0
300116.666666367,0
300133.333333033,0
300149.9999997,0.0162525901191299
300166.666666366,0
300183.333333033,0
300199.9999997,0
300216.666666366,0
300233.333333033,0
300249.9999997,0.0561513065912345
300266.666666366,0
300283.333333033,0
300299.9999997,0
300316.666666366,0
300333.333333033,0
300349.9999997,0.00563663633184469
300366.666666366,0
300383.333333033,0
300399.9999997,0
300416.666666366,0
300433.333333033,0
300449.9999997,0.060936913612497
300466.666666366,0
300483.333333033,0
300499.999999699,0
300516.666666366,0
300533.333333033,0
300549.999999699,0.0628817164605517
300566.666666366,0
300583.333333033,0
300599.999999699,0
300616.666666366,0
300633.333333033,0
300649.999999699,0.00134850266277293
300666.666666366,0
300683.333333033,0
300699.999999699,0
300716.666666366,0
300733.333333033,0
300749.999999699,0.0594305975900184
300766.666666366,0
300783.333333033,0
300799.999999699,0
300816.666666366,0
300833.333333032,0
300849.999999699,0.0372948048835473
300866.666666366,0
300883.333333032,0
300899.999999699,0
300916.666666366,0
300933.333333032,0
300949.999999699,0.0298865474031089
300966.666666366,0
300983.333333032,0
300999.999999699,0
301016.666666366,0
301033.333333032,0
301049.999999699,0.00623165774558879
301066.666666366,0
301083.333333032,0
301099.999999699,0
301116.666666366,0
301133.333333032,0
301149.999999699,0.0147344020290507
301166.666666365,0
301183.333333032,0
301199.999999699,0
301216.666666365,0
301233.333333032,0
301249.999999699,0.0656065021302489
301266.666666365,0
301283.333333032,0
301299.999999699,0
301316.666666365,0
301333.333333032,0
301349.999999699,0.00364067652192648
301366.666666365,0
301383.333333032,0
301399.999999699,0
301416.666666365,0
301433.333333032,0
301449.999999698,0.0298437692063735
301466.666666365,0
301483.333333032,0
301499.999999698,0
301516.666666365,0
301533.333333032,0
301549.999999698,0.0121816479494496
301566.666666365,0
301583.333333032,0
301599.999999698,0
301616.666666365,0
301633.333333032,0
301649.999999698,0.030257090357784
301666.666666365,0
301683.333333032,0
301699.999999698,0
301716.666666365,0
301733.333333032,0
301749.999999698,0.0228355737661304
301766.666666365,0
301783.333333032,0
301799.999999698,0
301816.666666365,0
301833.333333031,0
301849.999999698,0.00834584763909212
301866.666666365,0
301883.333333031,0
301899.999999698,0
301916.666666365,0
301933.333333031,0
301949.999999698,0.0358024901810581
301966.666666365,0
301983.333333031,0
301999.999999698,0
302016.666666365,0
302033.333333031,0
302049.999999698,0.0568004546660305
302066.666666365,0
302083.333333031,0
302099.999999698,0
302116.666666365,0
302133.333333031,0
302149.999999698,0.0156559647452495
302166.666666364,0
302183.333333031,0
302199.999999698,0
302216.666666364,0
302233.333333031,0
302249.999999698,0.0333032729301799
302266.666666364,0
302283.333333031,0
302299.999999698,0
302316.666666364,0
302333.333333031,0
302349.999999698,0.0174624747764034
302366.666666364,0
302383.333333031,0
302399.999999698,0
302416.666666364,0
302433.333333031,0
302449.999999697,0.00756970642448321
302466.666666364,0
302483.333333031,0
302499.999999697,0
302516.666666364,0
302533.333333031,0
302549.999999697,0.00357954160867487
302566.666666364,0
302583.333333031,0
302599.999999697,0
302616.666666364,0
302633.333333031,0
302649.999999697,0.0476462986631228
302666.666666364,0
302683.333333031,0
302699.999999697,0
302716.666666364,0
302733.333333031,0
302749.999999697,0.0850242905591002
302766.666666364,0
302783.333333031,0
302799.999999697,0
302816.666666364,0
302833.33333303,0
302849.999999697,0.0304648553281576
302866.666666364,0
302883.33333303,0
302899.999999697,0
302916.666666364,0
302933.33333303,0
302949.999999697,0.0159675851382519
302966.666666364,0
302983.33333303,0
302999.999999697,0
303016.666666364,0
303033.33333303,0
303049.999999697,0.038387506574136
303066.666666364,0
303083.33333303,0
303099.999999697,0
303116.666666364,0
303133.33333303,0
303149.999999697,0.0150508821904427
303166.666666363,0
303183.33333303,0
303199.999999697,0
303216.666666363,0
303233.33333303,0
303249.999999697,0.0849336655155704
303266.666666363,0
303283.33333303,0
303299.999999697,0
303316.666666363,0
303333.33333303,0
303349.999999697,0.0240626023023049
303366.666666363,0
303383.33333303,0
303399.999999697,0
303416.666666363,0
303433.33333303,0
303449.999999697,0.014365046762452
303466.666666363,0
303483.33333303,0
303499.999999697,0
303516.666666363,0
303533.33333303,0
303549.999999696,0.0275235261788715
303566.666666363,0
303583.33333303,0
303599.999999696,0
303616.666666363,0
303633.33333303,0
303649.999999696,0.0492399851219771
303666.666666363,0
303683.33333303,0
303699.999999696,0
303716.666666363,0
303733.33333303,0
303749.999999696,0.00738650523003698
303766.666666363,0
303783.333333029,0
303799.999999696,0
303816.666666363,0
303833.333333029,0
303849.999999696,0.00972143373609156
303866.666666363,0
303883.333333029,0
303899.999999696,0
303916.666666363,0
303933.333333029,0
303949.999999696,0.00669654895430452
303966.666666363,0
303983.333333029,0
303999.999999696,0
304016.666666363,0
304033.333333029,0
304049.999999696,0.0150594424389092
304066.666666363,0
304083.333333029,0
304099.999999696,0
304116.666666362,0
304133.333333029,0
304149.999999696,0.0179913532620641
304166.666666362,0
304183.333333029,0
304199.999999696,0
304216.666666362,0
304233.333333029,0
304249.999999696,0.0202746118161825
304266.666666362,0
304283.333333029,0
304299.999999696,0
304316.666666362,0
304333.333333029,0
304349.999999696,0.0234661219649049
304366.666666362,0
304383.333333029,0
304399.999999696,0
304416.666666362,0
304433.333333029,0
304449.999999696,0.0715561840437982
304466.666666362,0
304483.333333029,0
304499.999999695,0
304516.666666362,0
304533.333333029,0
304549.999999695,0.00862062541819769
304566.666666362,0
304583.333333029,0
304599.999999695,0
304616.666666362,0
304633.333333029,0
304649.999999695,0.0032654255404718
304666.666666362,0
304683.333333029,0
304699.999999695,0
304716.666666362,0
304733.333333029,0
304749.999999695,0.0587137246329052
304766.666666362,0
304783.333333029,0
304799.999999695,0
304816.666666362,0
304833.333333028,0
304849.999999695,0.011932490405203
304866.666666362,0
304883.333333028,0
304899.999999695,0
304916.666666362,0
304933.333333028,0
304949.999999695,0.00302242183005893
304966.666666362,0
304983.333333028,0
304999.999999695,0
305016.666666362,0
305033.333333028,0
305049.999999695,0.0347909281277657
305066.666666362,0
305083.333333028,0
305099.999999695,0
305116.666666362,0
305133.333333028,0
305149.999999695,0.00927169787021187
305166.666666362,0
305183.333333028,0
305199.999999695,0
305216.666666361,0
305233.333333028,0
305249.999999695,0.113493765738523
305266.666666361,0
305283.333333028,0
305299.999999695,0
305316.666666361,0
305333.333333028,0
305349.999999695,0.0261545585798273
305366.666666361,0
305383.333333028,0
305399.999999695,0
305416.666666361,0
305433.333333028,0
305449.999999695,0.00237116711339765
305466.666666361,0
305483.333333028,0
305499.999999694,0
305516.666666361,0
305533.333333028,0
305549.999999694,0.0244146691100804
305566.666666361,0
305583.333333028,0
305599.999999694,0
305616.666666361,0
305633.333333028,0
305649.999999694,0.0107818117560805
305666.666666361,0
305683.333333028,0
305699.999999694,0
305716.666666361,0
305733.333333028,0
305749.999999694,0.0547902801028109
305766.666666361,0
305783.333333028,0
305799.999999694,0
305816.666666361,0
305833.333333027,0
305849.999999694,0.00183727588808564
305866.666666361,0
305883.333333027,0
305899.999999694,0
305916.666666361,0
305933.333333027,0
305949.999999694,0.0160451558164359
305966.666666361,0
305983.333333027,0
305999.999999694,0
306016.666666361,0
306033.333333027,0
306049.999999694,0.0321555610328353
306066.666666361,0
306083.333333027,0
306099.999999694,0
306116.666666361,0
306133.333333027,0
306149.999999694,0.0605355579411506
306166.66666636,0
306183.333333027,0
306199.999999694,0
306216.66666636,0
306233.333333027,0
306249.999999694,0.011996722251624
306266.66666636,0
306283.333333027,0
306299.999999694,0
306316.66666636,0
306333.333333027,0
306349.999999694,0.0120948272850068
306366.66666636,0
306383.333333027,0
306399.999999694,0
306416.66666636,0
306433.333333027,0
306449.999999693,0.0899643489471651
306466.66666636,0
306483.333333027,0
306499.999999693,0
306516.66666636,0
306533.333333027,0
306549.999999693,0.000618375811311934
306566.66666636,0
306583.333333027,0
306599.999999693,0
306616.66666636,0
306633.333333027,0
306649.999999693,0.022265393372254
306666.66666636,0
306683.333333027,0
306699.999999693,0
306716.66666636,0
306733.333333027,0
306749.999999693,0.0440985222662446
306766.66666636,0
306783.333333027,0
306799.999999693,0
306816.66666636,0
306833.333333026,0
306849.999999693,0.0259703543220594
306866.66666636,0
306883.333333026,0
306899.999999693,0
306916.66666636,0
306933.333333026,0
306949.999999693,0.0456216334100009
306966.66666636,0
306983.333333026,0
306999.999999693,0
307016.66666636,0
307033.333333026,0
307049.999999693,0.0054056427117493
307066.66666636,0
307083.333333026,0
307099.999999693,0
307116.66666636,0
307133.333333026,0
307149.999999693,0.0249768956971179
307166.666666359,0
307183.333333026,0
307199.999999693,0
307216.666666359,0
307233.333333026,0
307249.999999693,0.0292027681172213
307266.666666359,0
307283.333333026,0
307299.999999693,0
307316.666666359,0
307333.333333026,0
307349.999999693,0.0257316944973576
307366.666666359,0
307383.333333026,0
307399.999999693,0
307416.666666359,0
307433.333333026,0
307449.999999693,0.0144180822703839
307466.666666359,0
307483.333333026,0
307499.999999692,0
307516.666666359,0
307533.333333026,0
307549.999999692,0.018694186269254
307566.666666359,0
307583.333333026,0
307599.999999692,0
307616.666666359,0
307633.333333026,0
307649.999999692,0.0612607898828835
307666.666666359,0
307683.333333026,0
307699.999999692,0
307716.666666359,0
307733.333333026,0
307749.999999692,0.0557333367684284
307766.666666359,0
307783.333333026,0
307799.999999692,0
307816.666666359,0
307833.333333026,0
307849.999999692,0.0301440065508642
307866.666666359,0
307883.333333025,0
307899.999999692,0
307916.666666359,0
307933.333333025,0
307949.999999692,0.0228931384394921
307966.666666359,0
307983.333333025,0
307999.999999692,0
308016.666666359,0
308033.333333025,0
308049.999999692,0.0720105943584214
308066.666666359,0
308083.333333025,0
308099.999999692,0
308116.666666358,0
308133.333333025,0
308149.999999692,0.0638893717160585
308166.666666358,0
308183.333333025,0
308199.999999692,0
308216.666666358,0
308233.333333025,0
308249.999999692,0.0139547947477203
308266.666666358,0
308283.333333025,0
308299.999999692,0
308316.666666358,0
308333.333333025,0
308349.999999692,0.0222825726116172
308366.666666358,0
308383.333333025,0
308399.999999692,0
308416.666666358,0
308433.333333025,0
308449.999999691,0.0921011106493383
308466.666666358,0
308483.333333025,0
308499.999999691,0
308516.666666358,0
308533.333333025,0
308549.999999691,0.0117397207312886
308566.666666358,0
308583.333333025,0
308599.999999691,0
308616.666666358,0
308633.333333025,0
308649.999999691,0.0113389172086067
308666.666666358,0
308683.333333025,0
308699.999999691,0
308716.666666358,0
308733.333333025,0
308749.999999691,0.0781773939314745
308766.666666358,0
308783.333333025,0
308799.999999691,0
308816.666666358,0
308833.333333024,0
308849.999999691,0.0116412082597134
308866.666666358,0
308883.333333024,0
308899.999999691,0
308916.666666358,0
308933.333333024,0
308949.999999691,0.0370392030290214
308966.666666358,0
308983.333333024,0
308999.999999691,0
309016.666666358,0
309033.333333024,0
309049.999999691,0.000895318600770104
309066.666666358,0
309083.333333024,0
309099.999999691,0
309116.666666357,0
309133.333333024,0
309149.999999691,0.0802718975774987
309166.666666357,0
309183.333333024,0
309199.999999691,0
309216.666666357,0
309233.333333024,0
309249.999999691,0.0501022445855848
309266.666666357,0
309283.333333024,0
309299.999999691,0
309316.666666357,0
309333.333333024,0
309349.999999691,0.0618987288192603
309366.666666357,0
309383.333333024,0
309399.999999691,0
309416.666666357,0
309433.333333024,0
309449.999999691,0.0113725493595996
309466.666666357,0
309483.333333024,0
309499.99999969,0
309516.666666357,0
309533.333333024,0
309549.99999969,0.0211674701456832
309566.666666357,0
309583.333333024,0
309599.99999969,0
309616.666666357,0
309633.333333024,0
309649.99999969,0.0390711499100038
309666.666666357,0
309683.333333024,0
309699.99999969,0
309716.666666357,0
309733.333333024,0
309749.99999969,0.0641698911781431
309766.666666357,0
309783.333333024,0
309799.99999969,0
309816.666666357,0
309833.333333023,0
309849.99999969,0.0202037309665864
309866.666666357,0
309883.333333023,0
309899.99999969,0
309916.666666357,0
309933.333333023,0
309949.99999969,0.00948849831427882
309966.666666357,0
309983.333333023,0
309999.99999969,0
310016.666666357,0
310033.333333023,0
310049.99999969,0.0152390247814505
310066.666666357,0
310083.333333023,0
310099.99999969,0
310116.666666357,0
310133.333333023,0
310149.99999969,0.0300943769058176
310166.666666356,0
310183.333333023,0
310199.99999969,0
310216.666666356,0
310233.333333023,0
310249.99999969,0.057807871694753
310266.666666356,0
310283.333333023,0
310299.99999969,0
310316.666666356,0
310333.333333023,0
310349.99999969,0.0386094307764498
310366.666666356,0
310383.333333023,0
310399.99999969,0
310416.666666356,0
310433.333333023,0
310449.999999689,0.00825999122970443
310466.666666356,0
310483.333333023,0
310499.999999689,0
310516.666666356,0
310533.333333023,0
310549.999999689,0.054753019862559
310566.666666356,0
310583.333333023,0
310599.999999689,0
310616.666666356,0
310633.333333023,0
310649.999999689,0.0118499776754242
310666.666666356,0
310683.333333023,0
310699.999999689,0
310716.666666356,0
310733.333333023,0
310749.999999689,0.102186862323042
310766.666666356,0
310783.333333022,0
310799.999999689,0
310816.666666356,0
310833.333333022,0
310849.999999689,0.0182122925413947
310866.666666356,0
310883.333333022,0
310899.999999689,0
310916.666666356,0
310933.333333022,0
310949.999999689,0.0366416428555801
310966.666666356,0
310983.333333022,0
310999.999999689,0
311016.666666356,0
311033.333333022,0
311049.999999689,0.0101635381663735
311066.666666356,0
311083.333333022,0
311099.999999689,0
311116.666666356,0
311133.333333022,0
311149.999999689,0.11050931015921
311166.666666355,0
311183.333333022,0
311199.999999689,0
311216.666666355,0
311233.333333022,0
311249.999999689,0.0781209224409681
311266.666666355,0
311283.333333022,0
311299.999999689,0
311316.666666355,0
311333.333333022,0
311349.999999689,0.0469384096013776
311366.666666355,0
311383.333333022,0
311399.999999689,0
311416.666666355,0
311433.333333022,0
311449.999999689,0.0355216425600452
311466.666666355,0
311483.333333022,0
311499.999999688,0
311516.666666355,0
311533.333333022,0
311549.999999688,0.0718559160787393
311566.666666355,0
311583.333333022,0
311599.999999688,0
311616.666666355,0
311633.333333022,0
311649.999999688,0.0135808404633244
311666.666666355,0
311683.333333022,0
311699.999999688,0
311716.666666355,0
311733.333333022,0
311749.999999688,0.103771586570498
311766.666666355,0
311783.333333021,0
311799.999999688,0
311816.666666355,0
311833.333333021,0
311849.999999688,0.0263848222478095
311866.666666355,0
311883.333333021,0
311899.999999688,0
311916.666666355,0
311933.333333021,0
311949.999999688,0.0188347935879527
311966.666666355,0
311983.333333021,0
311999.999999688,0
312016.666666355,0
312033.333333021,0
312049.999999688,0.0102643698359471
312066.666666355,0
312083.333333021,0
312099.999999688,0
312116.666666355,0
312133.333333021,0
312149.999999688,0.0207414600616231
312166.666666354,0
312183.333333021,0
312199.999999688,0
312216.666666354,0
312233.333333021,0
312249.999999688,0.0104043863345239
312266.666666354,0
312283.333333021,0
312299.999999688,0
312316.666666354,0
312333.333333021,0
312349.999999688,0.113878858653158
312366.666666354,0
312383.333333021,0
312399.999999688,0
312416.666666354,0
312433.333333021,0
312449.999999688,0.0404951688802575
312466.666666354,0
312483.333333021,0
312499.999999687,0
312516.666666354,0
312533.333333021,0
312549.999999687,0.105409807964188
312566.666666354,0
312583.333333021,0
312599.999999687,0
312616.666666354,0
312633.333333021,0
312649.999999687,0.0387419716252828
312666.666666354,0
312683.333333021,0
312699.999999687,0
312716.666666354,0
312733.333333021,0
312749.999999687,0.0284479954600012
312766.666666354,0
312783.333333021,0
312799.999999687,0
312816.666666354,0
312833.33333302,0
312849.999999687,0.00656296325140518
312866.666666354,0
312883.33333302,0
312899.999999687,0
312916.666666354,0
312933.33333302,0
312949.999999687,0.018685877356862
312966.666666354,0
312983.33333302,0
312999.999999687,0
313016.666666354,0
313033.33333302,0
313049.999999687,0.0509387210756238
313066.666666354,0
313083.33333302,0
313099.999999687,0
313116.666666353,0
313133.33333302,0
313149.999999687,0.0585775849774383
313166.666666353,0
313183.33333302,0
313199.999999687,0
313216.666666353,0
313233.33333302,0
313249.999999687,0.033106839338984
313266.666666353,0
313283.33333302,0
313299.999999687,0
313316.666666353,0
313333.33333302,0
313349.999999687,0.0644021499189289
313366.666666353,0
313383.33333302,0
313399.999999687,0
313416.666666353,0
313433.33333302,0
313449.999999686,0.0904201699010289
313466.666666353,0
313483.33333302,0
313499.999999686,0
313516.666666353,0
313533.33333302,0
313549.999999686,0.147493622918842
313566.666666353,0
313583.33333302,0
313599.999999686,0
313616.666666353,0
313633.33333302,0
313649.999999686,0.0445944713388532
313666.666666353,0
313683.33333302,0
313699.999999686,0
313716.666666353,0
313733.33333302,0
313749.999999686,0.104639696117773
313766.666666353,0
313783.33333302,0
313799.999999686,0
313816.666666353,0
313833.333333019,0
313849.999999686,0.0166356028417961
313866.666666353,0
313883.333333019,0
313899.999999686,0
313916.666666353,0
313933.333333019,0
313949.999999686,0.026101001076776
313966.666666353,0
313983.333333019,0
313999.999999686,0
314016.666666353,0
314033.333333019,0
314049.999999686,0.000526705213007246
314066.666666353,0
314083.333333019,0
314099.999999686,0
314116.666666353,0
314133.333333019,0
314149.999999686,0.0256534077790031
314166.666666352,0
314183.333333019,0
314199.999999686,0
314216.666666352,0
314233.333333019,0
314249.999999686,0.0379312454988038
314266.666666352,0
314283.333333019,0
314299.999999686,0
314316.666666352,0
314333.333333019,0
314349.999999686,0.112956356124487
314366.666666352,0
314383.333333019,0
314399.999999686,0
314416.666666352,0
314433.333333019,0
314449.999999686,0.00211518647534193
314466.666666352,0
314483.333333019,0
314499.999999686,0
314516.666666352,0
314533.333333019,0
314549.999999685,0.150213334839794
314566.666666352,0
314583.333333019,0
314599.999999685,0
314616.666666352,0
314633.333333019,0
314649.999999685,0.104027905508566
314666.666666352,0
314683.333333019,0
314699.999999685,0
314716.666666352,0
314733.333333019,0
314749.999999685,0.0393077888423605
314766.666666352,0
314783.333333018,0
314799.999999685,0
314816.666666352,0
314833.333333018,0
314849.999999685,0.00930956651208909
314866.666666352,0
314883.333333018,0
314899.999999685,0
314916.666666352,0
314933.333333018,0
314949.999999685,0.0883610420517798
314966.666666352,0
314983.333333018,0
314999.999999685,0
315016.666666352,0
315033.333333018,0
315049.999999685,0.0843902047851403
315066.666666352,0
315083.333333018,0
315099.999999685,0
315116.666666351,0
315133.333333018,0
315149.999999685,0.0249815783838855
315166.666666351,0
315183.333333018,0
315199.999999685,0
315216.666666351,0
315233.333333018,0
315249.999999685,0.0274947338265352
315266.666666351,0
315283.333333018,0
315299.999999685,0
315316.666666351,0
315333.333333018,0
315349.999999685,0.00896551659842991
315366.666666351,0
315383.333333018,0
315399.999999685,0
315416.666666351,0
315433.333333018,0
315449.999999685,0.0677401041877714
315466.666666351,0
315483.333333018,0
315499.999999684,0
315516.666666351,0
315533.333333018,0
315549.999999684,0.232431512670363
315566.666666351,0
315583.333333018,0
315599.999999684,0
315616.666666351,0
315633.333333018,0
315649.999999684,0.111938545457427
315666.666666351,0
315683.333333018,0
315699.999999684,0
315716.666666351,0
315733.333333018,0
315749.999999684,0.00187655836636783
315766.666666351,0
315783.333333018,0
315799.999999684,0
315816.666666351,0
315833.333333017,0
315849.999999684,0.154539150978308
315866.666666351,0
315883.333333017,0
315899.999999684,0
315916.666666351,0
315933.333333017,0
315949.999999684,0.159310817147911
315966.666666351,0
315983.333333017,0
315999.999999684,0
316016.666666351,0
316033.333333017,0
316049.999999684,0.0249621003223914
316066.666666351,0
316083.333333017,0
316099.999999684,0
316116.666666351,0
316133.333333017,0
316149.999999684,0.154983208145646
316166.666666351,0
316183.333333017,0
316199.999999684,0
316216.66666635,0
316233.333333017,0
316249.999999684,0.0914413646178216
316266.66666635,0
316283.333333017,0
316299.999999684,0
316316.66666635,0
316333.333333017,0
316349.999999684,0.00754042813004178
316366.66666635,0
316383.333333017,0
316399.999999684,0
316416.66666635,0
316433.333333017,0
316449.999999684,0.21036180262492
316466.66666635,0
316483.333333017,0
316499.999999683,0
316516.66666635,0
316533.333333017,0
316549.999999683,0.102323791033725
316566.66666635,0
316583.333333017,0
316599.999999683,0
316616.66666635,0
316633.333333017,0
316649.999999683,0.0412644058506384
316666.66666635,0
316683.333333017,0
316699.999999683,0
316716.66666635,0
316733.333333017,0
316749.999999683,0.0162990370793168
316766.66666635,0
316783.333333017,0
316799.999999683,0
316816.66666635,0
316833.333333016,0
316849.999999683,0.0033152682880577
316866.66666635,0
316883.333333016,0
316899.999999683,0
316916.66666635,0
316933.333333016,0
316949.999999683,0.0463147118421473
316966.66666635,0
316983.333333016,0
316999.999999683,0
317016.66666635,0
317033.333333016,0
317049.999999683,0.0198989182710858
317066.66666635,0
317083.333333016,0
317099.999999683,0
317116.66666635,0
317133.333333016,0
317149.999999683,0.0579200258248996
317166.666666349,0
317183.333333016,0
317199.999999683,0
317216.666666349,0
317233.333333016,0
317249.999999683,0.0540298770344743
317266.666666349,0
317283.333333016,0
317299.999999683,0
317316.666666349,0
317333.333333016,0
317349.999999683,0.0989023999172845
317366.666666349,0
317383.333333016,0
317399.999999683,0
317416.666666349,0
317433.333333016,0
317449.999999682,0.176930656899707
317466.666666349,0
317483.333333016,0
317499.999999682,0
317516.666666349,0
317533.333333016,0
317549.999999682,0.228070218930967
317566.666666349,0
317583.333333016,0
317599.999999682,0
317616.666666349,0
317633.333333016,0
317649.999999682,0.125274900988795
317666.666666349,0
317683.333333016,0
317699.999999682,0
317716.666666349,0
317733.333333016,0
317749.999999682,0.155471420736543
317766.666666349,0
317783.333333016,0
317799.999999682,0
317816.666666349,0
317833.333333015,0
317849.999999682,0.40817166509418
317866.666666349,0
317883.333333015,0
317899.999999682,0
317916.666666349,0
317933.333333015,0
317949.999999682,0.324868420759595
317966.666666349,0
317983.333333015,0
317999.999999682,0
318016.666666349,0
318033.333333015,0
318049.999999682,0.0284443853361306
318066.666666349,0
318083.333333015,0
318099.999999682,0
318116.666666349,0
318133.333333015,0
318149.999999682,0.235401494554511
318166.666666348,0
318183.333333015,0
318199.999999682,0
318216.666666348,0
318233.333333015,0
318249.999999682,0.146815940535938
318266.666666348,0
318283.333333015,0
318299.999999682,0
318316.666666348,0
318333.333333015,0
318349.999999682,0.0472191739923399
318366.666666348,0
318383.333333015,0
318399.999999682,0
318416.666666348,0
318433.333333015,0
318449.999999682,0.339968328771133
318466.666666348,0
318483.333333015,0
318499.999999681,0
318516.666666348,0
318533.333333015,0
318549.999999681,0.390100413355643
318566.666666348,0
318583.333333015,0
318599.999999681,0
318616.666666348,0
318633.333333015,0
318649.999999681,0.0136349980552121
318666.666666348,0
318683.333333015,0
318699.999999681,0
318716.666666348,0
318733.333333015,0
318749.999999681,0.103627063786801
318766.666666348,0
318783.333333015,0
318799.999999681,0
318816.666666348,0
318833.333333015,0
318849.999999681,0.383537355705175
318866.666666348,0
318883.333333014,0
318899.999999681,0
318916.666666348,0
318933.333333014,0
318949.999999681,0.730255174056235
318966.666666348,0
318983.333333014,0
318999.999999681,0
319016.666666348,0
319033.333333014,0
319049.999999681,0.855657420375084
319066.666666348,0
319083.333333014,0
319099.999999681,0
319116.666666347,0
319133.333333014,0
319149.999999681,0.464589361180184
319166.666666347,0
319183.333333014,0
319199.999999681,0
319216.666666347,0
319233.333333014,0
319249.999999681,0.499235677064658
319266.666666347,0
319283.333333014,0
319299.999999681,0
319316.666666347,0
319333.333333014,0
319349.999999681,0.578950608604498
319366.666666347,0
319383.333333014,0
319399.999999681,0
319416.666666347,0
319433.333333014,0
319449.99999968,0.989637297652493
319466.666666347,0
319483.333333014,0
319499.99999968,0
319516.666666347,0
319533.333333014,0
319549.99999968,0.647957864121372
319566.666666347,0
319583.333333014,0
319599.99999968,0
319616.666666347,0
319633.333333014,0
319649.99999968,0.0997976671438378
319666.666666347,0
319683.333333014,0
319699.99999968,0
319716.666666347,0
319733.333333014,0
319749.99999968,0.273561878063466
319766.666666347,0
319783.333333014,0
319799.99999968,0
319816.666666347,0
319833.333333013,0
319849.99999968,0.419000251338466
319866.666666347,0
319883.333333013,0
319899.99999968,0
319916.666666347,0
319933.333333013,0
319949.99999968,0.469501758264832
319966.666666347,0
319983.333333013,0
319999.99999968,0
320016.666666347,0
320033.333333013,0
320049.99999968,0.493597488613843
320066.666666347,0
320083.333333013,0
320099.99999968,0
320116.666666346,0
320133.333333013,0
320149.99999968,0.452184343630118
320166.666666346,0
320183.333333013,0
320199.99999968,0
320216.666666346,0
320233.333333013,0
320249.99999968,0.269113140349804
320266.666666346,0
320283.333333013,0
320299.99999968,0
320316.666666346,0
320333.333333013,0
320349.99999968,0.122968079383043
320366.666666346,0
320383.333333013,0
320399.99999968,0
320416.666666346,0
320433.333333013,0
320449.99999968,0.651356340943117
320466.666666346,0
320483.333333013,0
320499.999999679,0
320516.666666346,0
320533.333333013,0
320549.999999679,0.971264789584433
320566.666666346,0
320583.333333013,0
320599.999999679,0
320616.666666346,0
320633.333333013,0
320649.999999679,0.551111672527072
320666.666666346,0
320683.333333013,0
320699.999999679,0
320716.666666346,0
320733.333333013,0
320749.999999679,0.503142395368278
320766.666666346,0
320783.333333013,0
320799.999999679,0
320816.666666346,0
320833.333333012,0
320849.999999679,0.418468070497421
320866.666666346,0
320883.333333012,0
320899.999999679,0
320916.666666346,0
320933.333333012,0
320949.999999679,0.828469547260841
320966.666666346,0
320983.333333012,0
320999.999999679,0
321016.666666346,0
321033.333333012,0
321049.999999679,0.748267351287241
321066.666666346,0
321083.333333012,0
321099.999999679,0
321116.666666346,0
321133.333333012,0
321149.999999679,0.406369536063522
321166.666666345,0
321183.333333012,0
321199.999999679,0
321216.666666345,0
321233.333333012,0
321249.999999679,0.084163327895585
321266.666666345,0
321283.333333012,0
321299.999999679,0
321316.666666345,0
321333.333333012,0
321349.999999679,0.00760435448781178
321366.666666345,0
321383.333333012,0
321399.999999679,0
321416.666666345,0
321433.333333012,0
321449.999999678,0.357984043390237
321466.666666345,0
321483.333333012,0
321499.999999678,0
321516.666666345,0
321533.333333012,0
321549.999999678,0.357243123265875
321566.666666345,0
321583.333333012,0
321599.999999678,0
321616.666666345,0
321633.333333012,0
321649.999999678,0.00620256818260626
321666.666666345,0
321683.333333012,0
321699.999999678,0
321716.666666345,0
321733.333333012,0
321749.999999678,0.177711999744182
321766.666666345,0
321783.333333011,0
321799.999999678,0
321816.666666345,0
321833.333333011,0
321849.999999678,0.188480662458298
321866.666666345,0
321883.333333011,0
321899.999999678,0
321916.666666345,0
321933.333333011,0
321949.999999678,0.00529237931183002
321966.666666345,0
321983.333333011,0
321999.999999678,0
322016.666666345,0
322033.333333011,0
322049.999999678,0.318274135956443
322066.666666345,0
322083.333333011,0
322099.999999678,0
322116.666666345,0
322133.333333011,0
322149.999999678,0.433755642448907
322166.666666344,0
322183.333333011,0
322199.999999678,0
322216.666666344,0
322233.333333011,0
322249.999999678,0.160318866572531
322266.666666344,0
322283.333333011,0
322299.999999678,0
322316.666666344,0
322333.333333011,0
322349.999999678,0.0840296005012073
322366.666666344,0
322383.333333011,0
322399.999999678,0
322416.666666344,0
322433.333333011,0
322449.999999678,0.203841689050009
322466.666666344,0
322483.333333011,0
322499.999999677,0
322516.666666344,0
322533.333333011,0
322549.999999677,0.148103151385911
322566.666666344,0
322583.333333011,0
322599.999999677,0
322616.666666344,0
322633.333333011,0
322649.999999677,0.0934160520710036
322666.666666344,0
322683.333333011,0
322699.999999677,0
322716.666666344,0
322733.333333011,0
322749.999999677,0.0392653096528146
322766.666666344,0
322783.33333301,0
322799.999999677,0
322816.666666344,0
322833.33333301,0
322849.999999677,0.048615387061924
322866.666666344,0
322883.33333301,0
322899.999999677,0
322916.666666344,0
322933.33333301,0
322949.999999677,0.0115463109173009
322966.666666344,0
322983.33333301,0
322999.999999677,0
323016.666666344,0
323033.33333301,0
323049.999999677,0.019715146004878
323066.666666344,0
323083.33333301,0
323099.999999677,0
323116.666666344,0
323133.33333301,0
323149.999999677,0.00303796064333563
323166.666666343,0
323183.33333301,0
323199.999999677,0
323216.666666343,0
323233.33333301,0
323249.999999677,0.045244695865993
323266.666666343,0
323283.33333301,0
323299.999999677,0
323316.666666343,0
323333.33333301,0
323349.999999677,0.055603980275461
323366.666666343,0
323383.33333301,0
323399.999999677,0
323416.666666343,0
323433.33333301,0
323449.999999677,0.114010580062043
323466.666666343,0
323483.33333301,0
323499.999999676,0
323516.666666343,0
323533.33333301,0
323549.999999676,0.217593992759991
323566.666666343,0
323583.33333301,0
323599.999999676,0
323616.666666343,0
323633.33333301,0
323649.999999676,0.00988405771073839
323666.666666343,0
323683.33333301,0
323699.999999676,0
323716.666666343,0
323733.33333301,0
323749.999999676,0.0896961191473854
323766.666666343,0
323783.33333301,0
323799.999999676,0
323816.666666343,0
323833.333333009,0
323849.999999676,0.111939910222341
323866.666666343,0
323883.333333009,0
323899.999999676,0
323916.666666343,0
323933.333333009,0
323949.999999676,0.0405605798629037
323966.666666343,0
323983.333333009,0
323999.999999676,0
324016.666666343,0
324033.333333009,0
324049.999999676,0.0852842098507756
324066.666666343,0
324083.333333009,0
324099.999999676,0
324116.666666342,0
324133.333333009,0
324149.999999676,0.137179023285754
324166.666666342,0
324183.333333009,0
324199.999999676,0
324216.666666342,0
324233.333333009,0
324249.999999676,0.0430878331225031
324266.666666342,0
324283.333333009,0
324299.999999676,0
324316.666666342,0
324333.333333009,0
324349.999999676,0.123891755006686
324366.666666342,0
324383.333333009,0
324399.999999676,0
324416.666666342,0
324433.333333009,0
324449.999999675,0.211655633334317
324466.666666342,0
324483.333333009,0
324499.999999675,0
324516.666666342,0
324533.333333009,0
324549.999999675,0.0491006078879798
324566.666666342,0
324583.333333009,0
324599.999999675,0
324616.666666342,0
324633.333333009,0
324649.999999675,0.00520386336159944
324666.666666342,0
324683.333333009,0
324699.999999675,0
324716.666666342,0
324733.333333009,0
324749.999999675,0.0381571959176917
324766.666666342,0
324783.333333009,0
324799.999999675,0
324816.666666342,0
324833.333333008,0
324849.999999675,0.0430273980761243
324866.666666342,0
324883.333333008,0
324899.999999675,0
324916.666666342,0
324933.333333008,0
324949.999999675,0.125218312571038
324966.666666342,0
324983.333333008,0
324999.999999675,0
325016.666666342,0
325033.333333008,0
325049.999999675,0.0676682228311669
325066.666666342,0
325083.333333008,0
325099.999999675,0
325116.666666342,0
325133.333333008,0
325149.999999675,0.0441892503577515
325166.666666341,0
325183.333333008,0
325199.999999675,0
325216.666666341,0
325233.333333008,0
325249.999999675,0.0392278321315385
325266.666666341,0
325283.333333008,0
325299.999999675,0
325316.666666341,0
325333.333333008,0
325349.999999675,0.12376368639054
325366.666666341,0
325383.333333008,0
325399.999999675,0
325416.666666341,0
325433.333333008,0
325449.999999675,0.162405043769893
325466.666666341,0
325483.333333008,0
325499.999999675,0
325516.666666341,0
325533.333333008,0
325549.999999674,0.0246753161981918
325566.666666341,0
325583.333333008,0
325599.999999674,0
325616.666666341,0
325633.333333008,0
325649.999999674,0.0874767592619123
325666.666666341,0
325683.333333008,0
325699.999999674,0
325716.666666341,0
325733.333333008,0
325749.999999674,0.060611494789814
325766.666666341,0
325783.333333007,0
325799.999999674,0
325816.666666341,0
325833.333333007,0
325849.999999674,0.0197409981847361
325866.666666341,0
325883.333333007,0
325899.999999674,0
325916.666666341,0
325933.333333007,0
325949.999999674,0.00876633964682444
325966.666666341,0
325983.333333007,0
325999.999999674,0
326016.666666341,0
326033.333333007,0
326049.999999674,0.0125703805942156
326066.666666341,0
326083.333333007,0
326099.999999674,0
326116.66666634,0
326133.333333007,0
326149.999999674,0.00924311267616039
326166.66666634,0
326183.333333007,0
326199.999999674,0
326216.66666634,0
326233.333333007,0
326249.999999674,0.0686879822842339
326266.66666634,0
326283.333333007,0
326299.999999674,0
326316.66666634,0
326333.333333007,0
326349.999999674,0.0353210796759196
326366.66666634,0
326383.333333007,0
326399.999999674,0
326416.66666634,0
326433.333333007,0
326449.999999674,0.0983282467968274
326466.66666634,0
326483.333333007,0
326499.999999673,0
326516.66666634,0
326533.333333007,0
326549.999999673,0.0631463677477659
326566.66666634,0
326583.333333007,0
326599.999999673,0
326616.66666634,0
326633.333333007,0
326649.999999673,0.0154481082725051
326666.66666634,0
326683.333333007,0
326699.999999673,0
326716.66666634,0
326733.333333007,0
326749.999999673,0.0476087336734799
326766.66666634,0
326783.333333007,0
326799.999999673,0
326816.66666634,0
326833.333333006,0
326849.999999673,0.00887822700447694
326866.66666634,0
326883.333333006,0
326899.999999673,0
326916.66666634,0
326933.333333006,0
326949.999999673,0.0507100104484462
326966.66666634,0
326983.333333006,0
326999.999999673,0
327016.66666634,0
327033.333333006,0
327049.999999673,0.0122709942551596
327066.66666634,0
327083.333333006,0
327099.999999673,0
327116.66666634,0
327133.333333006,0
327149.999999673,0.00463841651713656
327166.666666339,0
327183.333333006,0
327199.999999673,0
327216.666666339,0
327233.333333006,0
327249.999999673,0.0753762983767294
327266.666666339,0
327283.333333006,0
327299.999999673,0
327316.666666339,0
327333.333333006,0
327349.999999673,0.0174025275215921
327366.666666339,0
327383.333333006,0
327399.999999673,0
327416.666666339,0
327433.333333006,0
327449.999999673,0.12632648057652
327466.666666339,0
327483.333333006,0
327499.999999672,0
327516.666666339,0
327533.333333006,0
327549.999999672,0.0466372794849586
327566.666666339,0
327583.333333006,0
327599.999999672,0
327616.666666339,0
327633.333333006,0
327649.999999672,0.0915812874443239
327666.666666339,0
327683.333333006,0
327699.999999672,0
327716.666666339,0
327733.333333006,0
327749.999999672,0.00358003872187002
327766.666666339,0
327783.333333006,0
327799.999999672,0
327816.666666339,0
327833.333333005,0
327849.999999672,0.0215629316319899
327866.666666339,0
327883.333333005,0
327899.999999672,0
327916.666666339,0
327933.333333005,0
327949.999999672,0.00294220385524457
327966.666666339,0
327983.333333005,0
327999.999999672,0
328016.666666339,0
328033.333333005,0
328049.999999672,0.0430338706524367
328066.666666339,0
328083.333333005,0
328099.999999672,0
328116.666666339,0
328133.333333005,0
328149.999999672,0.0688805401872689
328166.666666338,0
328183.333333005,0
328199.999999672,0
328216.666666338,0
328233.333333005,0
328249.999999672,0.093015320237313
328266.666666338,0
328283.333333005,0
328299.999999672,0
328316.666666338,0
328333.333333005,0
328349.999999672,0.0177103507110222
328366.666666338,0
328383.333333005,0
328399.999999672,0
328416.666666338,0
328433.333333005,0
328449.999999671,0.0650557790753577
328466.666666338,0
328483.333333005,0
328499.999999671,0
328516.666666338,0
328533.333333005,0
328549.999999671,0.0121199165023361
328566.666666338,0
328583.333333005,0
328599.999999671,0
328616.666666338,0
328633.333333005,0
328649.999999671,0.0790691793905048
328666.666666338,0
328683.333333005,0
328699.999999671,0
328716.666666338,0
328733.333333005,0
328749.999999671,0.0508271367174551
328766.666666338,0
328783.333333004,0
328799.999999671,0
328816.666666338,0
328833.333333004,0
328849.999999671,0.0591313481374859
328866.666666338,0
328883.333333004,0
328899.999999671,0
328916.666666338,0
328933.333333004,0
328949.999999671,0.0492407723620361
328966.666666338,0
328983.333333004,0
328999.999999671,0
329016.666666338,0
329033.333333004,0
329049.999999671,0.00335732938342868
329066.666666338,0
329083.333333004,0
329099.999999671,0
329116.666666338,0
329133.333333004,0
329149.999999671,0.0107482236818917
329166.666666337,0
329183.333333004,0
329199.999999671,0
329216.666666337,0
329233.333333004,0
329249.999999671,0.0795751635712172
329266.666666337,0
329283.333333004,0
329299.999999671,0
329316.666666337,0
329333.333333004,0
329349.999999671,0.0165160732274192
329366.666666337,0
329383.333333004,0
329399.999999671,0
329416.666666337,0
329433.333333004,0
329449.999999671,0.0534887265703341
329466.666666337,0
329483.333333004,0
329499.99999967,0
329516.666666337,0
329533.333333004,0
329549.99999967,0.0107790635374761
329566.666666337,0
329583.333333004,0
329599.99999967,0
329616.666666337,0
329633.333333004,0
329649.99999967,0.0223358848145885
329666.666666337,0
329683.333333004,0
329699.99999967,0
329716.666666337,0
329733.333333004,0
329749.99999967,0.022656544110416
329766.666666337,0
329783.333333004,0
329799.99999967,0
329816.666666337,0
329833.333333004,0
329849.99999967,0.00217112461216003
329866.666666337,0
329883.333333003,0
329899.99999967,0
329916.666666337,0
329933.333333003,0
329949.99999967,0.001266571596283
329966.666666337,0
329983.333333003,0
329999.99999967,0
330016.666666337,0
330033.333333003,0
330049.99999967,0.0320714519571638
330066.666666337,0
330083.333333003,0
330099.99999967,0
330116.666666337,0
330133.333333003,0
330149.99999967,0.0211067148187521
330166.666666336,0
330183.333333003,0
330199.99999967,0
330216.666666336,0
330233.333333003,0
330249.99999967,0.0554120126244074
330266.666666336,0
330283.333333003,0
330299.99999967,0
330316.666666336,0
330333.333333003,0
330349.99999967,0.0234793012718074
330366.666666336,0
330383.333333003,0
330399.99999967,0
330416.666666336,0
330433.333333003,0
330449.999999669,0.0210081990654022
330466.666666336,0
330483.333333003,0
330499.999999669,0
330516.666666336,0
330533.333333003,0
330549.999999669,0.0416408757371258
330566.666666336,0
330583.333333003,0
330599.999999669,0
330616.666666336,0
330633.333333003,0
330649.999999669,0.0864865058643614
330666.666666336,0
330683.333333003,0
330699.999999669,0
330716.666666336,0
330733.333333003,0
330749.999999669,0.0600950173752522
330766.666666336,0
330783.333333003,0
330799.999999669,0
330816.666666336,0
330833.333333002,0
330849.999999669,0.0338710295500829
330866.666666336,0
330883.333333002,0
330899.999999669,0
330916.666666336,0
330933.333333002,0
330949.999999669,0.00846566340586503
330966.666666336,0
330983.333333002,0
330999.999999669,0
331016.666666336,0
331033.333333002,0
331049.999999669,0.0212301228631937
331066.666666336,0
331083.333333002,0
331099.999999669,0
331116.666666335,0
331133.333333002,0
331149.999999669,0.00996773469330701
331166.666666335,0
331183.333333002,0
331199.999999669,0
331216.666666335,0
331233.333333002,0
331249.999999669,0.0823822195557457
331266.666666335,0
331283.333333002,0
331299.999999669,0
331316.666666335,0
331333.333333002,0
331349.999999669,0.0494770779444016
331366.666666335,0
331383.333333002,0
331399.999999669,0
331416.666666335,0
331433.333333002,0
331449.999999669,0.0156324488095131
331466.666666335,0
331483.333333002,0
331499.999999668,0
331516.666666335,0
331533.333333002,0
331549.999999668,0.0496916932685806
331566.666666335,0
331583.333333002,0
331599.999999668,0
331616.666666335,0
331633.333333002,0
331649.999999668,0.00233153195858247
331666.666666335,0
331683.333333002,0
331699.999999668,0
331716.666666335,0
331733.333333002,0
331749.999999668,0.00491711917394807
331766.666666335,0
331783.333333002,0
331799.999999668,0
331816.666666335,0
331833.333333001,0
331849.999999668,0.0594855602785612
331866.666666335,0
331883.333333001,0
331899.999999668,0
331916.666666335,0
331933.333333001,0
331949.999999668,0.0584167503520138
331966.666666335,0
331983.333333001,0
331999.999999668,0
332016.666666335,0
332033.333333001,0
332049.999999668,0.00540375604677962
332066.666666335,0
332083.333333001,0
332099.999999668,0
332116.666666335,0
332133.333333001,0
332149.999999668,0.0103067141659754
332166.666666334,0
332183.333333001,0
332199.999999668,0
332216.666666334,0
332233.333333001,0
332249.999999668,0.0756378049369918
332266.666666334,0
332283.333333001,0
332299.999999668,0
332316.666666334,0
332333.333333001,0
332349.999999668,0.0167569678176339
332366.666666334,0
332383.333333001,0
332399.999999668,0
332416.666666334,0
332433.333333001,0
332449.999999667,0.00797448181206717
332466.666666334,0
332483.333333001,0
332499.999999667,0
332516.666666334,0
332533.333333001,0
332549.999999667,0.0439450244377652
332566.666666334,0
332583.333333001,0
332599.999999667,0
332616.666666334,0
332633.333333001,0
332649.999999667,0.0278267509810408
332666.666666334,0
332683.333333001,0
332699.999999667,0
332716.666666334,0
332733.333333001,0
332749.999999667,0.00794479232361655
332766.666666334,0
332783.333333,0
332799.999999667,0
332816.666666334,0
332833.333333,0
332849.999999667,0.00136009414816076
332866.666666334,0
332883.333333,0
332899.999999667,0
332916.666666334,0
332933.333333,0
332949.999999667,0.0213160329623964
332966.666666334,0
332983.333333,0
332999.999999667,0
333016.666666334,0
333033.333333,0
333049.999999667,0.00535148963252362
333066.666666334,0
333083.333333,0
333099.999999667,0
333116.666666334,0
333133.333333,0
333149.999999667,0.0320710073409009
333166.666666333,0
333183.333333,0
333199.999999667,0
333216.666666333,0
333233.333333,0
333249.999999667,0.00750548583056326
333266.666666333,0
333283.333333,0
333299.999999667,0
333316.666666333,0
333333.333333,0
333349.999999667,0.0288623455332878
333366.666666333,0
333383.333333,0
333399.999999667,0
333416.666666333,0
333433.333333,0
333449.999999667,0.00757039517385319
333466.666666333,0
333483.333333,0
333499.999999666,0
333516.666666333,0
333533.333333,0
333549.999999666,0.0620885005140356
333566.666666333,0
333583.333333,0
333599.999999666,0
333616.666666333,0
333633.333333,0
333649.999999666,0.022293137303169
333666.666666333,0
333683.333333,0
333699.999999666,0
333716.666666333,0
333733.333333,0
333749.999999666,0.025298712212918
333766.666666333,0
333783.333332999,0
333799.999999666,0
333816.666666333,0
333833.333332999,0
333849.999999666,0.056229452766708
333866.666666333,0
333883.333332999,0
333899.999999666,0
333916.666666333,0
333933.333332999,0
333949.999999666,0.0624202817668853
333966.666666333,0
333983.333332999,0
333999.999999666,0
334016.666666333,0
334033.333332999,0
334049.999999666,0.0081706351694797
334066.666666333,0
334083.333332999,0
334099.999999666,0
334116.666666333,0
334133.333332999,0
334149.999999666,0.0197474977061533
334166.666666332,0
334183.333332999,0
334199.999999666,0
334216.666666332,0
334233.333332999,0
334249.999999666,0.0397745529543835
334266.666666332,0
334283.333332999,0
334299.999999666,0
334316.666666332,0
334333.333332999,0
334349.999999666,0.0130664994266837
334366.666666332,0
334383.333332999,0
334399.999999666,0
334416.666666332,0
334433.333332999,0
334449.999999666,0.00460036865706011
334466.666666332,0
334483.333332999,0
334499.999999665,0
334516.666666332,0
334533.333332999,0
334549.999999665,0.0711054412003484
334566.666666332,0
334583.333332999,0
334599.999999665,0
334616.666666332,0
334633.333332999,0
334649.999999665,0.0353461864722033
334666.666666332,0
334683.333332999,0
334699.999999665,0
334716.666666332,0
334733.333332999,0
334749.999999665,0.0520001527365572
334766.666666332,0
334783.333332999,0
334799.999999665,0
334816.666666332,0
334833.333332998,0
334849.999999665,0.0130806285198242
334866.666666332,0
334883.333332998,0
334899.999999665,0
334916.666666332,0
334933.333332998,0
334949.999999665,0.0136337238554355
334966.666666332,0
334983.333332998,0
334999.999999665,0
335016.666666332,0
335033.333332998,0
335049.999999665,0.0125157477904067
335066.666666332,0
335083.333332998,0
335099.999999665,0
335116.666666331,0
335133.333332998,0
335149.999999665,0.00256707931617546
335166.666666331,0
335183.333332998,0
335199.999999665,0
335216.666666331,0
335233.333332998,0
335249.999999665,0.0356171138414742
335266.666666331,0
335283.333332998,0
335299.999999665,0
335316.666666331,0
335333.333332998,0
335349.999999665,0.0181764313130424
335366.666666331,0
335383.333332998,0
335399.999999665,0
335416.666666331,0
335433.333332998,0
335449.999999664,0.0440636040127767
335466.666666331,0
335483.333332998,0
335499.999999664,0
335516.666666331,0
335533.333332998,0
335549.999999664,0.0426269517120466
335566.666666331,0
335583.333332998,0
335599.999999664,0
335616.666666331,0
335633.333332998,0
335649.999999664,0.00296913772898669
335666.666666331,0
335683.333332998,0
335699.999999664,0
335716.666666331,0
335733.333332998,0
335749.999999664,0.0508367676241257
335766.666666331,0
335783.333332998,0
335799.999999664,0
335816.666666331,0
335833.333332997,0
335849.999999664,0.0107944419675595
335866.666666331,0
335883.333332997,0
335899.999999664,0
335916.666666331,0
335933.333332997,0
335949.999999664,0.0155109097074882
335966.666666331,0
335983.333332997,0
335999.999999664,0
336016.666666331,0
336033.333332997,0
336049.999999664,0.0091486262023867
336066.666666331,0
336083.333332997,0
336099.999999664,0
336116.666666331,0
336133.333332997,0
336149.999999664,0.00418660094821826
336166.66666633,0
336183.333332997,0
336199.999999664,0
336216.66666633,0
336233.333332997,0
336249.999999664,0.052203259224386
336266.66666633,0
336283.333332997,0
336299.999999664,0
336316.66666633,0
336333.333332997,0
336349.999999664,0.0359528485630361
336366.66666633,0
336383.333332997,0
336399.999999664,0
336416.66666633,0
336433.333332997,0
336449.999999664,0.0548784934058572
336466.66666633,0
336483.333332997,0
336499.999999664,0
336516.66666633,0
336533.333332997,0
336549.999999663,0.000416988732904934
336566.66666633,0
336583.333332997,0
336599.999999663,0
336616.66666633,0
336633.333332997,0
336649.999999663,0.00936063037321814
336666.66666633,0
336683.333332997,0
336699.999999663,0
336716.66666633,0
336733.333332997,0
336749.999999663,0.050664018085018
336766.66666633,0
336783.333332997,0
336799.999999663,0
336816.66666633,0
336833.333332996,0
336849.999999663,0.0176946836728746
336866.66666633,0
336883.333332996,0
336899.999999663,0
336916.66666633,0
336933.333332996,0
336949.999999663,0.000531049153614602
336966.66666633,0
336983.333332996,0
336999.999999663,0
337016.66666633,0
337033.333332996,0
337049.999999663,0.0130075829422145
337066.66666633,0
337083.333332996,0
337099.999999663,0
337116.666666329,0
337133.333332996,0
337149.999999663,0.0267979179034548
337166.666666329,0
337183.333332996,0
337199.999999663,0
337216.666666329,0
337233.333332996,0
337249.999999663,0.0354514731116031
337266.666666329,0
337283.333332996,0
337299.999999663,0
337316.666666329,0
337333.333332996,0
337349.999999663,0.0226966386959326
337366.666666329,0
337383.333332996,0
337399.999999663,0
337416.666666329,0
337433.333332996,0
337449.999999663,0.00234987417173865
337466.666666329,0
337483.333332996,0
337499.999999662,0
337516.666666329,0
337533.333332996,0
337549.999999662,3.46035636824717e-05
337566.666666329,0
337583.333332996,0
337599.999999662,0
337616.666666329,0
337633.333332996,0
337649.999999662,0.0152598543663927
337666.666666329,0
337683.333332996,0
337699.999999662,0
337716.666666329,0
337733.333332996,0
337749.999999662,0.0741369252172962
337766.666666329,0
337783.333332995,0
337799.999999662,0
337816.666666329,0
337833.333332995,0
337849.999999662,0.050443312902331
337866.666666329,0
337883.333332995,0
337899.999999662,0
337916.666666329,0
337933.333332995,0
337949.999999662,0.00996761746250813
337966.666666329,0
337983.333332995,0
337999.999999662,0
338016.666666329,0
338033.333332995,0
338049.999999662,0.0308214947036183
338066.666666329,0
338083.333332995,0
338099.999999662,0
338116.666666328,0
338133.333332995,0
338149.999999662,0.0351878589223143
338166.666666328,0
338183.333332995,0
338199.999999662,0
338216.666666328,0
338233.333332995,0
338249.999999662,0.0213059155456392
338266.666666328,0
338283.333332995,0
338299.999999662,0
338316.666666328,0
338333.333332995,0
338349.999999662,0.0130437950729968
338366.666666328,0
338383.333332995,0
338399.999999662,0
338416.666666328,0
338433.333332995,0
338449.999999662,0.00231430547379223
338466.666666328,0
338483.333332995,0
338499.999999661,0
338516.666666328,0
338533.333332995,0
338549.999999661,0.0352356877482545
338566.666666328,0
338583.333332995,0
338599.999999661,0
338616.666666328,0
338633.333332995,0
338649.999999661,0.0255604324640628
338666.666666328,0
338683.333332995,0
338699.999999661,0
338716.666666328,0
338733.333332995,0
338749.999999661,0.0423483173471639
338766.666666328,0
338783.333332995,0
338799.999999661,0
338816.666666328,0
338833.333332994,0
338849.999999661,0.00804828263144379
338866.666666328,0
338883.333332994,0
338899.999999661,0
338916.666666328,0
338933.333332994,0
338949.999999661,0.0349762524855139
338966.666666328,0
338983.333332994,0
338999.999999661,0
339016.666666328,0
339033.333332994,0
339049.999999661,0.0536528304953772
339066.666666328,0
339083.333332994,0
339099.999999661,0
339116.666666327,0
339133.333332994,0
339149.999999661,0.0092609850796311
339166.666666327,0
339183.333332994,0
339199.999999661,0
339216.666666327,0
339233.333332994,0
339249.999999661,0.03630558867314
339266.666666327,0
339283.333332994,0
339299.999999661,0
339316.666666327,0
339333.333332994,0
339349.999999661,0.00545254117614658
339366.666666327,0
339383.333332994,0
339399.999999661,0
339416.666666327,0
339433.333332994,0
339449.99999966,0.0219324730864733
339466.666666327,0
339483.333332994,0
339499.99999966,0
339516.666666327,0
339533.333332994,0
339549.99999966,0.00642288560884431
339566.666666327,0
339583.333332994,0
339599.99999966,0
339616.666666327,0
339633.333332994,0
339649.99999966,0.0638780310979293
339666.666666327,0
339683.333332994,0
339699.99999966,0
339716.666666327,0
339733.333332994,0
339749.99999966,0.00690873357837068
339766.666666327,0
339783.333332993,0
339799.99999966,0
339816.666666327,0
339833.333332993,0
339849.99999966,0.0147233270556387
339866.666666327,0
339883.333332993,0
339899.99999966,0
339916.666666327,0
339933.333332993,0
339949.99999966,0.00798089534450218
339966.666666327,0
339983.333332993,0
339999.99999966,0
340016.666666327,0
340033.333332993,0
340049.99999966,0.034189124880956
340066.666666327,0
340083.333332993,0
340099.99999966,0
340116.666666327,0
340133.333332993,0
340149.99999966,0.0314370838073934
340166.666666326,0
340183.333332993,0
340199.99999966,0
340216.666666326,0
340233.333332993,0
340249.99999966,0.0400560483405611
340266.666666326,0
340283.333332993,0
340299.99999966,0
340316.666666326,0
340333.333332993,0
340349.99999966,0.0273409348745904
340366.666666326,0
340383.333332993,0
340399.99999966,0
340416.666666326,0
340433.333332993,0
340449.99999966,0.0183935731130574
340466.666666326,0
340483.333332993,0
340499.999999659,0
340516.666666326,0
340533.333332993,0
340549.999999659,0.0151175653074068
340566.666666326,0
340583.333332993,0
340599.999999659,0
340616.666666326,0
340633.333332993,0
340649.999999659,0.0300757579117866
340666.666666326,0
340683.333332993,0
340699.999999659,0
340716.666666326,0
340733.333332993,0
340749.999999659,0.0133656010538902
340766.666666326,0
340783.333332993,0
340799.999999659,0
340816.666666326,0
340833.333332992,0
340849.999999659,0.00949215681665424
340866.666666326,0
340883.333332992,0
340899.999999659,0
340916.666666326,0
340933.333332992,0
340949.999999659,0.0279555415049686
340966.666666326,0
340983.333332992,0
340999.999999659,0
341016.666666326,0
341033.333332992,0
341049.999999659,0.0623711886243107
341066.666666326,0
341083.333332992,0
341099.999999659,0
341116.666666326,0
341133.333332992,0
341149.999999659,0.0224670709615526
341166.666666325,0
341183.333332992,0
341199.999999659,0
341216.666666325,0
341233.333332992,0
341249.999999659,0.00220015508895128
341266.666666325,0
341283.333332992,0
341299.999999659,0
341316.666666325,0
341333.333332992,0
341349.999999659,0.0646343582743265
341366.666666325,0
341383.333332992,0
341399.999999659,0
341416.666666325,0
341433.333332992,0
341449.999999658,0.0158202828895896
341466.666666325,0
341483.333332992,0
341499.999999658,0
341516.666666325,0
341533.333332992,0
341549.999999658,0.00315365553437805
341566.666666325,0
341583.333332992,0
341599.999999658,0
341616.666666325,0
341633.333332992,0
341649.999999658,0.0251664434240669
341666.666666325,0
341683.333332992,0
341699.999999658,0
341716.666666325,0
341733.333332992,0
341749.999999658,0.0277418459065607
341766.666666325,0
341783.333332992,0
341799.999999658,0
341816.666666325,0
341833.333332991,0
341849.999999658,0.0196422316695748
341866.666666325,0
341883.333332991,0
341899.999999658,0
341916.666666325,0
341933.333332991,0
341949.999999658,0.00645985185362106
341966.666666325,0
341983.333332991,0
341999.999999658,0
342016.666666325,0
342033.333332991,0
342049.999999658,0.0316460900024006
342066.666666325,0
342083.333332991,0
342099.999999658,0
342116.666666324,0
342133.333332991,0
342149.999999658,0.0622919938037712
342166.666666324,0
342183.333332991,0
342199.999999658,0
342216.666666324,0
342233.333332991,0
342249.999999658,0.0360893667292436
342266.666666324,0
342283.333332991,0
342299.999999658,0
342316.666666324,0
342333.333332991,0
342349.999999658,0.027994728941654
342366.666666324,0
342383.333332991,0
342399.999999658,0
342416.666666324,0
342433.333332991,0
342449.999999658,0.0196876958088028
342466.666666324,0
342483.333332991,0
342499.999999657,0
342516.666666324,0
342533.333332991,0
342549.999999657,0.00377472335095705
342566.666666324,0
342583.333332991,0
342599.999999657,0
342616.666666324,0
342633.333332991,0
342649.999999657,0.00112962299275469
342666.666666324,0
342683.333332991,0
342699.999999657,0
342716.666666324,0
342733.333332991,0
342749.999999657,0.0227844674927137
342766.666666324,0
342783.333332991,0
342799.999999657,0
342816.666666324,0
342833.33333299,0
342849.999999657,0.054862787638078
342866.666666324,0
342883.33333299,0
342899.999999657,0
342916.666666324,0
342933.33333299,0
342949.999999657,0.0406530401987748
342966.666666324,0
342983.33333299,0
342999.999999657,0
343016.666666324,0
343033.33333299,0
343049.999999657,0.0347508436418335
343066.666666324,0
343083.33333299,0
343099.999999657,0
343116.666666324,0
343133.33333299,0
343149.999999657,0.0313542414413913
343166.666666323,0
343183.33333299,0
343199.999999657,0
343216.666666323,0
343233.33333299,0
343249.999999657,0.00205336962106413
343266.666666323,0
343283.33333299,0
343299.999999657,0
343316.666666323,0
343333.33333299,0
343349.999999657,0.043020841377542
343366.666666323,0
343383.33333299,0
343399.999999657,0
343416.666666323,0
343433.33333299,0
343449.999999656,0.0302414137492352
343466.666666323,0
343483.33333299,0
343499.999999656,0
343516.666666323,0
343533.33333299,0
343549.999999656,0.0502690152835182
343566.666666323,0
343583.33333299,0
343599.999999656,0
343616.666666323,0
343633.33333299,0
343649.999999656,0.00503483445793161
343666.666666323,0
343683.33333299,0
343699.999999656,0
343716.666666323,0
343733.33333299,0
343749.999999656,0.00658541302268291
343766.666666323,0
343783.333332989,0
343799.999999656,0
343816.666666323,0
343833.333332989,0
343849.999999656,0.0251165388976894
343866.666666323,0
343883.333332989,0
343899.999999656,0
343916.666666323,0
343933.333332989,0
343949.999999656,0.0135531648890949
343966.666666323,0
343983.333332989,0
343999.999999656,0
344016.666666323,0
344033.333332989,0
344049.999999656,0.00507539307307363
344066.666666323,0
344083.333332989,0
344099.999999656,0
344116.666666323,0
344133.333332989,0
344149.999999656,0.0219194458352606
344166.666666322,0
344183.333332989,0
344199.999999656,0
344216.666666322,0
344233.333332989,0
344249.999999656,0.0230228658996704
344266.666666322,0
344283.333332989,0
344299.999999656,0
344316.666666322,0
344333.333332989,0
344349.999999656,0.0357840199760982
344366.666666322,0
344383.333332989,0
344399.999999656,0
344416.666666322,0
344433.333332989,0
344449.999999656,0.000466563855293788
344466.666666322,0
344483.333332989,0
344499.999999655,0
344516.666666322,0
344533.333332989,0
344549.999999655,0.055131342256603
344566.666666322,0
344583.333332989,0
344599.999999655,0
344616.666666322,0
344633.333332989,0
344649.999999655,0.0561390149128409
344666.666666322,0
344683.333332989,0
344699.999999655,0
344716.666666322,0
344733.333332989,0
344749.999999655,0.017990088827702
344766.666666322,0
344783.333332988,0
344799.999999655,0
344816.666666322,0
344833.333332988,0
344849.999999655,0.0306862603684693
344866.666666322,0
344883.333332988,0
344899.999999655,0
344916.666666322,0
344933.333332988,0
344949.999999655,0.0314231539611789
344966.666666322,0
344983.333332988,0
344999.999999655,0
345016.666666322,0
345033.333332988,0
345049.999999655,0.0261637563350383
345066.666666322,0
345083.333332988,0
345099.999999655,0
345116.666666322,0
345133.333332988,0
345149.999999655,0.0134815622790575
345166.666666321,0
345183.333332988,0
345199.999999655,0
345216.666666321,0
345233.333332988,0
345249.999999655,0.00650086254884273
345266.666666321,0
345283.333332988,0
345299.999999655,0
345316.666666321,0
345333.333332988,0
345349.999999655,0.0787012182945922
345366.666666321,0
345383.333332988,0
345399.999999655,0
345416.666666321,0
345433.333332988,0
345449.999999655,0.0573202336826349
345466.666666321,0
345483.333332988,0
345499.999999654,0
345516.666666321,0
345533.333332988,0
345549.999999654,0.0310901962971437
345566.666666321,0
345583.333332988,0
345599.999999654,0
345616.666666321,0
345633.333332988,0
345649.999999654,0.0127917801320621
345666.666666321,0
345683.333332988,0
345699.999999654,0
345716.666666321,0
345733.333332988,0
345749.999999654,0.0225518762602269
345766.666666321,0
345783.333332988,0
345799.999999654,0
345816.666666321,0
345833.333332987,0
345849.999999654,0.000586602935833957
345866.666666321,0
345883.333332987,0
345899.999999654,0
345916.666666321,0
345933.333332987,0
345949.999999654,0.00837161482516304
345966.666666321,0
345983.333332987,0
345999.999999654,0
346016.666666321,0
346033.333332987,0
346049.999999654,0.0366362058168902
346066.666666321,0
346083.333332987,0
346099.999999654,0
346116.66666632,0
346133.333332987,0
346149.999999654,0.044103934792436
346166.66666632,0
346183.333332987,0
346199.999999654,0
346216.66666632,0
346233.333332987,0
346249.999999654,0.0116206937781459
346266.66666632,0
346283.333332987,0
346299.999999654,0
346316.66666632,0
346333.333332987,0
346349.999999654,0.0642314928125009
346366.66666632,0
346383.333332987,0
346399.999999654,0
346416.66666632,0
346433.333332987,0
346449.999999653,0.0045781893425937
346466.66666632,0
346483.333332987,0
346499.999999653,0
346516.66666632,0
346533.333332987,0
346549.999999653,0.0223474571580186
346566.66666632,0
346583.333332987,0
346599.999999653,0
346616.66666632,0
346633.333332987,0
346649.999999653,0.00580153665819115
346666.66666632,0
346683.333332987,0
346699.999999653,0
346716.66666632,0
346733.333332987,0
346749.999999653,0.0766391613302634
346766.66666632,0
346783.333332987,0
346799.999999653,0
346816.66666632,0
346833.333332986,0
346849.999999653,0.00727732915655783
346866.66666632,0
346883.333332986,0
346899.999999653,0
346916.66666632,0
346933.333332986,0
346949.999999653,0.0415340877585396
346966.66666632,0
346983.333332986,0
346999.999999653,0
347016.66666632,0
347033.333332986,0
347049.999999653,0.00313466501881688
347066.66666632,0
347083.333332986,0
347099.999999653,0
347116.66666632,0
347133.333332986,0
347149.999999653,0.00206849916910333
347166.666666319,0
347183.333332986,0
347199.999999653,0
347216.666666319,0
347233.333332986,0
347249.999999653,0.0274249585956612
347266.666666319,0
347283.333332986,0
347299.999999653,0
347316.666666319,0
347333.333332986,0
347349.999999653,0.027784869737533
347366.666666319,0
347383.333332986,0
347399.999999653,0
347416.666666319,0
347433.333332986,0
347449.999999653,0.00929561083946286
347466.666666319,0
347483.333332986,0
347499.999999653,0
347516.666666319,0
347533.333332986,0
347549.999999652,0.0173587552221454
347566.666666319,0
347583.333332986,0
347599.999999652,0
347616.666666319,0
347633.333332986,0
347649.999999652,0.0180206443253061
347666.666666319,0
347683.333332986,0
347699.999999652,0
347716.666666319,0
347733.333332986,0
347749.999999652,0.0277727820915645
347766.666666319,0
347783.333332986,0
347799.999999652,0
347816.666666319,0
347833.333332985,0
347849.999999652,0.0701840871153027
347866.666666319,0
347883.333332985,0
347899.999999652,0
347916.666666319,0
347933.333332985,0
347949.999999652,0.0196827375497614
347966.666666319,0
347983.333332985,0
347999.999999652,0
348016.666666319,0
348033.333332985,0
348049.999999652,0.00798446406654864
348066.666666319,0
348083.333332985,0
348099.999999652,0
348116.666666318,0
348133.333332985,0
348149.999999652,0.0532056024574313
348166.666666318,0
348183.333332985,0
348199.999999652,0
348216.666666318,0
348233.333332985,0
348249.999999652,0.0280116569159968
348266.666666318,0
348283.333332985,0
348299.999999652,0
348316.666666318,0
348333.333332985,0
348349.999999652,0.0219510485765781
348366.666666318,0
348383.333332985,0
348399.999999652,0
348416.666666318,0
348433.333332985,0
348449.999999652,0.0344367008665707
348466.666666318,0
348483.333332985,0
348499.999999651,0
348516.666666318,0
348533.333332985,0
348549.999999651,0.0619975477241616
348566.666666318,0
348583.333332985,0
348599.999999651,0
348616.666666318,0
348633.333332985,0
348649.999999651,0.113409442327389
348666.666666318,0
348683.333332985,0
348699.999999651,0
348716.666666318,0
348733.333332985,0
348749.999999651,0.0205796368422293
348766.666666318,0
348783.333332984,0
348799.999999651,0
348816.666666318,0
348833.333332984,0
348849.999999651,0.0111369022908319
348866.666666318,0
348883.333332984,0
348899.999999651,0
348916.666666318,0
348933.333332984,0
348949.999999651,0.0146988076298416
348966.666666318,0
348983.333332984,0
348999.999999651,0
349016.666666318,0
349033.333332984,0
349049.999999651,0.00865593906740994
349066.666666318,0
349083.333332984,0
349099.999999651,0
349116.666666317,0
349133.333332984,0
349149.999999651,0.0165524861779115
349166.666666317,0
349183.333332984,0
349199.999999651,0
349216.666666317,0
349233.333332984,0
349249.999999651,0.0661098377029179
349266.666666317,0
349283.333332984,0
349299.999999651,0
349316.666666317,0
349333.333332984,0
349349.999999651,0.0299016433811204
349366.666666317,0
349383.333332984,0
349399.999999651,0
349416.666666317,0
349433.333332984,0
349449.999999651,0.0056574737209926
349466.666666317,0
349483.333332984,0
349499.99999965,0
349516.666666317,0
349533.333332984,0
349549.99999965,0.0663302275317618
349566.666666317,0
349583.333332984,0
349599.99999965,0
349616.666666317,0
349633.333332984,0
349649.99999965,0.0331723721262525
349666.666666317,0
349683.333332984,0
349699.99999965,0
349716.666666317,0
349733.333332984,0
349749.99999965,0.0103826469779748
349766.666666317,0
349783.333332984,0
349799.99999965,0
349816.666666317,0
349833.333332983,0
349849.99999965,0.0153696144095577
349866.666666317,0
349883.333332983,0
349899.99999965,0
349916.666666317,0
349933.333332983,0
349949.99999965,0.0534219206438772
349966.666666317,0
349983.333332983,0
349999.99999965,0
350016.666666317,0
350033.333332983,0
350049.99999965,0.0527094612907783
350066.666666317,0
350083.333332983,0
350099.99999965,0
350116.666666316,0
350133.333332983,0
350149.99999965,0.0530721386661282
350166.666666316,0
350183.333332983,0
350199.99999965,0
350216.666666316,0
350233.333332983,0
350249.99999965,0.0364130479535343
350266.666666316,0
350283.333332983,0
350299.99999965,0
350316.666666316,0
350333.333332983,0
350349.99999965,0.0447929150302589
350366.666666316,0
350383.333332983,0
350399.99999965,0
350416.666666316,0
350433.333332983,0
350449.999999649,0.039925192105939
350466.666666316,0
350483.333332983,0
350499.999999649,0
350516.666666316,0
350533.333332983,0
350549.999999649,0.000652536303659062
350566.666666316,0
350583.333332983,0
350599.999999649,0
350616.666666316,0
350633.333332983,0
350649.999999649,0.0302608857080741
350666.666666316,0
350683.333332983,0
350699.999999649,0
350716.666666316,0
350733.333332983,0
350749.999999649,0.0231823717288665
350766.666666316,0
350783.333332982,0
350799.999999649,0
350816.666666316,0
350833.333332982,0
350849.999999649,0.0108122366734422
350866.666666316,0
350883.333332982,0
350899.999999649,0
350916.666666316,0
350933.333332982,0
350949.999999649,0.0542352050013316
350966.666666316,0
350983.333332982,0
350999.999999649,0
351016.666666316,0
351033.333332982,0
351049.999999649,0.0499665830461033
351066.666666316,0
351083.333332982,0
351099.999999649,0
351116.666666316,0
351133.333332982,0
351149.999999649,0.0249157720536114
351166.666666315,0
351183.333332982,0
351199.999999649,0
351216.666666315,0
351233.333332982,0
351249.999999649,0.0235120301694546
351266.666666315,0
351283.333332982,0
351299.999999649,0
351316.666666315,0
351333.333332982,0
351349.999999649,0.0488755898242887
351366.666666315,0
351383.333332982,0
351399.999999649,0
351416.666666315,0
351433.333332982,0
351449.999999648,0.101822408190514
351466.666666315,0
351483.333332982,0
351499.999999648,0
351516.666666315,0
351533.333332982,0
351549.999999648,0.0131368169193508
351566.666666315,0
351583.333332982,0
351599.999999648,0
351616.666666315,0
351633.333332982,0
351649.999999648,0.0176130582793744
351666.666666315,0
351683.333332982,0
351699.999999648,0
351716.666666315,0
351733.333332982,0
351749.999999648,0.00954402505894511
351766.666666315,0
351783.333332982,0
351799.999999648,0
351816.666666315,0
351833.333332981,0
351849.999999648,0.135564525507545
351866.666666315,0
351883.333332981,0
351899.999999648,0
351916.666666315,0
351933.333332981,0
351949.999999648,0.0656804547656091
351966.666666315,0
351983.333332981,0
351999.999999648,0
352016.666666315,0
352033.333332981,0
352049.999999648,0.0225451250708982
352066.666666315,0
352083.333332981,0
352099.999999648,0
352116.666666315,0
352133.333332981,0
352149.999999648,0.0434835139329153
352166.666666314,0
352183.333332981,0
352199.999999648,0
352216.666666314,0
352233.333332981,0
352249.999999648,0.0377012592138637
352266.666666314,0
352283.333332981,0
352299.999999648,0
352316.666666314,0
352333.333332981,0
352349.999999648,0.0158422891372649
352366.666666314,0
352383.333332981,0
352399.999999648,0
352416.666666314,0
352433.333332981,0
352449.999999647,0.114878070888174
352466.666666314,0
352483.333332981,0
352499.999999647,0
352516.666666314,0
352533.333332981,0
352549.999999647,0.0793313159893288
352566.666666314,0
352583.333332981,0
352599.999999647,0
352616.666666314,0
352633.333332981,0
352649.999999647,0.0188133877933163
352666.666666314,0
352683.333332981,0
352699.999999647,0
352716.666666314,0
352733.333332981,0
352749.999999647,0.0591575596904325
352766.666666314,0
352783.333332981,0
352799.999999647,0
352816.666666314,0
352833.33333298,0
352849.999999647,0.0653566117092495
352866.666666314,0
352883.33333298,0
352899.999999647,0
352916.666666314,0
352933.33333298,0
352949.999999647,0.00236757572538839
352966.666666314,0
352983.33333298,0
352999.999999647,0
353016.666666314,0
353033.33333298,0
353049.999999647,0.0272604475663116
353066.666666314,0
353083.33333298,0
353099.999999647,0
353116.666666313,0
353133.33333298,0
353149.999999647,0.0317324522342441
353166.666666313,0
353183.33333298,0
353199.999999647,0
353216.666666313,0
353233.33333298,0
353249.999999647,0.0404746828916453
353266.666666313,0
353283.33333298,0
353299.999999647,0
353316.666666313,0
353333.33333298,0
353349.999999647,0.016390297172961
353366.666666313,0
353383.33333298,0
353399.999999647,0
353416.666666313,0
353433.33333298,0
353449.999999647,0.080465828793993
353466.666666313,0
353483.33333298,0
353499.999999646,0
353516.666666313,0
353533.33333298,0
353549.999999646,0.0719468771789527
353566.666666313,0
353583.33333298,0
353599.999999646,0
353616.666666313,0
353633.33333298,0
353649.999999646,0.0132995148829481
353666.666666313,0
353683.33333298,0
353699.999999646,0
353716.666666313,0
353733.33333298,0
353749.999999646,0.0781795194313674
353766.666666313,0
353783.33333298,0
353799.999999646,0
353816.666666313,0
353833.333332979,0
353849.999999646,0.0294543476499852
353866.666666313,0
353883.333332979,0
353899.999999646,0
353916.666666313,0
353933.333332979,0
353949.999999646,0.00653438772610448
353966.666666313,0
353983.333332979,0
353999.999999646,0
354016.666666313,0
354033.333332979,0
354049.999999646,0.0404143613878886
354066.666666313,0
354083.333332979,0
354099.999999646,0
354116.666666313,0
354133.333332979,0
354149.999999646,0.0736012450991575
354166.666666312,0
354183.333332979,0
354199.999999646,0
354216.666666312,0
354233.333332979,0
354249.999999646,0.068838541967529
354266.666666312,0
354283.333332979,0
354299.999999646,0
354316.666666312,0
354333.333332979,0
354349.999999646,0.0458790912272035
354366.666666312,0
354383.333332979,0
354399.999999646,0
354416.666666312,0
354433.333332979,0
354449.999999646,0.059562367451052
354466.666666312,0
354483.333332979,0
354499.999999646,0
354516.666666312,0
354533.333332979,0
354549.999999645,0.0987664997475152
354566.666666312,0
354583.333332979,0
354599.999999645,0
354616.666666312,0
354633.333332979,0
354649.999999645,0.132123442316067
354666.666666312,0
354683.333332979,0
354699.999999645,0
354716.666666312,0
354733.333332979,0
354749.999999645,0.0995828418736269
354766.666666312,0
354783.333332978,0
354799.999999645,0
354816.666666312,0
354833.333332978,0
354849.999999645,0.0396006334609498
354866.666666312,0
354883.333332978,0
354899.999999645,0
354916.666666312,0
354933.333332978,0
354949.999999645,0.0330580025867126
354966.666666312,0
354983.333332978,0
354999.999999645,0
355016.666666312,0
355033.333332978,0
355049.999999645,0.0967566803550708
355066.666666312,0
355083.333332978,0
355099.999999645,0
355116.666666312,0
355133.333332978,0
355149.999999645,0.16221410530005
355166.666666311,0
355183.333332978,0
355199.999999645,0
355216.666666311,0
355233.333332978,0
355249.999999645,0.00562584873360775
355266.666666311,0
355283.333332978,0
355299.999999645,0
355316.666666311,0
355333.333332978,0
355349.999999645,0.0374154744730428
355366.666666311,0
355383.333332978,0
355399.999999645,0
355416.666666311,0
355433.333332978,0
355449.999999645,0.122341534671928
355466.666666311,0
355483.333332978,0
355499.999999644,0
355516.666666311,0
355533.333332978,0
355549.999999644,0.0304132643894194
355566.666666311,0
355583.333332978,0
355599.999999644,0
355616.666666311,0
355633.333332978,0
355649.999999644,0.157438257049952
355666.666666311,0
355683.333332978,0
355699.999999644,0
355716.666666311,0
355733.333332978,0
355749.999999644,0.231190819811378
355766.666666311,0
355783.333332977,0
355799.999999644,0
355816.666666311,0
355833.333332977,0
355849.999999644,0.0477423152842505
355866.666666311,0
355883.333332977,0
355899.999999644,0
355916.666666311,0
355933.333332977,0
355949.999999644,0.140576906790194
355966.666666311,0
355983.333332977,0
355999.999999644,0
356016.666666311,0
356033.333332977,0
356049.999999644,0.0189877356128945
356066.666666311,0
356083.333332977,0
356099.999999644,0
356116.666666311,0
356133.333332977,0
356149.999999644,0.0177502967424016
356166.66666631,0
356183.333332977,0
356199.999999644,0
356216.66666631,0
356233.333332977,0
356249.999999644,0.0110761789795924
356266.66666631,0
356283.333332977,0
356299.999999644,0
356316.66666631,0
356333.333332977,0
356349.999999644,0.0828455662979462
356366.66666631,0
356383.333332977,0
356399.999999644,0
356416.66666631,0
356433.333332977,0
356449.999999644,0.0230084277377674
356466.66666631,0
356483.333332977,0
356499.999999643,0
356516.66666631,0
356533.333332977,0
356549.999999643,0.00639462385354104
356566.66666631,0
356583.333332977,0
356599.999999643,0
356616.66666631,0
356633.333332977,0
356649.999999643,0.0530510555455154
356666.66666631,0
356683.333332977,0
356699.999999643,0
356716.66666631,0
356733.333332977,0
356749.999999643,0.0583445873027252
356766.66666631,0
356783.333332977,0
356799.999999643,0
356816.66666631,0
356833.333332976,0
356849.999999643,0.0899456019247017
356866.66666631,0
356883.333332976,0
356899.999999643,0
356916.66666631,0
356933.333332976,0
356949.999999643,0.149503125013746
356966.66666631,0
356983.333332976,0
356999.999999643,0
357016.66666631,0
357033.333332976,0
357049.999999643,0.0589155644297218
357066.66666631,0
357083.333332976,0
357099.999999643,0
357116.666666309,0
357133.333332976,0
357149.999999643,0.156846467271782
357166.666666309,0
357183.333332976,0
357199.999999643,0
357216.666666309,0
357233.333332976,0
357249.999999643,0.0561920807673756
357266.666666309,0
357283.333332976,0
357299.999999643,0
357316.666666309,0
357333.333332976,0
357349.999999643,0.08658048679584
357366.666666309,0
357383.333332976,0
357399.999999643,0
357416.666666309,0
357433.333332976,0
357449.999999642,0.189549577223647
357466.666666309,0
357483.333332976,0
357499.999999642,0
357516.666666309,0
357533.333332976,0
357549.999999642,0.0773913001803183
357566.666666309,0
357583.333332976,0
357599.999999642,0
357616.666666309,0
357633.333332976,0
357649.999999642,0.0213245430792547
357666.666666309,0
357683.333332976,0
357699.999999642,0
357716.666666309,0
357733.333332976,0
357749.999999642,0.239331701314206
357766.666666309,0
357783.333332976,0
357799.999999642,0
357816.666666309,0
357833.333332975,0
357849.999999642,0.217421382750775
357866.666666309,0
357883.333332975,0
357899.999999642,0
357916.666666309,0
357933.333332975,0
357949.999999642,0.318812592939331
357966.666666309,0
357983.333332975,0
357999.999999642,0
358016.666666309,0
358033.333332975,0
358049.999999642,0.392889655125688
358066.666666309,0
358083.333332975,0
358099.999999642,0
358116.666666309,0
358133.333332975,0
358149.999999642,0.064611255368745
358166.666666308,0
358183.333332975,0
358199.999999642,0
358216.666666308,0
358233.333332975,0
358249.999999642,0.226809104052517
358266.666666308,0
358283.333332975,0
358299.999999642,0
358316.666666308,0
358333.333332975,0
358349.999999642,0.209197778971284
358366.666666308,0
358383.333332975,0
358399.999999642,0
358416.666666308,0
358433.333332975,0
358449.999999641,0.00148017860006426
358466.666666308,0
358483.333332975,0
358499.999999641,0
358516.666666308,0
358533.333332975,0
358549.999999641,0.293254770191049
358566.666666308,0
358583.333332975,0
358599.999999641,0
358616.666666308,0
358633.333332975,0
358649.999999641,0.316641531361923
358666.666666308,0
358683.333332975,0
358699.999999641,0
358716.666666308,0
358733.333332975,0
358749.999999641,0.528249070530553
358766.666666308,0
358783.333332975,0
358799.999999641,0
358816.666666308,0
358833.333332974,0
358849.999999641,0.418354741336201
358866.666666308,0
358883.333332974,0
358899.999999641,0
358916.666666308,0
358933.333332974,0
358949.999999641,0.845377091230489
358966.666666308,0
358983.333332974,0
358999.999999641,0
359016.666666308,0
359033.333332974,0
359049.999999641,0.267068533108559
359066.666666308,0
359083.333332974,0
359099.999999641,0
359116.666666307,0
359133.333332974,0
359149.999999641,0.814423977185268
359166.666666307,0
359183.333332974,0
359199.999999641,0
359216.666666307,0
359233.333332974,0
359249.999999641,0.00776760295470689
359266.666666307,0
359283.333332974,0
359299.999999641,0
359316.666666307,0
359333.333332974,0
359349.999999641,0.618410421002635
359366.666666307,0
359383.333332974,0
359399.999999641,0
359416.666666307,0
359433.333332974,0
359449.999999641,0.535053441652268
359466.666666307,0
359483.333332974,0
359499.99999964,0
359516.666666307,0
359533.333332974,0
359549.99999964,0.118502771706791
359566.666666307,0
359583.333332974,0
359599.99999964,0
359616.666666307,0
359633.333332974,0
359649.99999964,0.191080511883687
359666.666666307,0
359683.333332974,0
359699.99999964,0
359716.666666307,0
359733.333332974,0
359749.99999964,0.305153586799332
359766.666666307,0
359783.333332973,0
359799.99999964,0
359816.666666307,0
359833.333332973,0
359849.99999964,0.354195835874006
359866.666666307,0
359883.333332973,0
359899.99999964,0
359916.666666307,0
359933.333332973,0
359949.99999964,0.313123254661042
359966.666666307,0
359983.333332973,0
359999.99999964,0
360016.666666307,0
360033.333332973,0
360049.99999964,0.337119279135288
360066.666666307,0
360083.333332973,0
360099.99999964,0
360116.666666306,0
360133.333332973,0
360149.99999964,0.378050352606926
360166.666666306,0
360183.333332973,0
360199.99999964,0
360216.666666306,0
360233.333332973,0
360249.99999964,0.28317508729814
360266.666666306,0
360283.333332973,0
360299.99999964,0
360316.666666306,0
360333.333332973,0
360349.99999964,0.174564496298032
360366.666666306,0
360383.333332973,0
360399.99999964,0
360416.666666306,0
360433.333332973,0
360449.99999964,0.0878945089124188
360466.666666306,0
360483.333332973,0
360499.999999639,0
360516.666666306,0
360533.333332973,0
360549.999999639,0.510539752507249
360566.666666306,0
360583.333332973,0
360599.999999639,0
360616.666666306,0
360633.333332973,0
360649.999999639,0.632609607362689
360666.666666306,0
360683.333332973,0
360699.999999639,0
360716.666666306,0
360733.333332973,0
360749.999999639,0.0112900146707874
360766.666666306,0
360783.333332973,0
360799.999999639,0
360816.666666306,0
360833.333332972,0
360849.999999639,0.830705612401464
360866.666666306,0
360883.333332972,0
360899.999999639,0
360916.666666306,0
360933.333332972,0
360949.999999639,0.236183916880977
360966.666666306,0
360983.333332972,0
360999.999999639,0
361016.666666306,0
361033.333332972,0
361049.999999639,0.825959126954204
361066.666666306,0
361083.333332972,0
361099.999999639,0
361116.666666305,0
361133.333332972,0
361149.999999639,0.428110708444237
361166.666666305,0
361183.333332972,0
361199.999999639,0
361216.666666305,0
361233.333332972,0
361249.999999639,0.542688566112323
361266.666666305,0
361283.333332972,0
361299.999999639,0
361316.666666305,0
361333.333332972,0
361349.999999639,0.322131234500638
361366.666666305,0
361383.333332972,0
361399.999999639,0
361416.666666305,0
361433.333332972,0
361449.999999638,0.266688622368283
361466.666666305,0
361483.333332972,0
361499.999999638,0
361516.666666305,0
361533.333332972,0
361549.999999638,0.00224178532117394
361566.666666305,0
361583.333332972,0
361599.999999638,0
361616.666666305,0
361633.333332972,0
361649.999999638,0.210955615918367
361666.666666305,0
361683.333332972,0
361699.999999638,0
361716.666666305,0
361733.333332972,0
361749.999999638,0.219976721027139
361766.666666305,0
361783.333332971,0
361799.999999638,0
361816.666666305,0
361833.333332971,0
361849.999999638,0.0778244028857761
361866.666666305,0
361883.333332971,0
361899.999999638,0
361916.666666305,0
361933.333332971,0
361949.999999638,0.429584139044766
361966.666666305,0
361983.333332971,0
361999.999999638,0
362016.666666305,0
362033.333332971,0
362049.999999638,0.334354717617118
362066.666666305,0
362083.333332971,0
362099.999999638,0
362116.666666305,0
362133.333332971,0
362149.999999638,0.177947694453122
362166.666666304,0
362183.333332971,0
362199.999999638,0
362216.666666304,0
362233.333332971,0
362249.999999638,0.201495844427633
362266.666666304,0
362283.333332971,0
362299.999999638,0
362316.666666304,0
362333.333332971,0
362349.999999638,0.00594499867583696
362366.666666304,0
362383.333332971,0
362399.999999638,0
362416.666666304,0
362433.333332971,0
362449.999999637,0.0473963551847378
362466.666666304,0
362483.333332971,0
362499.999999637,0
362516.666666304,0
362533.333332971,0
362549.999999637,0.155257785396686
362566.666666304,0
362583.333332971,0
362599.999999637,0
362616.666666304,0
362633.333332971,0
362649.999999637,0.0985045996912512
362666.666666304,0
362683.333332971,0
362699.999999637,0
362716.666666304,0
362733.333332971,0
362749.999999637,0.0415832656160254
362766.666666304,0
362783.333332971,0
362799.999999637,0
362816.666666304,0
362833.33333297,0
362849.999999637,0.172168548955742
362866.666666304,0
362883.33333297,0
362899.999999637,0
362916.666666304,0
362933.33333297,0
362949.999999637,0.068194601038109
362966.666666304,0
362983.33333297,0
362999.999999637,0
363016.666666304,0
363033.33333297,0
363049.999999637,0.165023180208903
363066.666666304,0
363083.33333297,0
363099.999999637,0
363116.666666304,0
363133.33333297,0
363149.999999637,0.083851725791557
363166.666666303,0
363183.33333297,0
363199.999999637,0
363216.666666303,0
363233.33333297,0
363249.999999637,0.0751928106304213
363266.666666303,0
363283.33333297,0
363299.999999637,0
363316.666666303,0
363333.33333297,0
363349.999999637,0.0338938970269755
363366.666666303,0
363383.33333297,0
363399.999999637,0
363416.666666303,0
363433.33333297,0
363449.999999637,0.0291544606625098
363466.666666303,0
363483.33333297,0
363499.999999636,0
363516.666666303,0
363533.33333297,0
363549.999999636,0.0358205089816708
363566.666666303,0
363583.33333297,0
363599.999999636,0
363616.666666303,0
363633.33333297,0
363649.999999636,0.0828903626337727
363666.666666303,0
363683.33333297,0
363699.999999636,0
363716.666666303,0
363733.33333297,0
363749.999999636,0.0385387494607409
363766.666666303,0
363783.333332969,0
363799.999999636,0
363816.666666303,0
363833.333332969,0
363849.999999636,0.0109204923767424
363866.666666303,0
363883.333332969,0
363899.999999636,0
363916.666666303,0
363933.333332969,0
363949.999999636,0.0199529989684006
363966.666666303,0
363983.333332969,0
363999.999999636,0
364016.666666303,0
364033.333332969,0
364049.999999636,0.147105016943649
364066.666666303,0
364083.333332969,0
364099.999999636,0
364116.666666302,0
364133.333332969,0
364149.999999636,0.0750594345465881
364166.666666302,0
364183.333332969,0
364199.999999636,0
364216.666666302,0
364233.333332969,0
364249.999999636,0.200558420738507
364266.666666302,0
364283.333332969,0
364299.999999636,0
364316.666666302,0
364333.333332969,0
364349.999999636,0.164097154037566
364366.666666302,0
364383.333332969,0
364399.999999636,0
364416.666666302,0
364433.333332969,0
364449.999999636,0.0520881999408231
364466.666666302,0
364483.333332969,0
364499.999999635,0
364516.666666302,0
364533.333332969,0
364549.999999635,0.0969822494477266
364566.666666302,0
364583.333332969,0
364599.999999635,0
364616.666666302,0
364633.333332969,0
364649.999999635,0.0213655286548123
364666.666666302,0
364683.333332969,0
364699.999999635,0
364716.666666302,0
364733.333332969,0
364749.999999635,0.0398593310285693
364766.666666302,0
364783.333332969,0
364799.999999635,0
364816.666666302,0
364833.333332968,0
364849.999999635,0.18334831427707
364866.666666302,0
364883.333332968,0
364899.999999635,0
364916.666666302,0
364933.333332968,0
364949.999999635,0.0593001284073742
364966.666666302,0
364983.333332968,0
364999.999999635,0
365016.666666302,0
365033.333332968,0
365049.999999635,0.069853364727558
365066.666666302,0
365083.333332968,0
365099.999999635,0
365116.666666301,0
365133.333332968,0
365149.999999635,0.0442748018371384
365166.666666301,0
365183.333332968,0
365199.999999635,0
365216.666666301,0
365233.333332968,0
365249.999999635,0.0827310274645562
365266.666666301,0
365283.333332968,0
365299.999999635,0
365316.666666301,0
365333.333332968,0
365349.999999635,0.12484582292958
365366.666666301,0
365383.333332968,0
365399.999999635,0
365416.666666301,0
365433.333332968,0
365449.999999635,0.115279648152045
365466.666666301,0
365483.333332968,0
365499.999999634,0
365516.666666301,0
365533.333332968,0
365549.999999634,0.0493830227459164
365566.666666301,0
365583.333332968,0
365599.999999634,0
365616.666666301,0
365633.333332968,0
365649.999999634,0.0611111045927887
365666.666666301,0
365683.333332968,0
365699.999999634,0
365716.666666301,0
365733.333332968,0
365749.999999634,0.0472531221309294
365766.666666301,0
365783.333332967,0
365799.999999634,0
365816.666666301,0
365833.333332967,0
365849.999999634,0.0954351546544193
365866.666666301,0
365883.333332967,0
365899.999999634,0
365916.666666301,0
365933.333332967,0
365949.999999634,0.0207561521537972
365966.666666301,0
365983.333332967,0
365999.999999634,0
366016.666666301,0
366033.333332967,0
366049.999999634,0.0131644151924742
366066.666666301,0
366083.333332967,0
366099.999999634,0
366116.666666301,0
366133.333332967,0
366149.999999634,0.00367525558646268
366166.6666663,0
366183.333332967,0
366199.999999634,0
366216.6666663,0
366233.333332967,0
366249.999999634,0.0644039132110677
366266.6666663,0
366283.333332967,0
366299.999999634,0
366316.6666663,0
366333.333332967,0
366349.999999634,0.0252047762171182
366366.6666663,0
366383.333332967,0
366399.999999634,0
366416.6666663,0
366433.333332967,0
366449.999999634,0.0598509625816447
366466.6666663,0
366483.333332967,0
366499.999999633,0
366516.6666663,0
366533.333332967,0
366549.999999633,0.0651157219549296
366566.6666663,0
366583.333332967,0
366599.999999633,0
366616.6666663,0
366633.333332967,0
366649.999999633,0.0286652913780359
366666.6666663,0
366683.333332967,0
366699.999999633,0
366716.6666663,0
366733.333332967,0
366749.999999633,0.0190266855539994
366766.6666663,0
366783.333332966,0
366799.999999633,0
366816.6666663,0
366833.333332966,0
366849.999999633,0.0290257620233446
366866.6666663,0
366883.333332966,0
366899.999999633,0
366916.6666663,0
366933.333332966,0
366949.999999633,0.0679051327396983
366966.6666663,0
366983.333332966,0
366999.999999633,0
367016.6666663,0
367033.333332966,0
367049.999999633,0.0175134056975187
367066.6666663,0
367083.333332966,0
367099.999999633,0
367116.6666663,0
367133.333332966,0
367149.999999633,0.0813589351326476
367166.666666299,0
367183.333332966,0
367199.999999633,0
367216.666666299,0
367233.333332966,0
367249.999999633,0.0776989398276491
367266.666666299,0
367283.333332966,0
367299.999999633,0
367316.666666299,0
367333.333332966,0
367349.999999633,0.0156984940242495
367366.666666299,0
367383.333332966,0
367399.999999633,0
367416.666666299,0
367433.333332966,0
367449.999999633,0.0774608686689202
367466.666666299,0
367483.333332966,0
367499.999999632,0
367516.666666299,0
367533.333332966,0
367549.999999632,0.0723677213934917
367566.666666299,0
367583.333332966,0
367599.999999632,0
367616.666666299,0
367633.333332966,0
367649.999999632,0.0345079546440241
367666.666666299,0
367683.333332966,0
367699.999999632,0
367716.666666299,0
367733.333332966,0
367749.999999632,0.0409879729415184
367766.666666299,0
367783.333332966,0
367799.999999632,0
367816.666666299,0
367833.333332965,0
367849.999999632,0.0924617911669997
367866.666666299,0
367883.333332965,0
367899.999999632,0
367916.666666299,0
367933.333332965,0
367949.999999632,0.0105135625016108
367966.666666299,0
367983.333332965,0
367999.999999632,0
368016.666666299,0
368033.333332965,0
368049.999999632,0.0484306855276374
368066.666666299,0
368083.333332965,0
368099.999999632,0
368116.666666298,0
368133.333332965,0
368149.999999632,0.10607800049938
368166.666666298,0
368183.333332965,0
368199.999999632,0
368216.666666298,0
368233.333332965,0
368249.999999632,0.0263609412489696
368266.666666298,0
368283.333332965,0
368299.999999632,0
368316.666666298,0
368333.333332965,0
368349.999999632,0.0122358530060224
368366.666666298,0
368383.333332965,0
368399.999999632,0
368416.666666298,0
368433.333332965,0
368449.999999631,0.0524795895980479
368466.666666298,0
368483.333332965,0
368499.999999631,0
368516.666666298,0
368533.333332965,0
368549.999999631,0.105923841343756
368566.666666298,0
368583.333332965,0
368599.999999631,0
368616.666666298,0
368633.333332965,0
368649.999999631,0.0325764163565717
368666.666666298,0
368683.333332965,0
368699.999999631,0
368716.666666298,0
368733.333332965,0
368749.999999631,0.00151776631600104
368766.666666298,0
368783.333332965,0
368799.999999631,0
368816.666666298,0
368833.333332964,0
368849.999999631,0.0325895507911913
368866.666666298,0
368883.333332964,0
368899.999999631,0
368916.666666298,0
368933.333332964,0
368949.999999631,0.0477147166552367
368966.666666298,0
368983.333332964,0
368999.999999631,0
369016.666666298,0
369033.333332964,0
369049.999999631,0.0574606252288549
369066.666666298,0
369083.333332964,0
369099.999999631,0
369116.666666298,0
369133.333332964,0
369149.999999631,0.0177470190717991
369166.666666297,0
369183.333332964,0
369199.999999631,0
369216.666666297,0
369233.333332964,0
369249.999999631,0.0287613198929854
369266.666666297,0
369283.333332964,0
369299.999999631,0
369316.666666297,0
369333.333332964,0
369349.999999631,0.00282987681490005
369366.666666297,0
369383.333332964,0
369399.999999631,0
369416.666666297,0
369433.333332964,0
369449.99999963,0.00457717896740611
369466.666666297,0
369483.333332964,0
369499.99999963,0
369516.666666297,0
369533.333332964,0
369549.99999963,0.00295375109540606
369566.666666297,0
369583.333332964,0
369599.99999963,0
369616.666666297,0
369633.333332964,0
369649.99999963,0.0410843919162805
369666.666666297,0
369683.333332964,0
369699.99999963,0
369716.666666297,0
369733.333332964,0
369749.99999963,0.0524974586402007
369766.666666297,0
369783.333332964,0
369799.99999963,0
369816.666666297,0
369833.333332963,0
369849.99999963,0.0804804220617509
369866.666666297,0
369883.333332963,0
369899.99999963,0
369916.666666297,0
369933.333332963,0
369949.99999963,0.0518690786485397
369966.666666297,0
369983.333332963,0
369999.99999963,0
370016.666666297,0
370033.333332963,0
370049.99999963,0.0755574398156721
370066.666666297,0
370083.333332963,0
370099.99999963,0
370116.666666296,0
370133.333332963,0
370149.99999963,0.00531840889180727
370166.666666296,0
370183.333332963,0
370199.99999963,0
370216.666666296,0
370233.333332963,0
370249.99999963,0.00768508369841579
370266.666666296,0
370283.333332963,0
370299.99999963,0
370316.666666296,0
370333.333332963,0
370349.99999963,0.0280345034614031
370366.666666296,0
370383.333332963,0
370399.99999963,0
370416.666666296,0
370433.333332963,0
370449.99999963,0.0206571777279402
370466.666666296,0
370483.333332963,0
370499.999999629,0
370516.666666296,0
370533.333332963,0
370549.999999629,8.47545287526195e-05
370566.666666296,0
370583.333332963,0
370599.999999629,0
370616.666666296,0
370633.333332963,0
370649.999999629,0.0221107327088214
370666.666666296,0
370683.333332963,0
370699.999999629,0
370716.666666296,0
370733.333332963,0
370749.999999629,0.0136720049313764
370766.666666296,0
370783.333332962,0
370799.999999629,0
370816.666666296,0
370833.333332962,0
370849.999999629,0.0348559513024631
370866.666666296,0
370883.333332962,0
370899.999999629,0
370916.666666296,0
370933.333332962,0
370949.999999629,0.00832377708381392
370966.666666296,0
370983.333332962,0
370999.999999629,0
371016.666666296,0
371033.333332962,0
371049.999999629,0.0137441207258738
371066.666666296,0
371083.333332962,0
371099.999999629,0
371116.666666295,0
371133.333332962,0
371149.999999629,0.0177603784600886
371166.666666295,0
371183.333332962,0
371199.999999629,0
371216.666666295,0
371233.333332962,0
371249.999999629,0.0483272573938731
371266.666666295,0
371283.333332962,0
371299.999999629,0
371316.666666295,0
371333.333332962,0
371349.999999629,0.113556898750217
371366.666666295,0
371383.333332962,0
371399.999999629,0
371416.666666295,0
371433.333332962,0
371449.999999629,0.0493933354772478
371466.666666295,0
371483.333332962,0
371499.999999628,0
371516.666666295,0
371533.333332962,0
371549.999999628,0.0337711183640125
371566.666666295,0
371583.333332962,0
371599.999999628,0
371616.666666295,0
371633.333332962,0
371649.999999628,0.00752026950832863
371666.666666295,0
371683.333332962,0
371699.999999628,0
371716.666666295,0
371733.333332962,0
371749.999999628,0.0315003788912506
371766.666666295,0
371783.333332962,0
371799.999999628,0
371816.666666295,0
371833.333332961,0
371849.999999628,0.0412203170081337
371866.666666295,0
371883.333332961,0
371899.999999628,0
371916.666666295,0
371933.333332961,0
371949.999999628,0.0125547585757468
371966.666666295,0
371983.333332961,0
371999.999999628,0
372016.666666295,0
372033.333332961,0
372049.999999628,0.0217180463672378
372066.666666295,0
372083.333332961,0
372099.999999628,0
372116.666666295,0
372133.333332961,0
372149.999999628,0.0785463574333465
372166.666666295,0
372183.333332961,0
372199.999999628,0
372216.666666294,0
372233.333332961,0
372249.999999628,0.0484791849866051
372266.666666294,0
372283.333332961,0
372299.999999628,0
372316.666666294,0
372333.333332961,0
372349.999999628,0.00627059980551644
372366.666666294,0
372383.333332961,0
372399.999999628,0
372416.666666294,0
372433.333332961,0
372449.999999627,0.0208458447271657
372466.666666294,0
372483.333332961,0
372499.999999627,0
372516.666666294,0
372533.333332961,0
372549.999999627,0.0111458678425406
372566.666666294,0
372583.333332961,0
372599.999999627,0
372616.666666294,0
372633.333332961,0
372649.999999627,0.0566767338832899
372666.666666294,0
372683.333332961,0
372699.999999627,0
372716.666666294,0
372733.333332961,0
372749.999999627,0.00477978392052069
372766.666666294,0
372783.33333296,0
372799.999999627,0
372816.666666294,0
372833.33333296,0
372849.999999627,0.0475954235571519
372866.666666294,0
372883.33333296,0
372899.999999627,0
372916.666666294,0
372933.33333296,0
372949.999999627,0.0223071301805019
372966.666666294,0
372983.33333296,0
372999.999999627,0
373016.666666294,0
373033.33333296,0
373049.999999627,0.0168802833257024
373066.666666294,0
373083.33333296,0
373099.999999627,0
373116.666666294,0
373133.33333296,0
373149.999999627,0.0132776546671673
373166.666666293,0
373183.33333296,0
373199.999999627,0
373216.666666293,0
373233.33333296,0
373249.999999627,0.030335600958165
373266.666666293,0
373283.33333296,0
373299.999999627,0
373316.666666293,0
373333.33333296,0
373349.999999627,0.00651906335732297
373366.666666293,0
373383.33333296,0
373399.999999627,0
373416.666666293,0
373433.33333296,0
373449.999999626,0.0239200654657226
373466.666666293,0
373483.33333296,0
373499.999999626,0
373516.666666293,0
373533.33333296,0
373549.999999626,0.0319545337130505
373566.666666293,0
373583.33333296,0
373599.999999626,0
373616.666666293,0
373633.33333296,0
373649.999999626,0.0466756522718353
373666.666666293,0
373683.33333296,0
373699.999999626,0
373716.666666293,0
373733.33333296,0
373749.999999626,0.0353170920489474
373766.666666293,0
373783.33333296,0
373799.999999626,0
373816.666666293,0
373833.333332959,0
373849.999999626,0.018976462893691
373866.666666293,0
373883.333332959,0
373899.999999626,0
373916.666666293,0
373933.333332959,0
373949.999999626,0.0107292301522607
373966.666666293,0
373983.333332959,0
373999.999999626,0
374016.666666293,0
374033.333332959,0
374049.999999626,0.00151695751601358
374066.666666293,0
374083.333332959,0
374099.999999626,0
374116.666666293,0
374133.333332959,0
374149.999999626,0.0137517265460117
374166.666666292,0
374183.333332959,0
374199.999999626,0
374216.666666292,0
374233.333332959,0
374249.999999626,0.0168142243250669
374266.666666292,0
374283.333332959,0
374299.999999626,0
374316.666666292,0
374333.333332959,0
374349.999999626,0.0258283470336518
374366.666666292,0
374383.333332959,0
374399.999999626,0
374416.666666292,0
374433.333332959,0
374449.999999626,0.0486401461974913
374466.666666292,0
374483.333332959,0
374499.999999625,0
374516.666666292,0
374533.333332959,0
374549.999999625,0.0739752242359978
374566.666666292,0
374583.333332959,0
374599.999999625,0
374616.666666292,0
374633.333332959,0
374649.999999625,0.0720328106403773
374666.666666292,0
374683.333332959,0
374699.999999625,0
374716.666666292,0
374733.333332959,0
374749.999999625,0.0134355803669164
374766.666666292,0
374783.333332958,0
374799.999999625,0
374816.666666292,0
374833.333332958,0
374849.999999625,0.0287999392561406
374866.666666292,0
374883.333332958,0
374899.999999625,0
374916.666666292,0
374933.333332958,0
374949.999999625,0.0285219047250929
374966.666666292,0
374983.333332958,0
374999.999999625,0
375016.666666292,0
375033.333332958,0
375049.999999625,0.0132637812189578
375066.666666292,0
375083.333332958,0
375099.999999625,0
375116.666666291,0
375133.333332958,0
375149.999999625,0.0166004033014345
375166.666666291,0
375183.333332958,0
375199.999999625,0
375216.666666291,0
375233.333332958,0
375249.999999625,0.0390316958324049
375266.666666291,0
375283.333332958,0
375299.999999625,0
375316.666666291,0
375333.333332958,0
375349.999999625,0.0622379183246898
375366.666666291,0
375383.333332958,0
375399.999999625,0
375416.666666291,0
375433.333332958,0
375449.999999625,0.010533292071806
375466.666666291,0
375483.333332958,0
375499.999999624,0
375516.666666291,0
375533.333332958,0
375549.999999624,0.00888820536957624
375566.666666291,0
375583.333332958,0
375599.999999624,0
375616.666666291,0
375633.333332958,0
375649.999999624,0.0515040364415784
375666.666666291,0
375683.333332958,0
375699.999999624,0
375716.666666291,0
375733.333332958,0
375749.999999624,0.0432147928958758
375766.666666291,0
375783.333332958,0
375799.999999624,0
375816.666666291,0
375833.333332957,0
375849.999999624,5.10064276876634e-05
375866.666666291,0
375883.333332957,0
375899.999999624,0
375916.666666291,0
375933.333332957,0
375949.999999624,0.00218724383440386
375966.666666291,0
375983.333332957,0
375999.999999624,0
376016.666666291,0
376033.333332957,0
376049.999999624,0.00724469655281183
376066.666666291,0
376083.333332957,0
376099.999999624,0
376116.66666629,0
376133.333332957,0
376149.999999624,0.00635324422550199
376166.66666629,0
376183.333332957,0
376199.999999624,0
376216.66666629,0
376233.333332957,0
376249.999999624,0.0265444477198818
376266.66666629,0
376283.333332957,0
376299.999999624,0
376316.66666629,0
376333.333332957,0
376349.999999624,0.0396583727375408
376366.66666629,0
376383.333332957,0
376399.999999624,0
376416.66666629,0
376433.333332957,0
376449.999999624,0.0219590572658658
376466.66666629,0
376483.333332957,0
376499.999999623,0
376516.66666629,0
376533.333332957,0
376549.999999623,0.0428272209875295
376566.66666629,0
376583.333332957,0
376599.999999623,0
376616.66666629,0
376633.333332957,0
376649.999999623,0.00308780881982788
376666.66666629,0
376683.333332957,0
376699.999999623,0
376716.66666629,0
376733.333332957,0
376749.999999623,0.00735912876764087
376766.66666629,0
376783.333332956,0
376799.999999623,0
376816.66666629,0
376833.333332956,0
376849.999999623,0.00608468970348191
376866.66666629,0
376883.333332956,0
376899.999999623,0
376916.66666629,0
376933.333332956,0
376949.999999623,0.0287446894380327
376966.66666629,0
376983.333332956,0
376999.999999623,0
377016.66666629,0
377033.333332956,0
377049.999999623,0.0156984134410067
377066.66666629,0
377083.333332956,0
377099.999999623,0
377116.66666629,0
377133.333332956,0
377149.999999623,0.0207085947460564
377166.666666289,0
377183.333332956,0
377199.999999623,0
377216.666666289,0
377233.333332956,0
377249.999999623,0.0138287904571421
377266.666666289,0
377283.333332956,0
377299.999999623,0
377316.666666289,0
377333.333332956,0
377349.999999623,0.0273214135806009
377366.666666289,0
377383.333332956,0
377399.999999623,0
377416.666666289,0
377433.333332956,0
377449.999999622,0.0410685689166184
377466.666666289,0
377483.333332956,0
377499.999999622,0
377516.666666289,0
377533.333332956,0
377549.999999622,0.00689979324992509
377566.666666289,0
377583.333332956,0
377599.999999622,0
377616.666666289,0
377633.333332956,0
377649.999999622,0.0806311148298348
377666.666666289,0
377683.333332956,0
377699.999999622,0
377716.666666289,0
377733.333332956,0
377749.999999622,0.0540228138872585
377766.666666289,0
377783.333332955,0
377799.999999622,0
377816.666666289,0
377833.333332955,0
377849.999999622,0.00619547743639215
377866.666666289,0
377883.333332955,0
377899.999999622,0
377916.666666289,0
377933.333332955,0
377949.999999622,0.0146111399937909
377966.666666289,0
377983.333332955,0
377999.999999622,0
378016.666666289,0
378033.333332955,0
378049.999999622,0.0297339846995591
378066.666666289,0
378083.333332955,0
378099.999999622,0
378116.666666289,0
378133.333332955,0
378149.999999622,0.0444834187852962
378166.666666288,0
378183.333332955,0
378199.999999622,0
378216.666666288,0
378233.333332955,0
378249.999999622,0.0037641003165157
378266.666666288,0
378283.333332955,0
378299.999999622,0
378316.666666288,0
378333.333332955,0
378349.999999622,0.038377676532405
378366.666666288,0
378383.333332955,0
378399.999999622,0
378416.666666288,0
378433.333332955,0
378449.999999622,0.00251552237237792
378466.666666288,0
378483.333332955,0
378499.999999621,0
378516.666666288,0
378533.333332955,0
378549.999999621,0.00455445216716493
378566.666666288,0
378583.333332955,0
378599.999999621,0
378616.666666288,0
378633.333332955,0
378649.999999621,0.0475151003361587
378666.666666288,0
378683.333332955,0
378699.999999621,0
378716.666666288,0
378733.333332955,0
378749.999999621,0.0357417095558895
378766.666666288,0
378783.333332955,0
378799.999999621,0
378816.666666288,0
378833.333332954,0
378849.999999621,0.0186773535225452
378866.666666288,0
378883.333332954,0
378899.999999621,0
378916.666666288,0
378933.333332954,0
378949.999999621,0.0309471987170462
378966.666666288,0
378983.333332954,0
378999.999999621,0
379016.666666288,0
379033.333332954,0
379049.999999621,0.0202034956456483
379066.666666288,0
379083.333332954,0
379099.999999621,0
379116.666666287,0
379133.333332954,0
379149.999999621,0.0326434805838069
379166.666666287,0
379183.333332954,0
379199.999999621,0
379216.666666287,0
379233.333332954,0
379249.999999621,0.0150477729724619
379266.666666287,0
379283.333332954,0
379299.999999621,0
379316.666666287,0
379333.333332954,0
379349.999999621,0.0337483346929315
379366.666666287,0
379383.333332954,0
379399.999999621,0
379416.666666287,0
379433.333332954,0
379449.99999962,0.0298125705694242
379466.666666287,0
379483.333332954,0
379499.99999962,0
379516.666666287,0
379533.333332954,0
379549.99999962,0.0192291117573654
379566.666666287,0
379583.333332954,0
379599.99999962,0
379616.666666287,0
379633.333332954,0
379649.99999962,0.0112591979655394
379666.666666287,0
379683.333332954,0
379699.99999962,0
379716.666666287,0
379733.333332954,0
379749.99999962,0.0326389443077227
379766.666666287,0
379783.333332954,0
379799.99999962,0
379816.666666287,0
379833.333332953,0
379849.99999962,0.0288639286165008
379866.666666287,0
379883.333332953,0
379899.99999962,0
379916.666666287,0
379933.333332953,0
379949.99999962,0.0165386944027286
379966.666666287,0
379983.333332953,0
379999.99999962,0
380016.666666287,0
380033.333332953,0
380049.99999962,0.0141323995933615
380066.666666287,0
380083.333332953,0
380099.99999962,0
380116.666666287,0
380133.333332953,0
380149.99999962,0.000783899440761045
380166.666666286,0
380183.333332953,0
380199.99999962,0
380216.666666286,0
380233.333332953,0
380249.99999962,0.0387392198144389
380266.666666286,0
380283.333332953,0
380299.99999962,0
380316.666666286,0
380333.333332953,0
380349.99999962,0.0329868302183793
380366.666666286,0
380383.333332953,0
380399.99999962,0
380416.666666286,0
380433.333332953,0
380449.999999619,0.052207479842227
380466.666666286,0
380483.333332953,0
380499.999999619,0
380516.666666286,0
380533.333332953,0
380549.999999619,0.0619455372387952
380566.666666286,0
380583.333332953,0
380599.999999619,0
380616.666666286,0
380633.333332953,0
380649.999999619,0.00961505690252341
380666.666666286,0
380683.333332953,0
380699.999999619,0
380716.666666286,0
380733.333332953,0
380749.999999619,0.0219662693989168
380766.666666286,0
380783.333332953,0
380799.999999619,0
380816.666666286,0
380833.333332952,0
380849.999999619,0.00955205446609145
380866.666666286,0
380883.333332952,0
380899.999999619,0
380916.666666286,0
380933.333332952,0
380949.999999619,0.018565948797356
380966.666666286,0
380983.333332952,0
380999.999999619,0
381016.666666286,0
381033.333332952,0
381049.999999619,0.023664857319155
381066.666666286,0
381083.333332952,0
381099.999999619,0
381116.666666286,0
381133.333332952,0
381149.999999619,0.0528643146338167
381166.666666285,0
381183.333332952,0
381199.999999619,0
381216.666666285,0
381233.333332952,0
381249.999999619,0.0308810781353931
381266.666666285,0
381283.333332952,0
381299.999999619,0
381316.666666285,0
381333.333332952,0
381349.999999619,0.00323849721067058
381366.666666285,0
381383.333332952,0
381399.999999619,0
381416.666666285,0
381433.333332952,0
381449.999999619,0.0274629436037452
381466.666666285,0
381483.333332952,0
381499.999999618,0
381516.666666285,0
381533.333332952,0
381549.999999618,0.0330829591324992
381566.666666285,0
381583.333332952,0
381599.999999618,0
381616.666666285,0
381633.333332952,0
381649.999999618,0.00512981617414202
381666.666666285,0
381683.333332952,0
381699.999999618,0
381716.666666285,0
381733.333332952,0
381749.999999618,0.0117560594405044
381766.666666285,0
381783.333332951,0
381799.999999618,0
381816.666666285,0
381833.333332951,0
381849.999999618,0.0201182714373588
381866.666666285,0
381883.333332951,0
381899.999999618,0
381916.666666285,0
381933.333332951,0
381949.999999618,0.0274272054738532
381966.666666285,0
381983.333332951,0
381999.999999618,0
382016.666666285,0
382033.333332951,0
382049.999999618,0.0102725604058189
382066.666666285,0
382083.333332951,0
382099.999999618,0
382116.666666284,0
382133.333332951,0
382149.999999618,0.0376464695090761
382166.666666284,0
382183.333332951,0
382199.999999618,0
382216.666666284,0
382233.333332951,0
382249.999999618,0.0436504413859252
382266.666666284,0
382283.333332951,0
382299.999999618,0
382316.666666284,0
382333.333332951,0
382349.999999618,0.0365544521334122
382366.666666284,0
382383.333332951,0
382399.999999618,0
382416.666666284,0
382433.333332951,0
382449.999999618,0.042803795391695
382466.666666284,0
382483.333332951,0
382499.999999617,0
382516.666666284,0
382533.333332951,0
382549.999999617,0.0104404800647877
382566.666666284,0
382583.333332951,0
382599.999999617,0
382616.666666284,0
382633.333332951,0
382649.999999617,0.0653724586042885
382666.666666284,0
382683.333332951,0
382699.999999617,0
382716.666666284,0
382733.333332951,0
382749.999999617,0.020751406732181
382766.666666284,0
382783.333332951,0
382799.999999617,0
382816.666666284,0
382833.33333295,0
382849.999999617,0.0263283817486315
382866.666666284,0
382883.33333295,0
382899.999999617,0
382916.666666284,0
382933.33333295,0
382949.999999617,0.0144774881609041
382966.666666284,0
382983.33333295,0
382999.999999617,0
383016.666666284,0
383033.33333295,0
383049.999999617,0.0115966688161458
383066.666666284,0
383083.33333295,0
383099.999999617,0
383116.666666284,0
383133.33333295,0
383149.999999617,0.0409835131547755
383166.666666284,0
383183.33333295,0
383199.999999617,0
383216.666666283,0
383233.33333295,0
383249.999999617,0.0159526071599591
383266.666666283,0
383283.33333295,0
383299.999999617,0
383316.666666283,0
383333.33333295,0
383349.999999617,0.0642391596974011
383366.666666283,0
383383.33333295,0
383399.999999617,0
383416.666666283,0
383433.33333295,0
383449.999999616,0.0113157286007842
383466.666666283,0
383483.33333295,0
383499.999999616,0
383516.666666283,0
383533.33333295,0
383549.999999616,0.0260378562220126
383566.666666283,0
383583.33333295,0
383599.999999616,0
383616.666666283,0
383633.33333295,0
383649.999999616,0.00624665172691814
383666.666666283,0
383683.33333295,0
383699.999999616,0
383716.666666283,0
383733.33333295,0
383749.999999616,0.0118693051859205
383766.666666283,0
383783.333332949,0
383799.999999616,0
383816.666666283,0
383833.333332949,0
383849.999999616,0.0212924956946431
383866.666666283,0
383883.333332949,0
383899.999999616,0
383916.666666283,0
383933.333332949,0
383949.999999616,0.0189254987189744
383966.666666283,0
383983.333332949,0
383999.999999616,0
384016.666666283,0
384033.333332949,0
384049.999999616,0.00894934351514693
384066.666666283,0
384083.333332949,0
384099.999999616,0
384116.666666283,0
384133.333332949,0
384149.999999616,0.0420454275062206
384166.666666282,0
384183.333332949,0
384199.999999616,0
384216.666666282,0
384233.333332949,0
384249.999999616,0.0291668592096948
384266.666666282,0
384283.333332949,0
384299.999999616,0
384316.666666282,0
384333.333332949,0
384349.999999616,0.00370134830705991
384366.666666282,0
384383.333332949,0
384399.999999616,0
384416.666666282,0
384433.333332949,0
384449.999999615,0.0281611626337155
384466.666666282,0
384483.333332949,0
384499.999999615,0
384516.666666282,0
384533.333332949,0
384549.999999615,0.0324180334175866
384566.666666282,0
384583.333332949,0
384599.999999615,0
384616.666666282,0
384633.333332949,0
384649.999999615,0.0227084701722382
384666.666666282,0
384683.333332949,0
384699.999999615,0
384716.666666282,0
384733.333332949,0
384749.999999615,0.0426320410534889
384766.666666282,0
384783.333332949,0
384799.999999615,0
384816.666666282,0
384833.333332948,0
384849.999999615,0.0228378629145261
384866.666666282,0
384883.333332948,0
384899.999999615,0
384916.666666282,0
384933.333332948,0
384949.999999615,0.0115149826462958
384966.666666282,0
384983.333332948,0
384999.999999615,0
385016.666666282,0
385033.333332948,0
385049.999999615,0.00541580901578442
385066.666666282,0
385083.333332948,0
385099.999999615,0
385116.666666282,0
385133.333332948,0
385149.999999615,0.0148723095492172
385166.666666281,0
385183.333332948,0
385199.999999615,0
385216.666666281,0
385233.333332948,0
385249.999999615,0.0106454484220396
385266.666666281,0
385283.333332948,0
385299.999999615,0
385316.666666281,0
385333.333332948,0
385349.999999615,0.00902688583722621
385366.666666281,0
385383.333332948,0
385399.999999615,0
385416.666666281,0
385433.333332948,0
385449.999999615,0.0911030629861043
385466.666666281,0
385483.333332948,0
385499.999999614,0
385516.666666281,0
385533.333332948,0
385549.999999614,0.0922392805073565
385566.666666281,0
385583.333332948,0
385599.999999614,0
385616.666666281,0
385633.333332948,0
385649.999999614,0.00565142323263081
385666.666666281,0
385683.333332948,0
385699.999999614,0
385716.666666281,0
385733.333332948,0
385749.999999614,0.0278160235158816
385766.666666281,0
385783.333332947,0
385799.999999614,0
385816.666666281,0
385833.333332947,0
385849.999999614,0.00519067761368169
385866.666666281,0
385883.333332947,0
385899.999999614,0
385916.666666281,0
385933.333332947,0
385949.999999614,0.02034300601744
385966.666666281,0
385983.333332947,0
385999.999999614,0
386016.666666281,0
386033.333332947,0
386049.999999614,0.00441715359704648
386066.666666281,0
386083.333332947,0
386099.999999614,0
386116.66666628,0
386133.333332947,0
386149.999999614,0.0582894467554678
386166.66666628,0
386183.333332947,0
386199.999999614,0
386216.66666628,0
386233.333332947,0
386249.999999614,0.0199275578859717
386266.66666628,0
386283.333332947,0
386299.999999614,0
386316.66666628,0
386333.333332947,0
386349.999999614,0.0262512911570987
386366.66666628,0
386383.333332947,0
386399.999999614,0
386416.66666628,0
386433.333332947,0
386449.999999614,0.00562932088696393
386466.66666628,0
386483.333332947,0
386499.999999613,0
386516.66666628,0
386533.333332947,0
386549.999999613,0.00603622452054419
386566.66666628,0
386583.333332947,0
386599.999999613,0
386616.66666628,0
386633.333332947,0
386649.999999613,0.0305054927006768
386666.66666628,0
386683.333332947,0
386699.999999613,0
386716.66666628,0
386733.333332947,0
386749.999999613,0.0137827328515639
386766.66666628,0
386783.333332947,0
386799.999999613,0
386816.66666628,0
386833.333332946,0
386849.999999613,0.00371834030233936
386866.66666628,0
386883.333332946,0
386899.999999613,0
386916.66666628,0
386933.333332946,0
386949.999999613,0.017066197360351
386966.66666628,0
386983.333332946,0
386999.999999613,0
387016.66666628,0
387033.333332946,0
387049.999999613,0.0478053430581938
387066.66666628,0
387083.333332946,0
387099.999999613,0
387116.666666279,0
387133.333332946,0
387149.999999613,0.00568636635138304
387166.666666279,0
387183.333332946,0
387199.999999613,0
387216.666666279,0
387233.333332946,0
387249.999999613,0.00204986730361496
387266.666666279,0
387283.333332946,0
387299.999999613,0
387316.666666279,0
387333.333332946,0
387349.999999613,0.00434163863166644
387366.666666279,0
387383.333332946,0
387399.999999613,0
387416.666666279,0
387433.333332946,0
387449.999999613,0.0246571307362453
387466.666666279,0
387483.333332946,0
387499.999999612,0
387516.666666279,0
387533.333332946,0
387549.999999612,0.0135294742586172
387566.666666279,0
387583.333332946,0
387599.999999612,0
387616.666666279,0
387633.333332946,0
387649.999999612,0.00910453310941971
387666.666666279,0
387683.333332946,0
387699.999999612,0
387716.666666279,0
387733.333332946,0
387749.999999612,0.0256995645480746
387766.666666279,0
387783.333332946,0
387799.999999612,0
387816.666666279,0
387833.333332945,0
387849.999999612,0.0616422501694868
387866.666666279,0
387883.333332945,0
387899.999999612,0
387916.666666279,0
387933.333332945,0
387949.999999612,0.0606206172232999
387966.666666279,0
387983.333332945,0
387999.999999612,0
388016.666666279,0
388033.333332945,0
388049.999999612,0.0121491978402596
388066.666666278,0
388083.333332945,0
388099.999999612,0
388116.666666278,0
388133.333332945,0
388149.999999612,0.0431971249494323
388166.666666278,0
388183.333332945,0
388199.999999612,0
388216.666666278,0
388233.333332945,0
388249.999999612,0.0435268464285169
388266.666666278,0
388283.333332945,0
388299.999999612,0
388316.666666278,0
388333.333332945,0
388349.999999612,0.0835197299608459
388366.666666278,0
388383.333332945,0
388399.999999612,0
388416.666666278,0
388433.333332945,0
388449.999999611,0.0101180738966408
388466.666666278,0
388483.333332945,0
388499.999999611,0
388516.666666278,0
388533.333332945,0
388549.999999611,0.0759853830605613
388566.666666278,0
388583.333332945,0
388599.999999611,0
388616.666666278,0
388633.333332945,0
388649.999999611,0.0550287920781518
388666.666666278,0
388683.333332945,0
388699.999999611,0
388716.666666278,0
388733.333332945,0
388749.999999611,0.0469871295792702
388766.666666278,0
388783.333332944,0
388799.999999611,0
388816.666666278,0
388833.333332944,0
388849.999999611,0.0386919641395876
388866.666666278,0
388883.333332944,0
388899.999999611,0
388916.666666278,0
388933.333332944,0
388949.999999611,0.0444580452166374
388966.666666278,0
388983.333332944,0
388999.999999611,0
389016.666666278,0
389033.333332944,0
389049.999999611,0.0454019846573569
389066.666666278,0
389083.333332944,0
389099.999999611,0
389116.666666278,0
389133.333332944,0
389149.999999611,0.0226792440955505
389166.666666277,0
389183.333332944,0
389199.999999611,0
389216.666666277,0
389233.333332944,0
389249.999999611,0.024755744144063
389266.666666277,0
389283.333332944,0
389299.999999611,0
389316.666666277,0
389333.333332944,0
389349.999999611,0.0115590670653416
389366.666666277,0
389383.333332944,0
389399.999999611,0
389416.666666277,0
389433.333332944,0
389449.999999611,0.0170823490539498
389466.666666277,0
389483.333332944,0
389499.99999961,0
389516.666666277,0
389533.333332944,0
389549.99999961,0.0213121826547465
389566.666666277,0
389583.333332944,0
389599.99999961,0
389616.666666277,0
389633.333332944,0
389649.99999961,0.00567804732512708
389666.666666277,0
389683.333332944,0
389699.99999961,0
389716.666666277,0
389733.333332944,0
389749.99999961,0.0135621510381512
389766.666666277,0
389783.333332943,0
389799.99999961,0
389816.666666277,0
389833.333332943,0
389849.99999961,0.0444356201147843
389866.666666277,0
389883.333332943,0
389899.99999961,0
389916.666666277,0
389933.333332943,0
389949.99999961,0.0216417342935038
389966.666666277,0
389983.333332943,0
389999.99999961,0
390016.666666277,0
390033.333332943,0
390049.99999961,0.00542619801216574
390066.666666277,0
390083.333332943,0
390099.99999961,0
390116.666666276,0
390133.333332943,0
390149.99999961,0.0174903112892567
390166.666666276,0
390183.333332943,0
390199.99999961,0
390216.666666276,0
390233.333332943,0
390249.99999961,0.0539993874740593
390266.666666276,0
390283.333332943,0
390299.99999961,0
390316.666666276,0
390333.333332943,0
390349.99999961,0.0540465341528007
390366.666666276,0
390383.333332943,0
390399.99999961,0
390416.666666276,0
390433.333332943,0
390449.999999609,0.0412770105058211
390466.666666276,0
390483.333332943,0
390499.999999609,0
390516.666666276,0
390533.333332943,0
390549.999999609,0.049538128627858
390566.666666276,0
390583.333332943,0
390599.999999609,0
390616.666666276,0
390633.333332943,0
390649.999999609,0.0455961321588424
390666.666666276,0
390683.333332943,0
390699.999999609,0
390716.666666276,0
390733.333332943,0
390749.999999609,0.0473804618850665
390766.666666276,0
390783.333332943,0
390799.999999609,0
390816.666666276,0
390833.333332942,0
390849.999999609,0.0222404817870868
390866.666666276,0
390883.333332942,0
390899.999999609,0
390916.666666276,0
390933.333332942,0
390949.999999609,0.0794402582998295
390966.666666276,0
390983.333332942,0
390999.999999609,0
391016.666666276,0
391033.333332942,0
391049.999999609,0.0573419587395205
391066.666666276,0
391083.333332942,0
391099.999999609,0
391116.666666276,0
391133.333332942,0
391149.999999609,0.0280660686607588
391166.666666275,0
391183.333332942,0
391199.999999609,0
391216.666666275,0
391233.333332942,0
391249.999999609,0.0130705208336132
391266.666666275,0
391283.333332942,0
391299.999999609,0
391316.666666275,0
391333.333332942,0
391349.999999609,0.0646765347504733
391366.666666275,0
391383.333332942,0
391399.999999609,0
391416.666666275,0
391433.333332942,0
391449.999999608,0.0749081847481128
391466.666666275,0
391483.333332942,0
391499.999999608,0
391516.666666275,0
391533.333332942,0
391549.999999608,0.0430523701188473
391566.666666275,0
391583.333332942,0
391599.999999608,0
391616.666666275,0
391633.333332942,0
391649.999999608,0.00704692790217966
391666.666666275,0
391683.333332942,0
391699.999999608,0
391716.666666275,0
391733.333332942,0
391749.999999608,0.0105471963480766
391766.666666275,0
391783.333332942,0
391799.999999608,0
391816.666666275,0
391833.333332941,0
391849.999999608,0.00101204231026452
391866.666666275,0
391883.333332941,0
391899.999999608,0
391916.666666275,0
391933.333332941,0
391949.999999608,0.0803837216208286
391966.666666275,0
391983.333332941,0
391999.999999608,0
392016.666666275,0
392033.333332941,0
392049.999999608,0.129227128924403
392066.666666275,0
392083.333332941,0
392099.999999608,0
392116.666666275,0
392133.333332941,0
392149.999999608,0.035392440717363
392166.666666274,0
392183.333332941,0
392199.999999608,0
392216.666666274,0
392233.333332941,0
392249.999999608,0.0458212439030834
392266.666666274,0
392283.333332941,0
392299.999999608,0
392316.666666274,0
392333.333332941,0
392349.999999608,0.0541274124261371
392366.666666274,0
392383.333332941,0
392399.999999608,0
392416.666666274,0
392433.333332941,0
392449.999999608,0.00879473701930433
392466.666666274,0
392483.333332941,0
392499.999999607,0
392516.666666274,0
392533.333332941,0
392549.999999607,0.0485380725005599
392566.666666274,0
392583.333332941,0
392599.999999607,0
392616.666666274,0
392633.333332941,0
392649.999999607,0.00306521248580999
392666.666666274,0
392683.333332941,0
392699.999999607,0
392716.666666274,0
392733.333332941,0
392749.999999607,0.017813017202773
392766.666666274,0
392783.33333294,0
392799.999999607,0
392816.666666274,0
392833.33333294,0
392849.999999607,0.0454931669713519
392866.666666274,0
392883.33333294,0
392899.999999607,0
392916.666666274,0
392933.33333294,0
392949.999999607,0.023429261379553
392966.666666274,0
392983.33333294,0
392999.999999607,0
393016.666666274,0
393033.33333294,0
393049.999999607,0.0645840425975363
393066.666666274,0
393083.33333294,0
393099.999999607,0
393116.666666273,0
393133.33333294,0
393149.999999607,0.109052436745266
393166.666666273,0
393183.33333294,0
393199.999999607,0
393216.666666273,0
393233.33333294,0
393249.999999607,0.0365104201177939
393266.666666273,0
393283.33333294,0
393299.999999607,0
393316.666666273,0
393333.33333294,0
393349.999999607,0.0766437040012891
393366.666666273,0
393383.33333294,0
393399.999999607,0
393416.666666273,0
393433.33333294,0
393449.999999607,0.00962498949041403
393466.666666273,0
393483.33333294,0
393499.999999606,0
393516.666666273,0
393533.33333294,0
393549.999999606,0.0480044013377527
393566.666666273,0
393583.33333294,0
393599.999999606,0
393616.666666273,0
393633.33333294,0
393649.999999606,0.0267259435410534
393666.666666273,0
393683.33333294,0
393699.999999606,0
393716.666666273,0
393733.33333294,0
393749.999999606,0.0310172260406986
393766.666666273,0
393783.33333294,0
393799.999999606,0
393816.666666273,0
393833.333332939,0
393849.999999606,0.0946202504097197
393866.666666273,0
393883.333332939,0
393899.999999606,0
393916.666666273,0
393933.333332939,0
393949.999999606,0.0150386456329533
393966.666666273,0
393983.333332939,0
393999.999999606,0
394016.666666273,0
394033.333332939,0
394049.999999606,0.101416470663389
394066.666666273,0
394083.333332939,0
394099.999999606,0
394116.666666273,0
394133.333332939,0
394149.999999606,0.0259286751306114
394166.666666273,0
394183.333332939,0
394199.999999606,0
394216.666666272,0
394233.333332939,0
394249.999999606,0.024119880285871
394266.666666272,0
394283.333332939,0
394299.999999606,0
394316.666666272,0
394333.333332939,0
394349.999999606,0.0511765919185432
394366.666666272,0
394383.333332939,0
394399.999999606,0
394416.666666272,0
394433.333332939,0
394449.999999605,0.067810799544017
394466.666666272,0
394483.333332939,0
394499.999999605,0
394516.666666272,0
394533.333332939,0
394549.999999605,0.0127414720794863
394566.666666272,0
394583.333332939,0
394599.999999605,0
394616.666666272,0
394633.333332939,0
394649.999999605,0.0654711711827875
394666.666666272,0
394683.333332939,0
394699.999999605,0
394716.666666272,0
394733.333332939,0
394749.999999605,0.120195407258504
394766.666666272,0
394783.333332938,0
394799.999999605,0
394816.666666272,0
394833.333332938,0
394849.999999605,0.111691379050072
394866.666666272,0
394883.333332938,0
394899.999999605,0
394916.666666272,0
394933.333332938,0
394949.999999605,0.0204226684783396
394966.666666272,0
394983.333332938,0
394999.999999605,0
395016.666666272,0
395033.333332938,0
395049.999999605,0.00347976628796661
395066.666666272,0
395083.333332938,0
395099.999999605,0
395116.666666272,0
395133.333332938,0
395149.999999605,0.00647788875469128
395166.666666271,0
395183.333332938,0
395199.999999605,0
395216.666666271,0
395233.333332938,0
395249.999999605,0.18910223022349
395266.666666271,0
395283.333332938,0
395299.999999605,0
395316.666666271,0
395333.333332938,0
395349.999999605,0.165105429244169
395366.666666271,0
395383.333332938,0
395399.999999605,0
395416.666666271,0
395433.333332938,0
395449.999999604,0.0589860387543371
395466.666666271,0
395483.333332938,0
395499.999999604,0
395516.666666271,0
395533.333332938,0
395549.999999604,0.0525069300636038
395566.666666271,0
395583.333332938,0
395599.999999604,0
395616.666666271,0
395633.333332938,0
395649.999999604,0.100805902433444
395666.666666271,0
395683.333332938,0
395699.999999604,0
395716.666666271,0
395733.333332938,0
395749.999999604,0.0284192795168396
395766.666666271,0
395783.333332938,0
395799.999999604,0
395816.666666271,0
395833.333332937,0
395849.999999604,0.0215041969406231
395866.666666271,0
395883.333332937,0
395899.999999604,0
395916.666666271,0
395933.333332937,0
395949.999999604,0.142484919536279
395966.666666271,0
395983.333332937,0
395999.999999604,0
396016.666666271,0
396033.333332937,0
396049.999999604,0.124904339052377
396066.666666271,0
396083.333332937,0
396099.999999604,0
396116.666666271,0
396133.333332937,0
396149.999999604,0.137504079290703
396166.66666627,0
396183.333332937,0
396199.999999604,0
396216.66666627,0
396233.333332937,0
396249.999999604,0.137079114878036
396266.66666627,0
396283.333332937,0
396299.999999604,0
396316.66666627,0
396333.333332937,0
396349.999999604,0.044059599356173
396366.66666627,0
396383.333332937,0
396399.999999604,0
396416.66666627,0
396433.333332937,0
396449.999999604,0.136078251213365
396466.66666627,0
396483.333332937,0
396499.999999603,0
396516.66666627,0
396533.333332937,0
396549.999999603,0.0611687161288287
396566.66666627,0
396583.333332937,0
396599.999999603,0
396616.66666627,0
396633.333332937,0
396649.999999603,0.111385047556442
396666.66666627,0
396683.333332937,0
396699.999999603,0
396716.66666627,0
396733.333332937,0
396749.999999603,0.0298239138648674
396766.66666627,0
396783.333332936,0
396799.999999603,0
396816.66666627,0
396833.333332936,0
396849.999999603,0.119068513571477
396866.66666627,0
396883.333332936,0
396899.999999603,0
396916.66666627,0
396933.333332936,0
396949.999999603,0.0627086389786587
396966.66666627,0
396983.333332936,0
396999.999999603,0
397016.66666627,0
397033.333332936,0
397049.999999603,0.0412096583330489
397066.66666627,0
397083.333332936,0
397099.999999603,0
397116.666666269,0
397133.333332936,0
397149.999999603,0.129987975816288
397166.666666269,0
397183.333332936,0
397199.999999603,0
397216.666666269,0
397233.333332936,0
397249.999999603,0.0538038104997004
397266.666666269,0
397283.333332936,0
397299.999999603,0
397316.666666269,0
397333.333332936,0
397349.999999603,0.056357460212413
397366.666666269,0
397383.333332936,0
397399.999999603,0
397416.666666269,0
397433.333332936,0
397449.999999602,0.0378659582724177
397466.666666269,0
397483.333332936,0
397499.999999602,0
397516.666666269,0
397533.333332936,0
397549.999999602,0.0188747280410844
397566.666666269,0
397583.333332936,0
397599.999999602,0
397616.666666269,0
397633.333332936,0
397649.999999602,0.0977492250832485
397666.666666269,0
397683.333332936,0
397699.999999602,0
397716.666666269,0
397733.333332936,0
397749.999999602,0.00226554946225359
397766.666666269,0
397783.333332936,0
397799.999999602,0
397816.666666269,0
397833.333332935,0
397849.999999602,0.112958529461819
397866.666666269,0
397883.333332935,0
397899.999999602,0
397916.666666269,0
397933.333332935,0
397949.999999602,0.206958319605402
397966.666666269,0
397983.333332935,0
397999.999999602,0
398016.666666269,0
398033.333332935,0
398049.999999602,0.3024723644747
398066.666666269,0
398083.333332935,0
398099.999999602,0
398116.666666268,0
398133.333332935,0
398149.999999602,0.439482883206605
398166.666666268,0
398183.333332935,0
398199.999999602,0
398216.666666268,0
398233.333332935,0
398249.999999602,0.173089577271246
398266.666666268,0
398283.333332935,0
398299.999999602,0
398316.666666268,0
398333.333332935,0
398349.999999602,0.155598937130514
398366.666666268,0
398383.333332935,0
398399.999999602,0
398416.666666268,0
398433.333332935,0
398449.999999602,0.3915820554737
398466.666666268,0
398483.333332935,0
398499.999999601,0
398516.666666268,0
398533.333332935,0
398549.999999601,0.0961662656723531
398566.666666268,0
398583.333332935,0
398599.999999601,0
398616.666666268,0
398633.333332935,0
398649.999999601,0.16974384310962
398666.666666268,0
398683.333332935,0
398699.999999601,0
398716.666666268,0
398733.333332935,0
398749.999999601,0.714585318867539
398766.666666268,0
398783.333332935,0
398799.999999601,0
398816.666666268,0
398833.333332934,0
398849.999999601,0.86396599235501
398866.666666268,0
398883.333332934,0
398899.999999601,0
398916.666666268,0
398933.333332934,0
398949.999999601,0.294517112415232
398966.666666268,0
398983.333332934,0
398999.999999601,0
399016.666666268,0
399033.333332934,0
399049.999999601,0.624498760080688
399066.666666267,0
399083.333332934,0
399099.999999601,0
399116.666666267,0
399133.333332934,0
399149.999999601,0.313722839692085
399166.666666267,0
399183.333332934,0
399199.999999601,0
399216.666666267,0
399233.333332934,0
399249.999999601,0.138333639539813
399266.666666267,0
399283.333332934,0
399299.999999601,0
399316.666666267,0
399333.333332934,0
399349.999999601,0.173967557794447
399366.666666267,0
399383.333332934,0
399399.999999601,0
399416.666666267,0
399433.333332934,0
399449.9999996,0.0687800639337127
399466.666666267,0
399483.333332934,0
399499.9999996,0
399516.666666267,0
399533.333332934,0
399549.9999996,0.284527492072393
399566.666666267,0
399583.333332934,0
399599.9999996,0
399616.666666267,0
399633.333332934,0
399649.9999996,0.31770851337921
399666.666666267,0
399683.333332934,0
399699.9999996,0
399716.666666267,0
399733.333332934,0
399749.9999996,0.275429758230813
399766.666666267,0
399783.333332933,0
399799.9999996,0
399816.666666267,0
399833.333332933,0
399849.9999996,0.174316072919264
399866.666666267,0
399883.333332933,0
399899.9999996,0
399916.666666267,0
399933.333332933,0
399949.9999996,0.163016035490957
399966.666666267,0
399983.333332933,0
399999.9999996,0
400016.666666267,0
400033.333332933,0
400049.9999996,0.153406421464286
400066.666666267,0
400083.333332933,0
400099.9999996,0
400116.666666267,0
400133.333332933,0
400149.9999996,0.156740089605985
400166.666666266,0
400183.333332933,0
400199.9999996,0
400216.666666266,0
400233.333332933,0
400249.9999996,0.271020103127271
400266.666666266,0
400283.333332933,0
400299.9999996,0
400316.666666266,0
400333.333332933,0
400349.9999996,0.335846813455344
400366.666666266,0
400383.333332933,0
400399.9999996,0
400416.666666266,0
400433.333332933,0
400449.9999996,0.310269783760386
400466.666666266,0
400483.333332933,0
400499.999999599,0
400516.666666266,0
400533.333332933,0
400549.999999599,0.0744559608392168
400566.666666266,0
400583.333332933,0
400599.999999599,0
400616.666666266,0
400633.333332933,0
400649.999999599,0.18835378848154
400666.666666266,0
400683.333332933,0
400699.999999599,0
400716.666666266,0
400733.333332933,0
400749.999999599,0.137900421893327
400766.666666266,0
400783.333332932,0
400799.999999599,0
400816.666666266,0
400833.333332932,0
400849.999999599,0.338004290382271
400866.666666266,0
400883.333332932,0
400899.999999599,0
400916.666666266,0
400933.333332932,0
400949.999999599,0.620131673590885
400966.666666266,0
400983.333332932,0
400999.999999599,0
401016.666666266,0
401033.333332932,0
401049.999999599,0.327721198835741
401066.666666266,0
401083.333332932,0
401099.999999599,0
401116.666666265,0
401133.333332932,0
401149.999999599,0.829435400535355
401166.666666265,0
401183.333332932,0
401199.999999599,0
401216.666666265,0
401233.333332932,0
401249.999999599,0.706738876737902
401266.666666265,0
401283.333332932,0
401299.999999599,0
401316.666666265,0
401333.333332932,0
401349.999999599,0.187085961730551
401366.666666265,0
401383.333332932,0
401399.999999599,0
401416.666666265,0
401433.333332932,0
401449.999999598,0.130216860924654
401466.666666265,0
401483.333332932,0
401499.999999598,0
401516.666666265,0
401533.333332932,0
401549.999999598,0.435033126839307
401566.666666265,0
401583.333332932,0
401599.999999598,0
401616.666666265,0
401633.333332932,0
401649.999999598,0.110669030008938
401666.666666265,0
401683.333332932,0
401699.999999598,0
401716.666666265,0
401733.333332932,0
401749.999999598,0.219537487197851
401766.666666265,0
401783.333332932,0
401799.999999598,0
401816.666666265,0
401833.333332931,0
401849.999999598,0.432095838491733
401866.666666265,0
401883.333332931,0
401899.999999598,0
401916.666666265,0
401933.333332931,0
401949.999999598,0.29029782323709
401966.666666265,0
401983.333332931,0
401999.999999598,0
402016.666666265,0
402033.333332931,0
402049.999999598,0.202513072175361
402066.666666265,0
402083.333332931,0
402099.999999598,0
402116.666666264,0
402133.333332931,0
402149.999999598,0.0866397364580268
402166.666666264,0
402183.333332931,0
402199.999999598,0
402216.666666264,0
402233.333332931,0
402249.999999598,0.00695457952781186
402266.666666264,0
402283.333332931,0
402299.999999598,0
402316.666666264,0
402333.333332931,0
402349.999999598,0.114198802653601
402366.666666264,0
402383.333332931,0
402399.999999598,0
402416.666666264,0
402433.333332931,0
402449.999999597,0.029446855225005
402466.666666264,0
402483.333332931,0
402499.999999597,0
402516.666666264,0
402533.333332931,0
402549.999999597,0.0356164462775627
402566.666666264,0
402583.333332931,0
402599.999999597,0
402616.666666264,0
402633.333332931,0
402649.999999597,0.0549709678172359
402666.666666264,0
402683.333332931,0
402699.999999597,0
402716.666666264,0
402733.333332931,0
402749.999999597,0.0601173888613985
402766.666666264,0
402783.333332931,0
402799.999999597,0
402816.666666264,0
402833.33333293,0
402849.999999597,0.143721251050395
402866.666666264,0
402883.33333293,0
402899.999999597,0
402916.666666264,0
402933.33333293,0
402949.999999597,0.0367820664722694
402966.666666264,0
402983.33333293,0
402999.999999597,0
403016.666666264,0
403033.33333293,0
403049.999999597,0.0852456389105422
403066.666666264,0
403083.33333293,0
403099.999999597,0
403116.666666264,0
403133.33333293,0
403149.999999597,0.114959677439071
403166.666666263,0
403183.33333293,0
403199.999999597,0
403216.666666263,0
403233.33333293,0
403249.999999597,0.0583082495038443
403266.666666263,0
403283.33333293,0
403299.999999597,0
403316.666666263,0
403333.33333293,0
403349.999999597,0.111731721507967
403366.666666263,0
403383.33333293,0
403399.999999597,0
403416.666666263,0
403433.33333293,0
403449.999999596,0.0880658129836439
403466.666666263,0
403483.33333293,0
403499.999999596,0
403516.666666263,0
403533.33333293,0
403549.999999596,0.152616646170025
403566.666666263,0
403583.33333293,0
403599.999999596,0
403616.666666263,0
403633.33333293,0
403649.999999596,0.035621353692955
403666.666666263,0
403683.33333293,0
403699.999999596,0
403716.666666263,0
403733.33333293,0
403749.999999596,0.131962759046219
403766.666666263,0
403783.333332929,0
403799.999999596,0
403816.666666263,0
403833.333332929,0
403849.999999596,0.116068231788644
403866.666666263,0
403883.333332929,0
403899.999999596,0
403916.666666263,0
403933.333332929,0
403949.999999596,0.109017797406566
403966.666666263,0
403983.333332929,0
403999.999999596,0
404016.666666263,0
404033.333332929,0
404049.999999596,0.0972518753771443
404066.666666263,0
404083.333332929,0
404099.999999596,0
404116.666666262,0
404133.333332929,0
404149.999999596,0.0304435859776822
404166.666666262,0
404183.333332929,0
404199.999999596,0
404216.666666262,0
404233.333332929,0
404249.999999596,0.0216640133433162
404266.666666262,0
404283.333332929,0
404299.999999596,0
404316.666666262,0
404333.333332929,0
404349.999999596,0.0690660025939982
404366.666666262,0
404383.333332929,0
404399.999999596,0
404416.666666262,0
404433.333332929,0
404449.999999596,0.0475732861533786
404466.666666262,0
404483.333332929,0
404499.999999595,0
404516.666666262,0
404533.333332929,0
404549.999999595,0.091628930830306
404566.666666262,0
404583.333332929,0
404599.999999595,0
404616.666666262,0
404633.333332929,0
404649.999999595,0.183676663601552
404666.666666262,0
404683.333332929,0
404699.999999595,0
404716.666666262,0
404733.333332929,0
404749.999999595,0.211166627143351
404766.666666262,0
404783.333332929,0
404799.999999595,0
404816.666666262,0
404833.333332928,0
404849.999999595,0.0136890215231066
404866.666666262,0
404883.333332928,0
404899.999999595,0
404916.666666262,0
404933.333332928,0
404949.999999595,0.0415093153931043
404966.666666262,0
404983.333332928,0
404999.999999595,0
405016.666666262,0
405033.333332928,0
405049.999999595,0.0221157322425552
405066.666666262,0
405083.333332928,0
405099.999999595,0
405116.666666262,0
405133.333332928,0
405149.999999595,0.0997968633893853
405166.666666261,0
405183.333332928,0
405199.999999595,0
405216.666666261,0
405233.333332928,0
405249.999999595,0.132272094929009
405266.666666261,0
405283.333332928,0
405299.999999595,0
405316.666666261,0
405333.333332928,0
405349.999999595,0.0463477766631382
405366.666666261,0
405383.333332928,0
405399.999999595,0
405416.666666261,0
405433.333332928,0
405449.999999595,0.0262108559997033
405466.666666261,0
405483.333332928,0
405499.999999594,0
405516.666666261,0
405533.333332928,0
405549.999999594,0.0932849147272582
405566.666666261,0
405583.333332928,0
405599.999999594,0
405616.666666261,0
405633.333332928,0
405649.999999594,0.0581433819605931
405666.666666261,0
405683.333332928,0
405699.999999594,0
405716.666666261,0
405733.333332928,0
405749.999999594,0.033489042491526
405766.666666261,0
405783.333332927,0
405799.999999594,0
405816.666666261,0
405833.333332927,0
405849.999999594,0.0343189644812009
405866.666666261,0
405883.333332927,0
405899.999999594,0
405916.666666261,0
405933.333332927,0
405949.999999594,0.0980658723568545
405966.666666261,0
405983.333332927,0
405999.999999594,0
406016.666666261,0
406033.333332927,0
406049.999999594,0.00750417739147711
406066.666666261,0
406083.333332927,0
406099.999999594,0
406116.666666261,0
406133.333332927,0
406149.999999594,0.0802974206012691
406166.66666626,0
406183.333332927,0
406199.999999594,0
406216.66666626,0
406233.333332927,0
406249.999999594,0.0172107439053484
406266.66666626,0
406283.333332927,0
406299.999999594,0
406316.66666626,0
406333.333332927,0
406349.999999594,0.0137656959244807
406366.66666626,0
406383.333332927,0
406399.999999594,0
406416.66666626,0
406433.333332927,0
406449.999999593,0.0273390434750321
406466.66666626,0
406483.333332927,0
406499.999999593,0
406516.66666626,0
406533.333332927,0
406549.999999593,0.0107747174167988
406566.66666626,0
406583.333332927,0
406599.999999593,0
406616.66666626,0
406633.333332927,0
406649.999999593,0.0325569419488928
406666.66666626,0
406683.333332927,0
406699.999999593,0
406716.66666626,0
406733.333332927,0
406749.999999593,0.0492286206840081
406766.66666626,0
406783.333332927,0
406799.999999593,0
406816.66666626,0
406833.333332926,0
406849.999999593,0.0793879914468749
406866.66666626,0
406883.333332926,0
406899.999999593,0
406916.66666626,0
406933.333332926,0
406949.999999593,0.0627284405450448
406966.66666626,0
406983.333332926,0
406999.999999593,0
407016.66666626,0
407033.333332926,0
407049.999999593,0.0160487947504734
407066.66666626,0
407083.333332926,0
407099.999999593,0
407116.66666626,0
407133.333332926,0
407149.999999593,0.0300865408031133
407166.666666259,0
407183.333332926,0
407199.999999593,0
407216.666666259,0
407233.333332926,0
407249.999999593,0.025354124709671
407266.666666259,0
407283.333332926,0
407299.999999593,0
407316.666666259,0
407333.333332926,0
407349.999999593,0.0122866860884781
407366.666666259,0
407383.333332926,0
407399.999999593,0
407416.666666259,0
407433.333332926,0
407449.999999593,0.112863010867077
407466.666666259,0
407483.333332926,0
407499.999999592,0
407516.666666259,0
407533.333332926,0
407549.999999592,0.0217461798771813
407566.666666259,0
407583.333332926,0
407599.999999592,0
407616.666666259,0
407633.333332926,0
407649.999999592,0.0535558607395026
407666.666666259,0
407683.333332926,0
407699.999999592,0
407716.666666259,0
407733.333332926,0
407749.999999592,0.0572889759531137
407766.666666259,0
407783.333332925,0
407799.999999592,0
407816.666666259,0
407833.333332925,0
407849.999999592,0.0501988628646932
407866.666666259,0
407883.333332925,0
407899.999999592,0
407916.666666259,0
407933.333332925,0
407949.999999592,0.153038797172216
407966.666666259,0
407983.333332925,0
407999.999999592,0
408016.666666259,0
408033.333332925,0
408049.999999592,0.0762430748055742
408066.666666259,0
408083.333332925,0
408099.999999592,0
408116.666666258,0
408133.333332925,0
408149.999999592,0.0273302368885958
408166.666666258,0
408183.333332925,0
408199.999999592,0
408216.666666258,0
408233.333332925,0
408249.999999592,0.0158415952708063
408266.666666258,0
408283.333332925,0
408299.999999592,0
408316.666666258,0
408333.333332925,0
408349.999999592,0.00424518847109649
408366.666666258,0
408383.333332925,0
408399.999999592,0
408416.666666258,0
408433.333332925,0
408449.999999591,0.0323708495506193
408466.666666258,0
408483.333332925,0
408499.999999591,0
408516.666666258,0
408533.333332925,0
408549.999999591,0.0669603022225004
408566.666666258,0
408583.333332925,0
408599.999999591,0
408616.666666258,0
408633.333332925,0
408649.999999591,0.028685736095324
408666.666666258,0
408683.333332925,0
408699.999999591,0
408716.666666258,0
408733.333332925,0
408749.999999591,0.0386481783785391
408766.666666258,0
408783.333332925,0
408799.999999591,0
408816.666666258,0
408833.333332924,0
408849.999999591,0.00382512711030967
408866.666666258,0
408883.333332924,0
408899.999999591,0
408916.666666258,0
408933.333332924,0
408949.999999591,0.0260213384995039
408966.666666258,0
408983.333332924,0
408999.999999591,0
409016.666666258,0
409033.333332924,0
409049.999999591,0.0497451595350933
409066.666666258,0
409083.333332924,0
409099.999999591,0
409116.666666257,0
409133.333332924,0
409149.999999591,0.0418895693724688
409166.666666257,0
409183.333332924,0
409199.999999591,0
409216.666666257,0
409233.333332924,0
409249.999999591,0.0423323386275003
409266.666666257,0
409283.333332924,0
409299.999999591,0
409316.666666257,0
409333.333332924,0
409349.999999591,0.0440201129292023
409366.666666257,0
409383.333332924,0
409399.999999591,0
409416.666666257,0
409433.333332924,0
409449.999999591,0.0565171121790826
409466.666666257,0
409483.333332924,0
409499.99999959,0
409516.666666257,0
409533.333332924,0
409549.99999959,0.0138191311150648
409566.666666257,0
409583.333332924,0
409599.99999959,0
409616.666666257,0
409633.333332924,0
409649.99999959,0.0559255018432537
409666.666666257,0
409683.333332924,0
409699.99999959,0
409716.666666257,0
409733.333332924,0
409749.99999959,0.0369601128058627
409766.666666257,0
409783.333332924,0
409799.99999959,0
409816.666666257,0
409833.333332923,0
409849.99999959,0.0450145811626635
409866.666666257,0
409883.333332923,0
409899.99999959,0
409916.666666257,0
409933.333332923,0
409949.99999959,0.0261814764875066
409966.666666257,0
409983.333332923,0
409999.99999959,0
410016.666666257,0
410033.333332923,0
410049.99999959,0.0157627159952378
410066.666666256,0
410083.333332923,0
410099.99999959,0
410116.666666256,0
410133.333332923,0
410149.99999959,0.0429696910199433
410166.666666256,0
410183.333332923,0
410199.99999959,0
410216.666666256,0
410233.333332923,0
410249.99999959,0.0460789543126865
410266.666666256,0
410283.333332923,0
410299.99999959,0
410316.666666256,0
410333.333332923,0
410349.99999959,0.00563588261744385
410366.666666256,0
410383.333332923,0
410399.99999959,0
410416.666666256,0
410433.333332923,0
410449.999999589,0.00456190298187129
410466.666666256,0
410483.333332923,0
410499.999999589,0
410516.666666256,0
410533.333332923,0
410549.999999589,0.000342056709270003
410566.666666256,0
410583.333332923,0
410599.999999589,0
410616.666666256,0
410633.333332923,0
410649.999999589,0.0650498147163774
410666.666666256,0
410683.333332923,0
410699.999999589,0
410716.666666256,0
410733.333332923,0
410749.999999589,0.050461612328299
410766.666666256,0
410783.333332922,0
410799.999999589,0
410816.666666256,0
410833.333332922,0
410849.999999589,0.0241122893225318
410866.666666256,0
410883.333332922,0
410899.999999589,0
410916.666666256,0
410933.333332922,0
410949.999999589,0.0410868630383829
410966.666666256,0
410983.333332922,0
410999.999999589,0
411016.666666256,0
411033.333332922,0
411049.999999589,0.0590849704499929
411066.666666256,0
411083.333332922,0
411099.999999589,0
411116.666666256,0
411133.333332922,0
411149.999999589,0.0868262194545281
411166.666666255,0
411183.333332922,0
411199.999999589,0
411216.666666255,0
411233.333332922,0
411249.999999589,0.0394732023321561
411266.666666255,0
411283.333332922,0
411299.999999589,0
411316.666666255,0
411333.333332922,0
411349.999999589,0.00934613704461985
411366.666666255,0
411383.333332922,0
411399.999999589,0
411416.666666255,0
411433.333332922,0
411449.999999589,0.052476747210478
411466.666666255,0
411483.333332922,0
411499.999999588,0
411516.666666255,0
411533.333332922,0
411549.999999588,0.012833414104194
411566.666666255,0
411583.333332922,0
411599.999999588,0
411616.666666255,0
411633.333332922,0
411649.999999588,0.0540446484937254
411666.666666255,0
411683.333332922,0
411699.999999588,0
411716.666666255,0
411733.333332922,0
411749.999999588,0.0462979708479013
411766.666666255,0
411783.333332921,0
411799.999999588,0
411816.666666255,0
411833.333332921,0
411849.999999588,0.0459401140997415
411866.666666255,0
411883.333332921,0
411899.999999588,0
411916.666666255,0
411933.333332921,0
411949.999999588,0.02430611055751
411966.666666255,0
411983.333332921,0
411999.999999588,0
412016.666666255,0
412033.333332921,0
412049.999999588,0.0677565222620816
412066.666666255,0
412083.333332921,0
412099.999999588,0
412116.666666255,0
412133.333332921,0
412149.999999588,0.0338123136845268
412166.666666254,0
412183.333332921,0
412199.999999588,0
412216.666666254,0
412233.333332921,0
412249.999999588,0.00963025634368313
412266.666666254,0
412283.333332921,0
412299.999999588,0
412316.666666254,0
412333.333332921,0
412349.999999588,0.0243542708565459
412366.666666254,0
412383.333332921,0
412399.999999588,0
412416.666666254,0
412433.333332921,0
412449.999999587,0.0343574636212957
412466.666666254,0
412483.333332921,0
412499.999999587,0
412516.666666254,0
412533.333332921,0
412549.999999587,0.0123839383659987
412566.666666254,0
412583.333332921,0
412599.999999587,0
412616.666666254,0
412633.333332921,0
412649.999999587,0.0061598529551673
412666.666666254,0
412683.333332921,0
412699.999999587,0
412716.666666254,0
412733.333332921,0
412749.999999587,0.00121318570232269
412766.666666254,0
412783.333332921,0
412799.999999587,0
412816.666666254,0
412833.33333292,0
412849.999999587,0.00422897222446678
412866.666666254,0
412883.33333292,0
412899.999999587,0
412916.666666254,0
412933.33333292,0
412949.999999587,0.0306489062331168
412966.666666254,0
412983.33333292,0
412999.999999587,0
413016.666666254,0
413033.33333292,0
413049.999999587,0.00150660367867546
413066.666666254,0
413083.33333292,0
413099.999999587,0
413116.666666253,0
413133.33333292,0
413149.999999587,0.0277705290323901
413166.666666253,0
413183.33333292,0
413199.999999587,0
413216.666666253,0
413233.33333292,0
413249.999999587,0.00790398129485817
413266.666666253,0
413283.33333292,0
413299.999999587,0
413316.666666253,0
413333.33333292,0
413349.999999587,0.0302875442556255
413366.666666253,0
413383.33333292,0
413399.999999587,0
413416.666666253,0
413433.33333292,0
413449.999999586,0.0215213745218678
413466.666666253,0
413483.33333292,0
413499.999999586,0
413516.666666253,0
413533.33333292,0
413549.999999586,0.025315165260102
413566.666666253,0
413583.33333292,0
413599.999999586,0
413616.666666253,0
413633.33333292,0
413649.999999586,0.0394102910116962
413666.666666253,0
413683.33333292,0
413699.999999586,0
413716.666666253,0
413733.33333292,0
413749.999999586,0.0172700770557196
413766.666666253,0
413783.33333292,0
413799.999999586,0
413816.666666253,0
413833.333332919,0
413849.999999586,0.0919844240714378
413866.666666253,0
413883.333332919,0
413899.999999586,0
413916.666666253,0
413933.333332919,0
413949.999999586,0.0559462557276692
413966.666666253,0
413983.333332919,0
413999.999999586,0
414016.666666253,0
414033.333332919,0
414049.999999586,0.0051745631492188
414066.666666253,0
414083.333332919,0
414099.999999586,0
414116.666666253,0
414133.333332919,0
414149.999999586,0.0166337499530348
414166.666666252,0
414183.333332919,0
414199.999999586,0
414216.666666252,0
414233.333332919,0
414249.999999586,0.0138258775362052
414266.666666252,0
414283.333332919,0
414299.999999586,0
414316.666666252,0
414333.333332919,0
414349.999999586,0.0481546099235104
414366.666666252,0
414383.333332919,0
414399.999999586,0
414416.666666252,0
414433.333332919,0
414449.999999585,0.0862222753606837
414466.666666252,0
414483.333332919,0
414499.999999585,0
414516.666666252,0
414533.333332919,0
414549.999999585,0.0243208455001718
414566.666666252,0
414583.333332919,0
414599.999999585,0
414616.666666252,0
414633.333332919,0
414649.999999585,0.00616665501422324
414666.666666252,0
414683.333332919,0
414699.999999585,0
414716.666666252,0
414733.333332919,0
414749.999999585,0.010968738492706
414766.666666252,0
414783.333332918,0
414799.999999585,0
414816.666666252,0
414833.333332918,0
414849.999999585,0.0249680226037481
414866.666666252,0
414883.333332918,0
414899.999999585,0
414916.666666252,0
414933.333332918,0
414949.999999585,0.0136023784033872
414966.666666252,0
414983.333332918,0
414999.999999585,0
415016.666666252,0
415033.333332918,0
415049.999999585,0.00642804759448812
415066.666666252,0
415083.333332918,0
415099.999999585,0
415116.666666251,0
415133.333332918,0
415149.999999585,0.0239545197530585
415166.666666251,0
415183.333332918,0
415199.999999585,0
415216.666666251,0
415233.333332918,0
415249.999999585,0.0269119071540844
415266.666666251,0
415283.333332918,0
415299.999999585,0
415316.666666251,0
415333.333332918,0
415349.999999585,0.0135328655293001
415366.666666251,0
415383.333332918,0
415399.999999585,0
415416.666666251,0
415433.333332918,0
415449.999999585,0.0197823757417596
415466.666666251,0
415483.333332918,0
415499.999999584,0
415516.666666251,0
415533.333332918,0
415549.999999584,0.0373111334085761
415566.666666251,0
415583.333332918,0
415599.999999584,0
415616.666666251,0
415633.333332918,0
415649.999999584,0.0246930607849879
415666.666666251,0
415683.333332918,0
415699.999999584,0
415716.666666251,0
415733.333332918,0
415749.999999584,0.0156337358657007
415766.666666251,0
415783.333332917,0
415799.999999584,0
415816.666666251,0
415833.333332917,0
415849.999999584,0.0353917959907216
415866.666666251,0
415883.333332917,0
415899.999999584,0
415916.666666251,0
415933.333332917,0
415949.999999584,0.0159631677794675
415966.666666251,0
415983.333332917,0
415999.999999584,0
416016.666666251,0
416033.333332917,0
416049.999999584,0.0202339564870216
416066.666666251,0
416083.333332917,0
416099.999999584,0
416116.666666251,0
416133.333332917,0
416149.999999584,0.0329907348191285
416166.66666625,0
416183.333332917,0
416199.999999584,0
416216.66666625,0
416233.333332917,0
416249.999999584,0.0196974342812065
416266.66666625,0
416283.333332917,0
416299.999999584,0
416316.66666625,0
416333.333332917,0
416349.999999584,0.0229073711942445
416366.66666625,0
416383.333332917,0
416399.999999584,0
416416.66666625,0
416433.333332917,0
416449.999999584,0.0621649958928696
416466.66666625,0
416483.333332917,0
416499.999999583,0
416516.66666625,0
416533.333332917,0
416549.999999583,0.00576124318458898
416566.66666625,0
416583.333332917,0
416599.999999583,0
416616.66666625,0
416633.333332917,0
416649.999999583,0.0574674855462212
416666.66666625,0
416683.333332917,0
416699.999999583,0
416716.66666625,0
416733.333332917,0
416749.999999583,0.0490438291902246
416766.66666625,0
416783.333332916,0
416799.999999583,0
416816.66666625,0
416833.333332916,0
416849.999999583,0.0033392729545469
416866.66666625,0
416883.333332916,0
416899.999999583,0
416916.66666625,0
416933.333332916,0
416949.999999583,0.021172611009706
416966.66666625,0
416983.333332916,0
416999.999999583,0
417016.66666625,0
417033.333332916,0
417049.999999583,0.0280644686185317
417066.66666625,0
417083.333332916,0
417099.999999583,0
417116.66666625,0
417133.333332916,0
417149.999999583,0.0413465447242239
417166.666666249,0
417183.333332916,0
417199.999999583,0
417216.666666249,0
417233.333332916,0
417249.999999583,0.0432252879174514
417266.666666249,0
417283.333332916,0
417299.999999583,0
417316.666666249,0
417333.333332916,0
417349.999999583,0.015292011356294
417366.666666249,0
417383.333332916,0
417399.999999583,0
417416.666666249,0
417433.333332916,0
417449.999999582,0.00728210213530731
417466.666666249,0
417483.333332916,0
417499.999999582,0
417516.666666249,0
417533.333332916,0
417549.999999582,0.0401675574763532
417566.666666249,0
417583.333332916,0
417599.999999582,0
417616.666666249,0
417633.333332916,0
417649.999999582,0.0448129168791255
417666.666666249,0
417683.333332916,0
417699.999999582,0
417716.666666249,0
417733.333332916,0
417749.999999582,0.00321043661012445
417766.666666249,0
417783.333332915,0
417799.999999582,0
417816.666666249,0
417833.333332915,0
417849.999999582,0.0327660770230173
417866.666666249,0
417883.333332915,0
417899.999999582,0
417916.666666249,0
417933.333332915,0
417949.999999582,0.038745539565289
417966.666666249,0
417983.333332915,0
417999.999999582,0
418016.666666249,0
418033.333332915,0
418049.999999582,0.0187493267889623
418066.666666249,0
418083.333332915,0
418099.999999582,0
418116.666666249,0
418133.333332915,0
418149.999999582,0.0198846325267075
418166.666666248,0
418183.333332915,0
418199.999999582,0
418216.666666248,0
418233.333332915,0
418249.999999582,0.0316948179727535
418266.666666248,0
418283.333332915,0
418299.999999582,0
418316.666666248,0
418333.333332915,0
418349.999999582,0.0113932175295852
418366.666666248,0
418383.333332915,0
418399.999999582,0
418416.666666248,0
418433.333332915,0
418449.999999582,0.037742368225638
418466.666666248,0
418483.333332915,0
418499.999999581,0
418516.666666248,0
418533.333332915,0
418549.999999581,0.0214812325641824
418566.666666248,0
418583.333332915,0
418599.999999581,0
418616.666666248,0
418633.333332915,0
418649.999999581,0.00551289307466455
418666.666666248,0
418683.333332915,0
418699.999999581,0
418716.666666248,0
418733.333332915,0
418749.999999581,0.0151409951476019
418766.666666248,0
418783.333332914,0
418799.999999581,0
418816.666666248,0
418833.333332914,0
418849.999999581,0.0626509234358632
418866.666666248,0
418883.333332914,0
418899.999999581,0
418916.666666248,0
418933.333332914,0
418949.999999581,0.00677540709168468
418966.666666248,0
418983.333332914,0
418999.999999581,0
419016.666666248,0
419033.333332914,0
419049.999999581,0.00631772370566595
419066.666666248,0
419083.333332914,0
419099.999999581,0
419116.666666247,0
419133.333332914,0
419149.999999581,0.014334630059571
419166.666666247,0
419183.333332914,0
419199.999999581,0
419216.666666247,0
419233.333332914,0
419249.999999581,0.0300065451602684
419266.666666247,0
419283.333332914,0
419299.999999581,0
419316.666666247,0
419333.333332914,0
419349.999999581,0.00760920499772971
419366.666666247,0
419383.333332914,0
419399.999999581,0
419416.666666247,0
419433.333332914,0
419449.99999958,0.0182216195138596
419466.666666247,0
419483.333332914,0
419499.99999958,0
419516.666666247,0
419533.333332914,0
419549.99999958,0.03933854669483
419566.666666247,0
419583.333332914,0
419599.99999958,0
419616.666666247,0
419633.333332914,0
419649.99999958,0.0491604426627355
419666.666666247,0
419683.333332914,0
419699.99999958,0
419716.666666247,0
419733.333332914,0
419749.99999958,0.00741806053232225
419766.666666247,0
419783.333332914,0
419799.99999958,0
419816.666666247,0
419833.333332913,0
419849.99999958,0.0170565542479663
419866.666666247,0
419883.333332913,0
419899.99999958,0
419916.666666247,0
419933.333332913,0
419949.99999958,0.0324723655608327
419966.666666247,0
419983.333332913,0
419999.99999958,0
420016.666666247,0
420033.333332913,0
420049.99999958,0.0363482960323413
420066.666666247,0
420083.333332913,0
420099.99999958,0
420116.666666246,0
420133.333332913,0
420149.99999958,0.0571306119486764
420166.666666246,0
420183.333332913,0
420199.99999958,0
420216.666666246,0
420233.333332913,0
420249.99999958,0.0314073984431199
420266.666666246,0
420283.333332913,0
420299.99999958,0
420316.666666246,0
420333.333332913,0
420349.99999958,0.0598527645733868
420366.666666246,0
420383.333332913,0
420399.99999958,0
420416.666666246,0
420433.333332913,0
420449.99999958,0.0229449950050924
420466.666666246,0
420483.333332913,0
420499.999999579,0
420516.666666246,0
420533.333332913,0
420549.999999579,0.00213860898872791
420566.666666246,0
420583.333332913,0
420599.999999579,0
420616.666666246,0
420633.333332913,0
420649.999999579,0.0169173361896794
420666.666666246,0
420683.333332913,0
420699.999999579,0
420716.666666246,0
420733.333332913,0
420749.999999579,0.00939076552802669
420766.666666246,0
420783.333332913,0
420799.999999579,0
420816.666666246,0
420833.333332912,0
420849.999999579,0.0510344450129273
420866.666666246,0
420883.333332912,0
420899.999999579,0
420916.666666246,0
420933.333332912,0
420949.999999579,0.0124745142223957
420966.666666246,0
420983.333332912,0
420999.999999579,0
421016.666666246,0
421033.333332912,0
421049.999999579,0.00569226696731085
421066.666666245,0
421083.333332912,0
421099.999999579,0
421116.666666245,0
421133.333332912,0
421149.999999579,0.0181045580087013
421166.666666245,0
421183.333332912,0
421199.999999579,0
421216.666666245,0
421233.333332912,0
421249.999999579,0.0508171710294232
421266.666666245,0
421283.333332912,0
421299.999999579,0
421316.666666245,0
421333.333332912,0
421349.999999579,0.00645623684337225
421366.666666245,0
421383.333332912,0
421399.999999579,0
421416.666666245,0
421433.333332912,0
421449.999999578,0.00937814024670366
421466.666666245,0
421483.333332912,0
421499.999999578,0
421516.666666245,0
421533.333332912,0
421549.999999578,0.0125844808316118
421566.666666245,0
421583.333332912,0
421599.999999578,0
421616.666666245,0
421633.333332912,0
421649.999999578,0.00241036884148418
421666.666666245,0
421683.333332912,0
421699.999999578,0
421716.666666245,0
421733.333332912,0
421749.999999578,0.00876171325285167
421766.666666245,0
421783.333332911,0
421799.999999578,0
421816.666666245,0
421833.333332911,0
421849.999999578,0.0145798101037746
421866.666666245,0
421883.333332911,0
421899.999999578,0
421916.666666245,0
421933.333332911,0
421949.999999578,0.0243712164484231
421966.666666245,0
421983.333332911,0
421999.999999578,0
422016.666666245,0
422033.333332911,0
422049.999999578,0.0387319446990651
422066.666666245,0
422083.333332911,0
422099.999999578,0
422116.666666245,0
422133.333332911,0
422149.999999578,0.00927750623733371
422166.666666244,0
422183.333332911,0
422199.999999578,0
422216.666666244,0
422233.333332911,0
422249.999999578,0.0315911308549454
422266.666666244,0
422283.333332911,0
422299.999999578,0
422316.666666244,0
422333.333332911,0
422349.999999578,0.0475779627408018
422366.666666244,0
422383.333332911,0
422399.999999578,0
422416.666666244,0
422433.333332911,0
422449.999999578,0.0294246028074835
422466.666666244,0
422483.333332911,0
422499.999999577,0
422516.666666244,0
422533.333332911,0
422549.999999577,0.0105826121906542
422566.666666244,0
422583.333332911,0
422599.999999577,0
422616.666666244,0
422633.333332911,0
422649.999999577,0.000322972056947599
422666.666666244,0
422683.333332911,0
422699.999999577,0
422716.666666244,0
422733.333332911,0
422749.999999577,0.00694886285377026
422766.666666244,0
422783.33333291,0
422799.999999577,0
422816.666666244,0
422833.33333291,0
422849.999999577,0.0823505515304314
422866.666666244,0
422883.33333291,0
422899.999999577,0
422916.666666244,0
422933.33333291,0
422949.999999577,0.0429088863024929
422966.666666244,0
422983.33333291,0
422999.999999577,0
423016.666666244,0
423033.33333291,0
423049.999999577,0.0210380783361713
423066.666666244,0
423083.33333291,0
423099.999999577,0
423116.666666244,0
423133.33333291,0
423149.999999577,0.0608662410116571
423166.666666243,0
423183.33333291,0
423199.999999577,0
423216.666666243,0
423233.33333291,0
423249.999999577,0.0193059124500473
423266.666666243,0
423283.33333291,0
423299.999999577,0
423316.666666243,0
423333.33333291,0
423349.999999577,0.0394228450637905
423366.666666243,0
423383.33333291,0
423399.999999577,0
423416.666666243,0
423433.33333291,0
423449.999999576,0.00410682964439936
423466.666666243,0
423483.33333291,0
423499.999999576,0
423516.666666243,0
423533.33333291,0
423549.999999576,0.0292773713289991
423566.666666243,0
423583.33333291,0
423599.999999576,0
423616.666666243,0
423633.33333291,0
423649.999999576,0.0305298179404555
423666.666666243,0
423683.33333291,0
423699.999999576,0
423716.666666243,0
423733.33333291,0
423749.999999576,0.0241376276781745
423766.666666243,0
423783.33333291,0
423799.999999576,0
423816.666666243,0
423833.333332909,0
423849.999999576,0.000273087000791828
423866.666666243,0
423883.333332909,0
423899.999999576,0
423916.666666243,0
423933.333332909,0
423949.999999576,0.0040945286898112
423966.666666243,0
423983.333332909,0
423999.999999576,0
424016.666666243,0
424033.333332909,0
424049.999999576,0.0197987882348311
424066.666666243,0
424083.333332909,0
424099.999999576,0
424116.666666242,0
424133.333332909,0
424149.999999576,0.0166206195109165
424166.666666242,0
424183.333332909,0
424199.999999576,0
424216.666666242,0
424233.333332909,0
424249.999999576,0.0162083310590562
424266.666666242,0
424283.333332909,0
424299.999999576,0
424316.666666242,0
424333.333332909,0
424349.999999576,0.0309013794979442
424366.666666242,0
424383.333332909,0
424399.999999576,0
424416.666666242,0
424433.333332909,0
424449.999999575,0.0372851314725899
424466.666666242,0
424483.333332909,0
424499.999999575,0
424516.666666242,0
424533.333332909,0
424549.999999575,0.00736892061426477
424566.666666242,0
424583.333332909,0
424599.999999575,0
424616.666666242,0
424633.333332909,0
424649.999999575,0.0169187622245762
424666.666666242,0
424683.333332909,0
424699.999999575,0
424716.666666242,0
424733.333332909,0
424749.999999575,0.0535334118422465
424766.666666242,0
424783.333332909,0
424799.999999575,0
424816.666666242,0
424833.333332908,0
424849.999999575,0.00390156715410222
424866.666666242,0
424883.333332908,0
424899.999999575,0
424916.666666242,0
424933.333332908,0
424949.999999575,0.00658128274770221
424966.666666242,0
424983.333332908,0
424999.999999575,0
425016.666666242,0
425033.333332908,0
425049.999999575,0.00953784261670559
425066.666666242,0
425083.333332908,0
425099.999999575,0
425116.666666242,0
425133.333332908,0
425149.999999575,0.0179017736548869
425166.666666241,0
425183.333332908,0
425199.999999575,0
425216.666666241,0
425233.333332908,0
425249.999999575,0.0503881940155915
425266.666666241,0
425283.333332908,0
425299.999999575,0
425316.666666241,0
425333.333332908,0
425349.999999575,0.0136771578588771
425366.666666241,0
425383.333332908,0
425399.999999575,0
425416.666666241,0
425433.333332908,0
425449.999999574,0.0119803607219024
425466.666666241,0
425483.333332908,0
425499.999999574,0
425516.666666241,0
425533.333332908,0
425549.999999574,0.0315915340988811
425566.666666241,0
425583.333332908,0
425599.999999574,0
425616.666666241,0
425633.333332908,0
425649.999999574,0.0626379564300117
425666.666666241,0
425683.333332908,0
425699.999999574,0
425716.666666241,0
425733.333332908,0
425749.999999574,0.0523527649489618
425766.666666241,0
425783.333332907,0
425799.999999574,0
425816.666666241,0
425833.333332907,0
425849.999999574,0.00386257603338898
425866.666666241,0
425883.333332907,0
425899.999999574,0
425916.666666241,0
425933.333332907,0
425949.999999574,0.0298441100390571
425966.666666241,0
425983.333332907,0
425999.999999574,0
426016.666666241,0
426033.333332907,0
426049.999999574,0.0773517449129233
426066.666666241,0
426083.333332907,0
426099.999999574,0
426116.66666624,0
426133.333332907,0
426149.999999574,0.0352967671415
426166.66666624,0
426183.333332907,0
426199.999999574,0
426216.66666624,0
426233.333332907,0
426249.999999574,0.0117739899828422
426266.66666624,0
426283.333332907,0
426299.999999574,0
426316.66666624,0
426333.333332907,0
426349.999999574,0.0347610780639317
426366.66666624,0
426383.333332907,0
426399.999999574,0
426416.66666624,0
426433.333332907,0
426449.999999574,0.0259146320004694
426466.66666624,0
426483.333332907,0
426499.999999573,0
426516.66666624,0
426533.333332907,0
426549.999999573,0.0617436433891963
426566.66666624,0
426583.333332907,0
426599.999999573,0
426616.66666624,0
426633.333332907,0
426649.999999573,0.0180092101898022
426666.66666624,0
426683.333332907,0
426699.999999573,0
426716.66666624,0
426733.333332907,0
426749.999999573,0.0508313049589811
426766.66666624,0
426783.333332906,0
426799.999999573,0
426816.66666624,0
426833.333332906,0
426849.999999573,0.0143292038972544
426866.66666624,0
426883.333332906,0
426899.999999573,0
426916.66666624,0
426933.333332906,0
426949.999999573,0.0070492595392272
426966.66666624,0
426983.333332906,0
426999.999999573,0
427016.66666624,0
427033.333332906,0
427049.999999573,0.00443375799825263
427066.66666624,0
427083.333332906,0
427099.999999573,0
427116.66666624,0
427133.333332906,0
427149.999999573,0.0417750217548579
427166.666666239,0
427183.333332906,0
427199.999999573,0
427216.666666239,0
427233.333332906,0
427249.999999573,0.021137041834789
427266.666666239,0
427283.333332906,0
427299.999999573,0
427316.666666239,0
427333.333332906,0
427349.999999573,0.00275020998157451
427366.666666239,0
427383.333332906,0
427399.999999573,0
427416.666666239,0
427433.333332906,0
427449.999999573,0.000199214393166289
427466.666666239,0
427483.333332906,0
427499.999999572,0
427516.666666239,0
427533.333332906,0
427549.999999572,6.41284345007367e-05
427566.666666239,0
427583.333332906,0
427599.999999572,0
427616.666666239,0
427633.333332906,0
427649.999999572,0.0376280642516739
427666.666666239,0
427683.333332906,0
427699.999999572,0
427716.666666239,0
427733.333332906,0
427749.999999572,0.0282792412088231
427766.666666239,0
427783.333332905,0
427799.999999572,0
427816.666666239,0
427833.333332905,0
427849.999999572,0.00600215709944329
427866.666666239,0
427883.333332905,0
427899.999999572,0
427916.666666239,0
427933.333332905,0
427949.999999572,0.0306645819076536
427966.666666239,0
427983.333332905,0
427999.999999572,0
428016.666666239,0
428033.333332905,0
428049.999999572,0.0262530938942512
428066.666666239,0
428083.333332905,0
428099.999999572,0
428116.666666238,0
428133.333332905,0
428149.999999572,0.0369003880736325
428166.666666238,0
428183.333332905,0
428199.999999572,0
428216.666666238,0
428233.333332905,0
428249.999999572,0.0020687872518662
428266.666666238,0
428283.333332905,0
428299.999999572,0
428316.666666238,0
428333.333332905,0
428349.999999572,0.00952250474870916
428366.666666238,0
428383.333332905,0
428399.999999572,0
428416.666666238,0
428433.333332905,0
428449.999999571,0.026821631768441
428466.666666238,0
428483.333332905,0
428499.999999571,0
428516.666666238,0
428533.333332905,0
428549.999999571,0.0280801080348185
428566.666666238,0
428583.333332905,0
428599.999999571,0
428616.666666238,0
428633.333332905,0
428649.999999571,0.00447847053369747
428666.666666238,0
428683.333332905,0
428699.999999571,0
428716.666666238,0
428733.333332905,0
428749.999999571,0.0770046756979584
428766.666666238,0
428783.333332904,0
428799.999999571,0
428816.666666238,0
428833.333332904,0
428849.999999571,0.083062165640271
428866.666666238,0
428883.333332904,0
428899.999999571,0
428916.666666238,0
428933.333332904,0
428949.999999571,0.0575845092953133
428966.666666238,0
428983.333332904,0
428999.999999571,0
429016.666666238,0
429033.333332904,0
429049.999999571,0.0213214647990177
429066.666666238,0
429083.333332904,0
429099.999999571,0
429116.666666238,0
429133.333332904,0
429149.999999571,0.0160237549742689
429166.666666237,0
429183.333332904,0
429199.999999571,0
429216.666666237,0
429233.333332904,0
429249.999999571,0.0861161391990465
429266.666666237,0
429283.333332904,0
429299.999999571,0
429316.666666237,0
429333.333332904,0
429349.999999571,0.0742965232517752
429366.666666237,0
429383.333332904,0
429399.999999571,0
429416.666666237,0
429433.333332904,0
429449.99999957,0.037769417407579
429466.666666237,0
429483.333332904,0
429499.99999957,0
429516.666666237,0
429533.333332904,0
429549.99999957,0.0515439817357429
429566.666666237,0
429583.333332904,0
429599.99999957,0
429616.666666237,0
429633.333332904,0
429649.99999957,0.032250592705928
429666.666666237,0
429683.333332904,0
429699.99999957,0
429716.666666237,0
429733.333332904,0
429749.99999957,0.02140624289629
429766.666666237,0
429783.333332904,0
429799.99999957,0
429816.666666237,0
429833.333332903,0
429849.99999957,0.034684447330923
429866.666666237,0
429883.333332903,0
429899.99999957,0
429916.666666237,0
429933.333332903,0
429949.99999957,0.0170147294889283
429966.666666237,0
429983.333332903,0
429999.99999957,0
430016.666666237,0
430033.333332903,0
430049.99999957,0.0169362231302752
430066.666666237,0
430083.333332903,0
430099.99999957,0
430116.666666236,0
430133.333332903,0
430149.99999957,0.011792142904025
430166.666666236,0
430183.333332903,0
430199.99999957,0
430216.666666236,0
430233.333332903,0
430249.99999957,0.0240193914228693
430266.666666236,0
430283.333332903,0
430299.99999957,0
430316.666666236,0
430333.333332903,0
430349.99999957,0.0316480340805289
430366.666666236,0
430383.333332903,0
430399.99999957,0
430416.666666236,0
430433.333332903,0
430449.999999569,0.00548239087704973
430466.666666236,0
430483.333332903,0
430499.999999569,0
430516.666666236,0
430533.333332903,0
430549.999999569,0.0344265897883437
430566.666666236,0
430583.333332903,0
430599.999999569,0
430616.666666236,0
430633.333332903,0
430649.999999569,0.003288771942596
430666.666666236,0
430683.333332903,0
430699.999999569,0
430716.666666236,0
430733.333332903,0
430749.999999569,0.0380825934441988
430766.666666236,0
430783.333332903,0
430799.999999569,0
430816.666666236,0
430833.333332902,0
430849.999999569,0.0147959347465069
430866.666666236,0
430883.333332902,0
430899.999999569,0
430916.666666236,0
430933.333332902,0
430949.999999569,0.0149340201468378
430966.666666236,0
430983.333332902,0
430999.999999569,0
431016.666666236,0
431033.333332902,0
431049.999999569,0.0097321917918451
431066.666666236,0
431083.333332902,0
431099.999999569,0
431116.666666235,0
431133.333332902,0
431149.999999569,0.075649918337609
431166.666666235,0
431183.333332902,0
431199.999999569,0
431216.666666235,0
431233.333332902,0
431249.999999569,0.0320987440759471
431266.666666235,0
431283.333332902,0
431299.999999569,0
431316.666666235,0
431333.333332902,0
431349.999999569,0.0191691362813831
431366.666666235,0
431383.333332902,0
431399.999999569,0
431416.666666235,0
431433.333332902,0
431449.999999569,0.0172117690356407
431466.666666235,0
431483.333332902,0
431499.999999568,0
431516.666666235,0
431533.333332902,0
431549.999999568,0.0631613405683568
431566.666666235,0
431583.333332902,0
431599.999999568,0
431616.666666235,0
431633.333332902,0
431649.999999568,0.0246663846352904
431666.666666235,0
431683.333332902,0
431699.999999568,0
431716.666666235,0
431733.333332902,0
431749.999999568,0.010738746067015
431766.666666235,0
431783.333332902,0
431799.999999568,0
431816.666666235,0
431833.333332901,0
431849.999999568,0.0304886532365638
431866.666666235,0
431883.333332901,0
431899.999999568,0
431916.666666235,0
431933.333332901,0
431949.999999568,0.0414365811234896
431966.666666235,0
431983.333332901,0
431999.999999568,0
432016.666666235,0
432033.333332901,0
432049.999999568,0.106603627431482
432066.666666235,0
432083.333332901,0
432099.999999568,0
432116.666666235,0
432133.333332901,0
432149.999999568,0.137158926583103
432166.666666234,0
432183.333332901,0
432199.999999568,0
432216.666666234,0
432233.333332901,0
432249.999999568,0.0573007494677809
432266.666666234,0
432283.333332901,0
432299.999999568,0
432316.666666234,0
432333.333332901,0
432349.999999568,0.0362973800679314
432366.666666234,0
432383.333332901,0
432399.999999568,0
432416.666666234,0
432433.333332901,0
432449.999999567,0.0978046087641948
432466.666666234,0
432483.333332901,0
432499.999999567,0
432516.666666234,0
432533.333332901,0
432549.999999567,0.0708750737398312
432566.666666234,0
432583.333332901,0
432599.999999567,0
432616.666666234,0
432633.333332901,0
432649.999999567,0.0525217478525149
432666.666666234,0
432683.333332901,0
432699.999999567,0
432716.666666234,0
432733.333332901,0
432749.999999567,0.00617375548293978
432766.666666234,0
432783.3333329,0
432799.999999567,0
432816.666666234,0
432833.3333329,0
432849.999999567,0.0505992633496997
432866.666666234,0
432883.3333329,0
432899.999999567,0
432916.666666234,0
432933.3333329,0
432949.999999567,0.0410719576622977
432966.666666234,0
432983.3333329,0
432999.999999567,0
433016.666666234,0
433033.3333329,0
433049.999999567,0.0186578647720781
433066.666666234,0
433083.3333329,0
433099.999999567,0
433116.666666234,0
433133.3333329,0
433149.999999567,0.0513973353855778
433166.666666233,0
433183.3333329,0
433199.999999567,0
433216.666666233,0
433233.3333329,0
433249.999999567,0.0115962262771104
433266.666666233,0
433283.3333329,0
433299.999999567,0
433316.666666233,0
433333.3333329,0
433349.999999567,0.0227790919381211
433366.666666233,0
433383.3333329,0
433399.999999567,0
433416.666666233,0
433433.3333329,0
433449.999999567,0.053544899485222
433466.666666233,0
433483.3333329,0
433499.999999566,0
433516.666666233,0
433533.3333329,0
433549.999999566,0.0906221068193954
433566.666666233,0
433583.3333329,0
433599.999999566,0
433616.666666233,0
433633.3333329,0
433649.999999566,0.0231675597294467
433666.666666233,0
433683.3333329,0
433699.999999566,0
433716.666666233,0
433733.3333329,0
433749.999999566,0.037249092320483
433766.666666233,0
433783.333332899,0
433799.999999566,0
433816.666666233,0
433833.333332899,0
433849.999999566,0.00339414380672056
433866.666666233,0
433883.333332899,0
433899.999999566,0
433916.666666233,0
433933.333332899,0
433949.999999566,0.0168212570089262
433966.666666233,0
433983.333332899,0
433999.999999566,0
434016.666666233,0
434033.333332899,0
434049.999999566,0.0167731193809999
434066.666666233,0
434083.333332899,0
434099.999999566,0
434116.666666233,0
434133.333332899,0
434149.999999566,0.0192882173628703
434166.666666232,0
434183.333332899,0
434199.999999566,0
434216.666666232,0
434233.333332899,0
434249.999999566,0.0091229774067415
434266.666666232,0
434283.333332899,0
434299.999999566,0
434316.666666232,0
434333.333332899,0
434349.999999566,0.0704071563906581
434366.666666232,0
434383.333332899,0
434399.999999566,0
434416.666666232,0
434433.333332899,0
434449.999999565,0.00833247910551382
434466.666666232,0
434483.333332899,0
434499.999999565,0
434516.666666232,0
434533.333332899,0
434549.999999565,0.0550003038725004
434566.666666232,0
434583.333332899,0
434599.999999565,0
434616.666666232,0
434633.333332899,0
434649.999999565,0.00605716734535158
434666.666666232,0
434683.333332899,0
434699.999999565,0
434716.666666232,0
434733.333332899,0
434749.999999565,0.039721735343231
434766.666666232,0
434783.333332899,0
434799.999999565,0
434816.666666232,0
434833.333332898,0
434849.999999565,0.0771297679321515
434866.666666232,0
434883.333332898,0
434899.999999565,0
434916.666666232,0
434933.333332898,0
434949.999999565,0.0918094207436975
434966.666666232,0
434983.333332898,0
434999.999999565,0
435016.666666232,0
435033.333332898,0
435049.999999565,0.097734410048568
435066.666666232,0
435083.333332898,0
435099.999999565,0
435116.666666231,0
435133.333332898,0
435149.999999565,0.0297034149474857
435166.666666231,0
435183.333332898,0
435199.999999565,0
435216.666666231,0
435233.333332898,0
435249.999999565,0.123726343109004
435266.666666231,0
435283.333332898,0
435299.999999565,0
435316.666666231,0
435333.333332898,0
435349.999999565,0.24024874951824
435366.666666231,0
435383.333332898,0
435399.999999565,0
435416.666666231,0
435433.333332898,0
435449.999999564,0.122309675468764
435466.666666231,0
435483.333332898,0
435499.999999564,0
435516.666666231,0
435533.333332898,0
435549.999999564,0.14376847052297
435566.666666231,0
435583.333332898,0
435599.999999564,0
435616.666666231,0
435633.333332898,0
435649.999999564,0.0989288570085003
435666.666666231,0
435683.333332898,0
435699.999999564,0
435716.666666231,0
435733.333332898,0
435749.999999564,0.178152708093372
435766.666666231,0
435783.333332898,0
435799.999999564,0
435816.666666231,0
435833.333332897,0
435849.999999564,0.0512495664087945
435866.666666231,0
435883.333332897,0
435899.999999564,0
435916.666666231,0
435933.333332897,0
435949.999999564,0.075472391836993
435966.666666231,0
435983.333332897,0
435999.999999564,0
436016.666666231,0
436033.333332897,0
436049.999999564,0.0613404009714512
436066.666666231,0
436083.333332897,0
436099.999999564,0
436116.666666231,0
436133.333332897,0
436149.999999564,0.0489155471078257
436166.66666623,0
436183.333332897,0
436199.999999564,0
436216.66666623,0
436233.333332897,0
436249.999999564,0.00363525750724713
436266.66666623,0
436283.333332897,0
436299.999999564,0
436316.66666623,0
436333.333332897,0
436349.999999564,0.0264604728441639
436366.66666623,0
436383.333332897,0
436399.999999564,0
436416.66666623,0
436433.333332897,0
436449.999999563,0.118189766304236
436466.66666623,0
436483.333332897,0
436499.999999563,0
436516.66666623,0
436533.333332897,0
436549.999999563,0.0529603379658885
436566.66666623,0
436583.333332897,0
436599.999999563,0
436616.66666623,0
436633.333332897,0
436649.999999563,0.00935582558963778
436666.66666623,0
436683.333332897,0
436699.999999563,0
436716.66666623,0
436733.333332897,0
436749.999999563,0.0302332734725911
436766.66666623,0
436783.333332896,0
436799.999999563,0
436816.66666623,0
436833.333332896,0
436849.999999563,0.00441336431754191
436866.66666623,0
436883.333332896,0
436899.999999563,0
436916.66666623,0
436933.333332896,0
436949.999999563,0.0286398102689242
436966.66666623,0
436983.333332896,0
436999.999999563,0
437016.66666623,0
437033.333332896,0
437049.999999563,0.0215136952439118
437066.66666623,0
437083.333332896,0
437099.999999563,0
437116.666666229,0
437133.333332896,0
437149.999999563,0.0129937924631071
437166.666666229,0
437183.333332896,0
437199.999999563,0
437216.666666229,0
437233.333332896,0
437249.999999563,0.0295056666021808
437266.666666229,0
437283.333332896,0
437299.999999563,0
437316.666666229,0
437333.333332896,0
437349.999999563,0.0624389096276201
437366.666666229,0
437383.333332896,0
437399.999999563,0
437416.666666229,0
437433.333332896,0
437449.999999563,0.116601132808999
437466.666666229,0
437483.333332896,0
437499.999999562,0
437516.666666229,0
437533.333332896,0
437549.999999562,0.147265923317824
437566.666666229,0
437583.333332896,0
437599.999999562,0
437616.666666229,0
437633.333332896,0
437649.999999562,0.00482235671552564
437666.666666229,0
437683.333332896,0
437699.999999562,0
437716.666666229,0
437733.333332896,0
437749.999999562,0.0106045589271766
437766.666666229,0
437783.333332895,0
437799.999999562,0
437816.666666229,0
437833.333332895,0
437849.999999562,0.011736480741404
437866.666666229,0
437883.333332895,0
437899.999999562,0
437916.666666229,0
437933.333332895,0
437949.999999562,0.0820599726630105
437966.666666229,0
437983.333332895,0
437999.999999562,0
438016.666666229,0
438033.333332895,0
438049.999999562,0.171110190977986
438066.666666229,0
438083.333332895,0
438099.999999562,0
438116.666666228,0
438133.333332895,0
438149.999999562,0.284625113352009
438166.666666228,0
438183.333332895,0
438199.999999562,0
438216.666666228,0
438233.333332895,0
438249.999999562,0.477934694388929
438266.666666228,0
438283.333332895,0
438299.999999562,0
438316.666666228,0
438333.333332895,0
438349.999999562,0.15828900825991
438366.666666228,0
438383.333332895,0
438399.999999562,0
438416.666666228,0
438433.333332895,0
438449.999999562,0.124684699464653
438466.666666228,0
438483.333332895,0
438499.999999561,0
438516.666666228,0
438533.333332895,0
438549.999999561,0.959006357679395
438566.666666228,0
438583.333332895,0
438599.999999561,0
438616.666666228,0
438633.333332895,0
438649.999999561,0.573902340661658
438666.666666228,0
438683.333332895,0
438699.999999561,0
438716.666666228,0
438733.333332895,0
438749.999999561,0.177231875117419
438766.666666228,0
438783.333332895,0
438799.999999561,0
438816.666666228,0
438833.333332894,0
438849.999999561,0.222945423394587
438866.666666228,0
438883.333332894,0
438899.999999561,0
438916.666666228,0
438933.333332894,0
438949.999999561,0.210510101987809
438966.666666228,0
438983.333332894,0
438999.999999561,0
439016.666666228,0
439033.333332894,0
439049.999999561,0.0698977849357934
439066.666666228,0
439083.333332894,0
439099.999999561,0
439116.666666227,0
439133.333332894,0
439149.999999561,0.116592420651059
439166.666666227,0
439183.333332894,0
439199.999999561,0
439216.666666227,0
439233.333332894,0
439249.999999561,0.00418094355028202
439266.666666227,0
439283.333332894,0
439299.999999561,0
439316.666666227,0
439333.333332894,0
439349.999999561,0.37342339595829
439366.666666227,0
439383.333332894,0
439399.999999561,0
439416.666666227,0
439433.333332894,0
439449.99999956,0.583488497443473
439466.666666227,0
439483.333332894,0
439499.99999956,0
439516.666666227,0
439533.333332894,0
439549.99999956,0.517500273550583
439566.666666227,0
439583.333332894,0
439599.99999956,0
439616.666666227,0
439633.333332894,0
439649.99999956,0.382115573987062
439666.666666227,0
439683.333332894,0
439699.99999956,0
439716.666666227,0
439733.333332894,0
439749.99999956,0.17573119167421
439766.666666227,0
439783.333332893,0
439799.99999956,0
439816.666666227,0
439833.333332893,0
439849.99999956,0.0552059561663009
439866.666666227,0
439883.333332893,0
439899.99999956,0
439916.666666227,0
439933.333332893,0
439949.99999956,0.000431383020798912
439966.666666227,0
439983.333332893,0
439999.99999956,0
440016.666666227,0
440033.333332893,0
440049.99999956,0.035930353698567
440066.666666227,0
440083.333332893,0
440099.99999956,0
440116.666666227,0
440133.333332893,0
440149.99999956,0.0090671860903435
440166.666666226,0
440183.333332893,0
440199.99999956,0
440216.666666226,0
440233.333332893,0
440249.99999956,0.194584030172989
440266.666666226,0
440283.333332893,0
440299.99999956,0
440316.666666226,0
440333.333332893,0
440349.99999956,0.424901904778602
440366.666666226,0
440383.333332893,0
440399.99999956,0
440416.666666226,0
440433.333332893,0
440449.999999559,0.519005434100762
440466.666666226,0
440483.333332893,0
440499.999999559,0
440516.666666226,0
440533.333332893,0
440549.999999559,0.568160048117989
440566.666666226,0
440583.333332893,0
440599.999999559,0
440616.666666226,0
440633.333332893,0
440649.999999559,0.38040638079107
440666.666666226,0
440683.333332893,0
440699.999999559,0
440716.666666226,0
440733.333332893,0
440749.999999559,0.00127798466155157
440766.666666226,0
440783.333332893,0
440799.999999559,0
440816.666666226,0
440833.333332892,0
440849.999999559,0.120961097125864
440866.666666226,0
440883.333332892,0
440899.999999559,0
440916.666666226,0
440933.333332892,0
440949.999999559,0.0844992443846972
440966.666666226,0
440983.333332892,0
440999.999999559,0
441016.666666226,0
441033.333332892,0
441049.999999559,0.207521936710435
441066.666666226,0
441083.333332892,0
441099.999999559,0
441116.666666225,0
441133.333332892,0
441149.999999559,0.257385414836097
441166.666666225,0
441183.333332892,0
441199.999999559,0
441216.666666225,0
441233.333332892,0
441249.999999559,0.149511092895778
441266.666666225,0
441283.333332892,0
441299.999999559,0
441316.666666225,0
441333.333332892,0
441349.999999559,0.589183779649661
441366.666666225,0
441383.333332892,0
441399.999999559,0
441416.666666225,0
441433.333332892,0
441449.999999558,0.969842636317844
441466.666666225,0
441483.333332892,0
441499.999999558,0
441516.666666225,0
441533.333332892,0
441549.999999558,0.0971740101069882
441566.666666225,0
441583.333332892,0
441599.999999558,0
441616.666666225,0
441633.333332892,0
441649.999999558,0.14326837493996
441666.666666225,0
441683.333332892,0
441699.999999558,0
441716.666666225,0
441733.333332892,0
441749.999999558,0.483476457977862
441766.666666225,0
441783.333332891,0
441799.999999558,0
441816.666666225,0
441833.333332891,0
441849.999999558,0.312013588275679
441866.666666225,0
441883.333332891,0
441899.999999558,0
441916.666666225,0
441933.333332891,0
441949.999999558,0.130721317619295
441966.666666225,0
441983.333332891,0
441999.999999558,0
442016.666666225,0
442033.333332891,0
442049.999999558,0.0295405862088363
442066.666666225,0
442083.333332891,0
442099.999999558,0
442116.666666224,0
442133.333332891,0
442149.999999558,0.0458438135315172
442166.666666224,0
442183.333332891,0
442199.999999558,0
442216.666666224,0
442233.333332891,0
442249.999999558,0.0172595052458729
442266.666666224,0
442283.333332891,0
442299.999999558,0
442316.666666224,0
442333.333332891,0
442349.999999558,0.0476602021018752
442366.666666224,0
442383.333332891,0
442399.999999558,0
442416.666666224,0
442433.333332891,0
442449.999999558,0.135321698128923
442466.666666224,0
442483.333332891,0
442499.999999557,0
442516.666666224,0
442533.333332891,0
442549.999999557,0.089891967145546
442566.666666224,0
442583.333332891,0
442599.999999557,0
442616.666666224,0
442633.333332891,0
442649.999999557,0.0786911188256757
442666.666666224,0
442683.333332891,0
442699.999999557,0
442716.666666224,0
442733.333332891,0
442749.999999557,0.060135015777626
442766.666666224,0
442783.333332891,0
442799.999999557,0
442816.666666224,0
442833.33333289,0
442849.999999557,0.0194000276281047
442866.666666224,0
442883.33333289,0
442899.999999557,0
442916.666666224,0
442933.33333289,0
442949.999999557,0.0015350803627904
442966.666666224,0
442983.33333289,0
442999.999999557,0
443016.666666224,0
443033.33333289,0
443049.999999557,0.0304552534083995
443066.666666224,0
443083.33333289,0
443099.999999557,0
443116.666666224,0
443133.33333289,0
443149.999999557,0.00525886572110185
443166.666666223,0
443183.33333289,0
443199.999999557,0
443216.666666223,0
443233.33333289,0
443249.999999557,0.0265202896667752
443266.666666223,0
443283.33333289,0
443299.999999557,0
443316.666666223,0
443333.33333289,0
443349.999999557,0.0134097441700173
443366.666666223,0
443383.33333289,0
443399.999999557,0
443416.666666223,0
443433.33333289,0
443449.999999556,0.05622876415641
443466.666666223,0
443483.33333289,0
443499.999999556,0
443516.666666223,0
443533.33333289,0
443549.999999556,0.166691430373121
443566.666666223,0
443583.33333289,0
443599.999999556,0
443616.666666223,0
443633.33333289,0
443649.999999556,0.0476927253947283
443666.666666223,0
443683.33333289,0
443699.999999556,0
443716.666666223,0
443733.33333289,0
443749.999999556,0.0410353212758567
443766.666666223,0
443783.333332889,0
443799.999999556,0
443816.666666223,0
443833.333332889,0
443849.999999556,0.0304183267982585
443866.666666223,0
443883.333332889,0
443899.999999556,0
443916.666666223,0
443933.333332889,0
443949.999999556,0.0773605085754312
443966.666666223,0
443983.333332889,0
443999.999999556,0
444016.666666223,0
444033.333332889,0
444049.999999556,0.0631926848822176
444066.666666223,0
444083.333332889,0
444099.999999556,0
444116.666666223,0
444133.333332889,0
444149.999999556,0.0294298916013892
444166.666666222,0
444183.333332889,0
444199.999999556,0
444216.666666222,0
444233.333332889,0
444249.999999556,0.164729048858862
444266.666666222,0
444283.333332889,0
444299.999999556,0
444316.666666222,0
444333.333332889,0
444349.999999556,0.143670593492679
444366.666666222,0
444383.333332889,0
444399.999999556,0
444416.666666222,0
444433.333332889,0
444449.999999556,0.118653809106038
444466.666666222,0
444483.333332889,0
444499.999999555,0
444516.666666222,0
444533.333332889,0
444549.999999555,0.149370610380079
444566.666666222,0
444583.333332889,0
444599.999999555,0
444616.666666222,0
444633.333332889,0
444649.999999555,0.265064549087845
444666.666666222,0
444683.333332889,0
444699.999999555,0
444716.666666222,0
444733.333332889,0
444749.999999555,0.0700185864726985
444766.666666222,0
444783.333332888,0
444799.999999555,0
444816.666666222,0
444833.333332888,0
444849.999999555,0.00257804634107813
444866.666666222,0
444883.333332888,0
444899.999999555,0
444916.666666222,0
444933.333332888,0
444949.999999555,0.0644203317640843
444966.666666222,0
444983.333332888,0
444999.999999555,0
445016.666666222,0
445033.333332888,0
445049.999999555,0.0844946907410807
445066.666666222,0
445083.333332888,0
445099.999999555,0
445116.666666222,0
445133.333332888,0
445149.999999555,0.0919225926927283
445166.666666221,0
445183.333332888,0
445199.999999555,0
445216.666666221,0
445233.333332888,0
445249.999999555,0.0185827641483957
445266.666666221,0
445283.333332888,0
445299.999999555,0
445316.666666221,0
445333.333332888,0
445349.999999555,0.00427605920311479
445366.666666221,0
445383.333332888,0
445399.999999555,0
445416.666666221,0
445433.333332888,0
445449.999999554,0.057391424022223
445466.666666221,0
445483.333332888,0
445499.999999554,0
445516.666666221,0
445533.333332888,0
445549.999999554,0.0400867696759654
445566.666666221,0
445583.333332888,0
445599.999999554,0
445616.666666221,0
445633.333332888,0
445649.999999554,0.0900726104008645
445666.666666221,0
445683.333332888,0
445699.999999554,0
445716.666666221,0
445733.333332888,0
445749.999999554,0.0174250785554702
445766.666666221,0
445783.333332888,0
445799.999999554,0
445816.666666221,0
445833.333332887,0
445849.999999554,0.0117317944161204
445866.666666221,0
445883.333332887,0
445899.999999554,0
445916.666666221,0
445933.333332887,0
445949.999999554,0.0493759935066367
445966.666666221,0
445983.333332887,0
445999.999999554,0
446016.666666221,0
446033.333332887,0
446049.999999554,0.015502075889061
446066.666666221,0
446083.333332887,0
446099.999999554,0
446116.66666622,0
446133.333332887,0
446149.999999554,0.0278103584183549
446166.66666622,0
446183.333332887,0
446199.999999554,0
446216.66666622,0
446233.333332887,0
446249.999999554,0.0161153398693879
446266.66666622,0
446283.333332887,0
446299.999999554,0
446316.66666622,0
446333.333332887,0
446349.999999554,0.035056720885485
446366.66666622,0
446383.333332887,0
446399.999999554,0
446416.66666622,0
446433.333332887,0
446449.999999553,0.0756192147159742
446466.66666622,0
446483.333332887,0
446499.999999553,0
446516.66666622,0
446533.333332887,0
446549.999999553,0.0554100982696523
446566.66666622,0
446583.333332887,0
446599.999999553,0
446616.66666622,0
446633.333332887,0
446649.999999553,0.0011108464786628
446666.66666622,0
446683.333332887,0
446699.999999553,0
446716.66666622,0
446733.333332887,0
446749.999999553,0.0489512483760025
446766.66666622,0
446783.333332887,0
446799.999999553,0
446816.66666622,0
446833.333332886,0
446849.999999553,0.0450384416847421
446866.66666622,0
446883.333332886,0
446899.999999553,0
446916.66666622,0
446933.333332886,0
446949.999999553,0.0407406311972692
446966.66666622,0
446983.333332886,0
446999.999999553,0
447016.66666622,0
447033.333332886,0
447049.999999553,0.0343459953059587
447066.66666622,0
447083.333332886,0
447099.999999553,0
447116.66666622,0
447133.333332886,0
447149.999999553,0.10680052229601
447166.666666219,0
447183.333332886,0
447199.999999553,0
447216.666666219,0
447233.333332886,0
447249.999999553,0.00862999096242759
447266.666666219,0
447283.333332886,0
447299.999999553,0
447316.666666219,0
447333.333332886,0
447349.999999553,0.072537579002458
447366.666666219,0
447383.333332886,0
447399.999999553,0
447416.666666219,0
447433.333332886,0
447449.999999552,0.0649972156991774
447466.666666219,0
447483.333332886,0
447499.999999552,0
447516.666666219,0
447533.333332886,0
447549.999999552,0.111474695176471
447566.666666219,0
447583.333332886,0
447599.999999552,0
447616.666666219,0
447633.333332886,0
447649.999999552,0.0448518451237786
447666.666666219,0
447683.333332886,0
447699.999999552,0
447716.666666219,0
447733.333332886,0
447749.999999552,0.0654399467454275
447766.666666219,0
447783.333332885,0
447799.999999552,0
447816.666666219,0
447833.333332885,0
447849.999999552,0.115811608347408
447866.666666219,0
447883.333332885,0
447899.999999552,0
447916.666666219,0
447933.333332885,0
447949.999999552,0.0740875572574387
447966.666666219,0
447983.333332885,0
447999.999999552,0
448016.666666219,0
448033.333332885,0
448049.999999552,0.053857370428166
448066.666666219,0
448083.333332885,0
448099.999999552,0
448116.666666218,0
448133.333332885,0
448149.999999552,0.0168606915553442
448166.666666218,0
448183.333332885,0
448199.999999552,0
448216.666666218,0
448233.333332885,0
448249.999999552,0.0431720226709164
448266.666666218,0
448283.333332885,0
448299.999999552,0
448316.666666218,0
448333.333332885,0
448349.999999552,0.0492207578990371
448366.666666218,0
448383.333332885,0
448399.999999552,0
448416.666666218,0
448433.333332885,0
448449.999999552,0.0156187728958455
448466.666666218,0
448483.333332885,0
448499.999999551,0
448516.666666218,0
448533.333332885,0
448549.999999551,0.0582680421311599
448566.666666218,0
448583.333332885,0
448599.999999551,0
448616.666666218,0
448633.333332885,0
448649.999999551,0.0629746602169587
448666.666666218,0
448683.333332885,0
448699.999999551,0
448716.666666218,0
448733.333332885,0
448749.999999551,0.0286404302553859
448766.666666218,0
448783.333332884,0
448799.999999551,0
448816.666666218,0
448833.333332884,0
448849.999999551,0.0446063655916647
448866.666666218,0
448883.333332884,0
448899.999999551,0
448916.666666218,0
448933.333332884,0
448949.999999551,0.00381393693603254
448966.666666218,0
448983.333332884,0
448999.999999551,0
449016.666666218,0
449033.333332884,0
449049.999999551,0.0156277698639566
449066.666666218,0
449083.333332884,0
449099.999999551,0
449116.666666217,0
449133.333332884,0
449149.999999551,0.0254908112623732
449166.666666217,0
449183.333332884,0
449199.999999551,0
449216.666666217,0
449233.333332884,0
449249.999999551,0.0571570739169548
449266.666666217,0
449283.333332884,0
449299.999999551,0
449316.666666217,0
449333.333332884,0
449349.999999551,0.0330112895531537
449366.666666217,0
449383.333332884,0
449399.999999551,0
449416.666666217,0
449433.333332884,0
449449.999999551,0.0553951478361632
449466.666666217,0
449483.333332884,0
449499.99999955,0
449516.666666217,0
449533.333332884,0
449549.99999955,0.0156043497089311
449566.666666217,0
449583.333332884,0
449599.99999955,0
449616.666666217,0
449633.333332884,0
449649.99999955,0.0309655272704086
449666.666666217,0
449683.333332884,0
449699.99999955,0
449716.666666217,0
449733.333332884,0
449749.99999955,0.0504357748862346
449766.666666217,0
449783.333332884,0
449799.99999955,0
449816.666666217,0
449833.333332883,0
449849.99999955,0.00263706903416346
449866.666666217,0
449883.333332883,0
449899.99999955,0
449916.666666217,0
449933.333332883,0
449949.99999955,0.016975086919459
449966.666666217,0
449983.333332883,0
449999.99999955,0
450016.666666217,0
450033.333332883,0
450049.99999955,0.038960514443339
450066.666666217,0
450083.333332883,0
450099.99999955,0
450116.666666216,0
450133.333332883,0
450149.99999955,0.00871337391639911
450166.666666216,0
450183.333332883,0
450199.99999955,0
450216.666666216,0
450233.333332883,0
450249.99999955,0.0365942870971659
450266.666666216,0
450283.333332883,0
450299.99999955,0
450316.666666216,0
450333.333332883,0
450349.99999955,0.0721435703245104
450366.666666216,0
450383.333332883,0
450399.99999955,0
450416.666666216,0
450433.333332883,0
450449.999999549,0.0241098033382013
450466.666666216,0
450483.333332883,0
450499.999999549,0
450516.666666216,0
450533.333332883,0
450549.999999549,0.0731414176143462
450566.666666216,0
450583.333332883,0
450599.999999549,0
450616.666666216,0
450633.333332883,0
450649.999999549,0.0131415844041447
450666.666666216,0
450683.333332883,0
450699.999999549,0
450716.666666216,0
450733.333332883,0
450749.999999549,0.0755217882945842
450766.666666216,0
450783.333332882,0
450799.999999549,0
450816.666666216,0
450833.333332882,0
450849.999999549,0.0364799848664634
450866.666666216,0
450883.333332882,0
450899.999999549,0
450916.666666216,0
450933.333332882,0
450949.999999549,0.0209553025189527
450966.666666216,0
450983.333332882,0
450999.999999549,0
451016.666666216,0
451033.333332882,0
451049.999999549,0.0930524454356984
451066.666666216,0
451083.333332882,0
451099.999999549,0
451116.666666216,0
451133.333332882,0
451149.999999549,0.0614364655944971
451166.666666215,0
451183.333332882,0
451199.999999549,0
451216.666666215,0
451233.333332882,0
451249.999999549,0.0523312788804386
451266.666666215,0
451283.333332882,0
451299.999999549,0
451316.666666215,0
451333.333332882,0
451349.999999549,0.011861601983272
451366.666666215,0
451383.333332882,0
451399.999999549,0
451416.666666215,0
451433.333332882,0
451449.999999548,0.0452837006124169
451466.666666215,0
451483.333332882,0
451499.999999548,0
451516.666666215,0
451533.333332882,0
451549.999999548,0.0216988208361441
451566.666666215,0
451583.333332882,0
451599.999999548,0
451616.666666215,0
451633.333332882,0
451649.999999548,0.00764423288448934
451666.666666215,0
451683.333332882,0
451699.999999548,0
451716.666666215,0
451733.333332882,0
451749.999999548,0.0344913328429841
451766.666666215,0
451783.333332882,0
451799.999999548,0
451816.666666215,0
451833.333332881,0
451849.999999548,0.0587655254749552
451866.666666215,0
451883.333332881,0
451899.999999548,0
451916.666666215,0
451933.333332881,0
451949.999999548,0.04232890320834
451966.666666215,0
451983.333332881,0
451999.999999548,0
452016.666666215,0
452033.333332881,0
452049.999999548,0.0057289253975616
452066.666666215,0
452083.333332881,0
452099.999999548,0
452116.666666214,0
452133.333332881,0
452149.999999548,0.0246675857875535
452166.666666214,0
452183.333332881,0
452199.999999548,0
452216.666666214,0
452233.333332881,0
452249.999999548,0.0269094622474995
452266.666666214,0
452283.333332881,0
452299.999999548,0
452316.666666214,0
452333.333332881,0
452349.999999548,0.0152423044808212
452366.666666214,0
452383.333332881,0
452399.999999547,0
452416.666666214,0
452433.333332881,0
452449.999999547,0.022752264665666
452466.666666214,0
452483.333332881,0
452499.999999547,0
452516.666666214,0
452533.333332881,0
452549.999999547,0.0340577579426677
452566.666666214,0
452583.333332881,0
452599.999999547,0
452616.666666214,0
452633.333332881,0
452649.999999547,0.0651245567626019
452666.666666214,0
452683.333332881,0
452699.999999547,0
452716.666666214,0
452733.333332881,0
452749.999999547,0.000559957008240706
452766.666666214,0
452783.33333288,0
452799.999999547,0
452816.666666214,0
452833.33333288,0
452849.999999547,0.0189999445512461
452866.666666214,0
452883.33333288,0
452899.999999547,0
452916.666666214,0
452933.33333288,0
452949.999999547,0.0195208599561687
452966.666666214,0
452983.33333288,0
452999.999999547,0
453016.666666214,0
453033.33333288,0
453049.999999547,0.038942151861536
453066.666666214,0
453083.33333288,0
453099.999999547,0
453116.666666213,0
453133.33333288,0
453149.999999547,0.0148047868758111
453166.666666213,0
453183.33333288,0
453199.999999547,0
453216.666666213,0
453233.33333288,0
453249.999999547,0.0224768404168813
453266.666666213,0
453283.33333288,0
453299.999999547,0
453316.666666213,0
453333.33333288,0
453349.999999547,0.0113301516741307
453366.666666213,0
453383.33333288,0
453399.999999547,0
453416.666666213,0
453433.33333288,0
453449.999999547,0.0282140907311009
453466.666666213,0
453483.33333288,0
453499.999999546,0
453516.666666213,0
453533.33333288,0
453549.999999546,0.0262192475727513
453566.666666213,0
453583.33333288,0
453599.999999546,0
453616.666666213,0
453633.33333288,0
453649.999999546,0.0628349862599712
453666.666666213,0
453683.33333288,0
453699.999999546,0
453716.666666213,0
453733.33333288,0
453749.999999546,0.0241348278341094
453766.666666213,0
453783.33333288,0
453799.999999546,0
453816.666666213,0
453833.333332879,0
453849.999999546,0.0226631305273931
453866.666666213,0
453883.333332879,0
453899.999999546,0
453916.666666213,0
453933.333332879,0
453949.999999546,0.0703105334657404
453966.666666213,0
453983.333332879,0
453999.999999546,0
454016.666666213,0
454033.333332879,0
454049.999999546,0.0581813807674446
454066.666666213,0
454083.333332879,0
454099.999999546,0
454116.666666212,0
454133.333332879,0
454149.999999546,0.000365657130373379
454166.666666212,0
454183.333332879,0
454199.999999546,0
454216.666666212,0
454233.333332879,0
454249.999999546,0.0977152322976097
454266.666666212,0
454283.333332879,0
454299.999999546,0
454316.666666212,0
454333.333332879,0
454349.999999546,0.0379348221057738
454366.666666212,0
454383.333332879,0
454399.999999546,0
454416.666666212,0
454433.333332879,0
454449.999999545,0.00402736538619168
454466.666666212,0
454483.333332879,0
454499.999999545,0
454516.666666212,0
454533.333332879,0
454549.999999545,0.016416113057096
454566.666666212,0
454583.333332879,0
454599.999999545,0
454616.666666212,0
454633.333332879,0
454649.999999545,0.0204757932235856
454666.666666212,0
454683.333332879,0
454699.999999545,0
454716.666666212,0
454733.333332879,0
454749.999999545,0.0423217560518511
454766.666666212,0
454783.333332878,0
454799.999999545,0
454816.666666212,0
454833.333332878,0
454849.999999545,0.0218942966650181
454866.666666212,0
454883.333332878,0
454899.999999545,0
454916.666666212,0
454933.333332878,0
454949.999999545,0.00169296380652389
454966.666666212,0
454983.333332878,0
454999.999999545,0
455016.666666212,0
455033.333332878,0
455049.999999545,0.0502429677780277
455066.666666212,0
455083.333332878,0
455099.999999545,0
455116.666666212,0
455133.333332878,0
455149.999999545,0.00137378167734925
455166.666666211,0
455183.333332878,0
455199.999999545,0
455216.666666211,0
455233.333332878,0
455249.999999545,0.0078742888440698
455266.666666211,0
455283.333332878,0
455299.999999545,0
455316.666666211,0
455333.333332878,0
455349.999999545,0.0108622418509372
455366.666666211,0
455383.333332878,0
455399.999999545,0
455416.666666211,0
455433.333332878,0
455449.999999545,0.0411406690731622
455466.666666211,0
455483.333332878,0
455499.999999544,0
455516.666666211,0
455533.333332878,0
455549.999999544,0.0408888707183954
455566.666666211,0
455583.333332878,0
455599.999999544,0
455616.666666211,0
455633.333332878,0
455649.999999544,0.0271979023894291
455666.666666211,0
455683.333332878,0
455699.999999544,0
455716.666666211,0
455733.333332878,0
455749.999999544,0.0268602928534191
455766.666666211,0
455783.333332877,0
455799.999999544,0
455816.666666211,0
455833.333332877,0
455849.999999544,0.0079096380267864
455866.666666211,0
455883.333332877,0
455899.999999544,0
455916.666666211,0
455933.333332877,0
455949.999999544,0.00373798787907168
455966.666666211,0
455983.333332877,0
455999.999999544,0
456016.666666211,0
456033.333332877,0
456049.999999544,0.00645560538894469
456066.666666211,0
456083.333332877,0
456099.999999544,0
456116.666666211,0
456133.333332877,0
456149.999999544,0.0130963671386455
456166.66666621,0
456183.333332877,0
456199.999999544,0
456216.66666621,0
456233.333332877,0
456249.999999544,0.0457515820748466
456266.66666621,0
456283.333332877,0
456299.999999544,0
456316.66666621,0
456333.333332877,0
456349.999999544,0.000919433391809795
456366.66666621,0
456383.333332877,0
456399.999999544,0
456416.66666621,0
456433.333332877,0
456449.999999544,0.0075161720055475
456466.66666621,0
456483.333332877,0
456499.999999543,0
456516.66666621,0
456533.333332877,0
456549.999999543,0.0432206899102856
456566.66666621,0
456583.333332877,0
456599.999999543,0
456616.66666621,0
456633.333332877,0
456649.999999543,0.0223174156118819
456666.66666621,0
456683.333332877,0
456699.999999543,0
456716.66666621,0
456733.333332877,0
456749.999999543,0.0402160609038438
456766.66666621,0
456783.333332877,0
456799.999999543,0
456816.66666621,0
456833.333332876,0
456849.999999543,0.075827513940535
456866.66666621,0
456883.333332876,0
456899.999999543,0
456916.66666621,0
456933.333332876,0
456949.999999543,0.00207471819902437
456966.66666621,0
456983.333332876,0
456999.999999543,0
457016.66666621,0
457033.333332876,0
457049.999999543,0.034207747922075
457066.66666621,0
457083.333332876,0
457099.999999543,0
457116.666666209,0
457133.333332876,0
457149.999999543,0.0756392051249224
457166.666666209,0
457183.333332876,0
457199.999999543,0
457216.666666209,0
457233.333332876,0
457249.999999543,0.0312745649247893
457266.666666209,0
457283.333332876,0
457299.999999543,0
457316.666666209,0
457333.333332876,0
457349.999999543,0.00232197400399193
457366.666666209,0
457383.333332876,0
457399.999999543,0
457416.666666209,0
457433.333332876,0
457449.999999542,0.0626198672914762
457466.666666209,0
457483.333332876,0
457499.999999542,0
457516.666666209,0
457533.333332876,0
457549.999999542,0.028401659484301
457566.666666209,0
457583.333332876,0
457599.999999542,0
457616.666666209,0
457633.333332876,0
457649.999999542,0.0497722950032328
457666.666666209,0
457683.333332876,0
457699.999999542,0
457716.666666209,0
457733.333332876,0
457749.999999542,0.0339482641354412
457766.666666209,0
457783.333332876,0
457799.999999542,0
457816.666666209,0
457833.333332875,0
457849.999999542,0.0300505547760983
457866.666666209,0
457883.333332875,0
457899.999999542,0
457916.666666209,0
457933.333332875,0
457949.999999542,0.019767237496674
457966.666666209,0
457983.333332875,0
457999.999999542,0
458016.666666209,0
458033.333332875,0
458049.999999542,0.00519833803858074
458066.666666209,0
458083.333332875,0
458099.999999542,0
458116.666666209,0
458133.333332875,0
458149.999999542,0.0168828645534674
458166.666666208,0
458183.333332875,0
458199.999999542,0
458216.666666208,0
458233.333332875,0
458249.999999542,0.0232561764058817
458266.666666208,0
458283.333332875,0
458299.999999542,0
458316.666666208,0
458333.333332875,0
458349.999999542,0.0222820017871215
458366.666666208,0
458383.333332875,0
458399.999999542,0
458416.666666208,0
458433.333332875,0
458449.999999541,0.0042905984885646
458466.666666208,0
458483.333332875,0
458499.999999541,0
458516.666666208,0
458533.333332875,0
458549.999999541,0.0298493556646569
458566.666666208,0
458583.333332875,0
458599.999999541,0
458616.666666208,0
458633.333332875,0
458649.999999541,0.00647899130741208
458666.666666208,0
458683.333332875,0
458699.999999541,0
458716.666666208,0
458733.333332875,0
458749.999999541,0.0194752476528604
458766.666666208,0
458783.333332874,0
458799.999999541,0
458816.666666208,0
458833.333332874,0
458849.999999541,0.0142149413649547
458866.666666208,0
458883.333332874,0
458899.999999541,0
458916.666666208,0
458933.333332874,0
458949.999999541,0.0370325128307539
458966.666666208,0
458983.333332874,0
458999.999999541,0
459016.666666208,0
459033.333332874,0
459049.999999541,0.015197623742722
459066.666666208,0
459083.333332874,0
459099.999999541,0
459116.666666207,0
459133.333332874,0
459149.999999541,0.00162875116870926
459166.666666207,0
459183.333332874,0
459199.999999541,0
459216.666666207,0
459233.333332874,0
459249.999999541,0.0189498870835018
459266.666666207,0
459283.333332874,0
459299.999999541,0
459316.666666207,0
459333.333332874,0
459349.999999541,0.0415071093205864
459366.666666207,0
459383.333332874,0
459399.999999541,0
459416.666666207,0
459433.333332874,0
459449.999999541,0.0126120934534132
459466.666666207,0
459483.333332874,0
459499.99999954,0
459516.666666207,0
459533.333332874,0
459549.99999954,0.0328255559192356
459566.666666207,0
459583.333332874,0
459599.99999954,0
459616.666666207,0
459633.333332874,0
459649.99999954,0.00569916994695652
459666.666666207,0
459683.333332874,0
459699.99999954,0
459716.666666207,0
459733.333332874,0
459749.99999954,0.0657959748288731
459766.666666207,0
459783.333332873,0
459799.99999954,0
459816.666666207,0
459833.333332873,0
459849.99999954,0.00151912249893036
459866.666666207,0
459883.333332873,0
459899.99999954,0
459916.666666207,0
459933.333332873,0
459949.99999954,0.0688099153056298
459966.666666207,0
459983.333332873,0
459999.99999954,0
460016.666666207,0
460033.333332873,0
460049.99999954,0.0853997880897601
460066.666666207,0
460083.333332873,0
460099.99999954,0
460116.666666206,0
460133.333332873,0
460149.99999954,0.0156946050848864
460166.666666206,0
460183.333332873,0
460199.99999954,0
460216.666666206,0
460233.333332873,0
460249.99999954,0.030273012992592
460266.666666206,0
460283.333332873,0
460299.99999954,0
460316.666666206,0
460333.333332873,0
460349.99999954,0.0574117326059867
460366.666666206,0
460383.333332873,0
460399.99999954,0
460416.666666206,0
460433.333332873,0
460449.99999954,0.00441791961630319
460466.666666206,0
460483.333332873,0
460499.999999539,0
460516.666666206,0
460533.333332873,0
460549.999999539,0.0114549817101011
460566.666666206,0
460583.333332873,0
460599.999999539,0
460616.666666206,0
460633.333332873,0
460649.999999539,0.00710600312724328
460666.666666206,0
460683.333332873,0
460699.999999539,0
460716.666666206,0
460733.333332873,0
460749.999999539,0.0153613659949011
460766.666666206,0
460783.333332873,0
460799.999999539,0
460816.666666206,0
460833.333332872,0
460849.999999539,0.0214913645573129
460866.666666206,0
460883.333332872,0
460899.999999539,0
460916.666666206,0
460933.333332872,0
460949.999999539,0.0331023812918376
460966.666666206,0
460983.333332872,0
460999.999999539,0
461016.666666206,0
461033.333332872,0
461049.999999539,0.0220839625253871
461066.666666206,0
461083.333332872,0
461099.999999539,0
461116.666666205,0
461133.333332872,0
461149.999999539,0.000710360033686265
461166.666666205,0
461183.333332872,0
461199.999999539,0
461216.666666205,0
461233.333332872,0
461249.999999539,0.0183673886530322
461266.666666205,0
461283.333332872,0
461299.999999539,0
461316.666666205,0
461333.333332872,0
461349.999999539,0.0631825840902401
461366.666666205,0
461383.333332872,0
461399.999999539,0
461416.666666205,0
461433.333332872,0
461449.999999538,0.00282290483237276
461466.666666205,0
461483.333332872,0
461499.999999538,0
461516.666666205,0
461533.333332872,0
461549.999999538,0.0264266890510561
461566.666666205,0
461583.333332872,0
461599.999999538,0
461616.666666205,0
461633.333332872,0
461649.999999538,0.0243273131161487
461666.666666205,0
461683.333332872,0
461699.999999538,0
461716.666666205,0
461733.333332872,0
461749.999999538,0.00916278197876647
461766.666666205,0
461783.333332871,0
461799.999999538,0
461816.666666205,0
461833.333332871,0
461849.999999538,0.0021342921006372
461866.666666205,0
461883.333332871,0
461899.999999538,0
461916.666666205,0
461933.333332871,0
461949.999999538,0.0126869369753079
461966.666666205,0
461983.333332871,0
461999.999999538,0
462016.666666205,0
462033.333332871,0
462049.999999538,0.00233540632881024
462066.666666205,0
462083.333332871,0
462099.999999538,0
462116.666666205,0
462133.333332871,0
462149.999999538,0.0440519415827437
462166.666666204,0
462183.333332871,0
462199.999999538,0
462216.666666204,0
462233.333332871,0
462249.999999538,0.00316247361558321
462266.666666204,0
462283.333332871,0
462299.999999538,0
462316.666666204,0
462333.333332871,0
462349.999999538,0.00504084304168936
462366.666666204,0
462383.333332871,0
462399.999999538,0
462416.666666204,0
462433.333332871,0
462449.999999537,0.0102363818423338
462466.666666204,0
462483.333332871,0
462499.999999537,0
462516.666666204,0
462533.333332871,0
462549.999999537,0.0480248891738344
462566.666666204,0
462583.333332871,0
462599.999999537,0
462616.666666204,0
462633.333332871,0
462649.999999537,0.0395926599949517
462666.666666204,0
462683.333332871,0
462699.999999537,0
462716.666666204,0
462733.333332871,0
462749.999999537,0.0630332636649441
462766.666666204,0
462783.333332871,0
462799.999999537,0
462816.666666204,0
462833.33333287,0
462849.999999537,0.0470716694252571
462866.666666204,0
462883.33333287,0
462899.999999537,0
462916.666666204,0
462933.33333287,0
462949.999999537,0.0508681761345305
462966.666666204,0
462983.33333287,0
462999.999999537,0
463016.666666204,0
463033.33333287,0
463049.999999537,0.0111799363852141
463066.666666204,0
463083.33333287,0
463099.999999537,0
463116.666666204,0
463133.33333287,0
463149.999999537,0.0612041020425535
463166.666666203,0
463183.33333287,0
463199.999999537,0
463216.666666203,0
463233.33333287,0
463249.999999537,0.0768583422928772
463266.666666203,0
463283.33333287,0
463299.999999537,0
463316.666666203,0
463333.33333287,0
463349.999999537,0.0463854050797025
463366.666666203,0
463383.33333287,0
463399.999999536,0
463416.666666203,0
463433.33333287,0
463449.999999536,0.00447597315670945
463466.666666203,0
463483.33333287,0
463499.999999536,0
463516.666666203,0
463533.33333287,0
463549.999999536,0.0116125794647173
463566.666666203,0
463583.33333287,0
463599.999999536,0
463616.666666203,0
463633.33333287,0
463649.999999536,0.0348329909852449
463666.666666203,0
463683.33333287,0
463699.999999536,0
463716.666666203,0
463733.33333287,0
463749.999999536,0.0166279692798638
463766.666666203,0
463783.333332869,0
463799.999999536,0
463816.666666203,0
463833.333332869,0
463849.999999536,0.00763526303993191
463866.666666203,0
463883.333332869,0
463899.999999536,0
463916.666666203,0
463933.333332869,0
463949.999999536,0.0307519604931346
463966.666666203,0
463983.333332869,0
463999.999999536,0
464016.666666203,0
464033.333332869,0
464049.999999536,0.0120007569530413
464066.666666203,0
464083.333332869,0
464099.999999536,0
464116.666666202,0
464133.333332869,0
464149.999999536,0.00154747681203855
464166.666666202,0
464183.333332869,0
464199.999999536,0
464216.666666202,0
464233.333332869,0
464249.999999536,0.00979061970199226
464266.666666202,0
464283.333332869,0
464299.999999536,0
464316.666666202,0
464333.333332869,0
464349.999999536,0.0338392874660351
464366.666666202,0
464383.333332869,0
464399.999999536,0
464416.666666202,0
464433.333332869,0
464449.999999536,0.00958661158366349
464466.666666202,0
464483.333332869,0
464499.999999535,0
464516.666666202,0
464533.333332869,0
464549.999999535,0.035974222114495
464566.666666202,0
464583.333332869,0
464599.999999535,0
464616.666666202,0
464633.333332869,0
464649.999999535,0.0225908989884635
464666.666666202,0
464683.333332869,0
464699.999999535,0
464716.666666202,0
464733.333332869,0
464749.999999535,0.046583420298789
464766.666666202,0
464783.333332869,0
464799.999999535,0
464816.666666202,0
464833.333332868,0
464849.999999535,0.0265953614017389
464866.666666202,0
464883.333332868,0
464899.999999535,0
464916.666666202,0
464933.333332868,0
464949.999999535,0.0310571813775851
464966.666666202,0
464983.333332868,0
464999.999999535,0
465016.666666202,0
465033.333332868,0
465049.999999535,0.00425248867367366
465066.666666202,0
465083.333332868,0
465099.999999535,0
465116.666666201,0
465133.333332868,0
465149.999999535,0.031355954300188
465166.666666201,0
465183.333332868,0
465199.999999535,0
465216.666666201,0
465233.333332868,0
465249.999999535,0.00573838198314976
465266.666666201,0
465283.333332868,0
465299.999999535,0
465316.666666201,0
465333.333332868,0
465349.999999535,0.0486506974927715
465366.666666201,0
465383.333332868,0
465399.999999535,0
465416.666666201,0
465433.333332868,0
465449.999999534,0.0308834338354857
465466.666666201,0
465483.333332868,0
465499.999999534,0
465516.666666201,0
465533.333332868,0
465549.999999534,0.0181778801838417
465566.666666201,0
465583.333332868,0
465599.999999534,0
465616.666666201,0
465633.333332868,0
465649.999999534,0.0576608414371065
465666.666666201,0
465683.333332868,0
465699.999999534,0
465716.666666201,0
465733.333332868,0
465749.999999534,0.0690587591237395
465766.666666201,0
465783.333332867,0
465799.999999534,0
465816.666666201,0
465833.333332867,0
465849.999999534,0.0253675437492687
465866.666666201,0
465883.333332867,0
465899.999999534,0
465916.666666201,0
465933.333332867,0
465949.999999534,0.0841179534940223
465966.666666201,0
465983.333332867,0
465999.999999534,0
466016.666666201,0
466033.333332867,0
466049.999999534,0.0472840974217379
466066.666666201,0
466083.333332867,0
466099.999999534,0
466116.666666201,0
466133.333332867,0
466149.999999534,0.0152327023378433
466166.6666662,0
466183.333332867,0
466199.999999534,0
466216.6666662,0
466233.333332867,0
466249.999999534,0.0128609802465287
466266.6666662,0
466283.333332867,0
466299.999999534,0
466316.6666662,0
466333.333332867,0
466349.999999534,0.0180486572654385
466366.6666662,0
466383.333332867,0
466399.999999534,0
466416.6666662,0
466433.333332867,0
466449.999999533,0.078057287932954
466466.6666662,0
466483.333332867,0
466499.999999533,0
466516.6666662,0
466533.333332867,0
466549.999999533,0.0160424894575627
466566.6666662,0
466583.333332867,0
466599.999999533,0
466616.6666662,0
466633.333332867,0
466649.999999533,0.021840202891118
466666.6666662,0
466683.333332867,0
466699.999999533,0
466716.6666662,0
466733.333332867,0
466749.999999533,0.015866233225214
466766.6666662,0
466783.333332866,0
466799.999999533,0
466816.6666662,0
466833.333332866,0
466849.999999533,0.0386566221939793
466866.6666662,0
466883.333332866,0
466899.999999533,0
466916.6666662,0
466933.333332866,0
466949.999999533,0.0195108101361695
466966.6666662,0
466983.333332866,0
466999.999999533,0
467016.6666662,0
467033.333332866,0
467049.999999533,0.0169889851069526
467066.6666662,0
467083.333332866,0
467099.999999533,0
467116.6666662,0
467133.333332866,0
467149.999999533,0.0331988335630637
467166.666666199,0
467183.333332866,0
467199.999999533,0
467216.666666199,0
467233.333332866,0
467249.999999533,0.0491145855305385
467266.666666199,0
467283.333332866,0
467299.999999533,0
467316.666666199,0
467333.333332866,0
467349.999999533,0.00906564920717051
467366.666666199,0
467383.333332866,0
467399.999999533,0
467416.666666199,0
467433.333332866,0
467449.999999533,0.0171303874900699
467466.666666199,0
467483.333332866,0
467499.999999532,0
467516.666666199,0
467533.333332866,0
467549.999999532,0.0264499703830448
467566.666666199,0
467583.333332866,0
467599.999999532,0
467616.666666199,0
467633.333332866,0
467649.999999532,0.0250002362317627
467666.666666199,0
467683.333332866,0
467699.999999532,0
467716.666666199,0
467733.333332865,0
467749.999999532,0.00271351340545861
467766.666666199,0
467783.333332865,0
467799.999999532,0
467816.666666199,0
467833.333332865,0
467849.999999532,0.00720531736791614
467866.666666199,0
467883.333332865,0
467899.999999532,0
467916.666666199,0
467933.333332865,0
467949.999999532,0.0377222215740611
467966.666666199,0
467983.333332865,0
467999.999999532,0
468016.666666199,0
468033.333332865,0
468049.999999532,0.0424924314306843
468066.666666199,0
468083.333332865,0
468099.999999532,0
468116.666666198,0
468133.333332865,0
468149.999999532,0.0631894926333294
468166.666666198,0
468183.333332865,0
468199.999999532,0
468216.666666198,0
468233.333332865,0
468249.999999532,0.00128066804456388
468266.666666198,0
468283.333332865,0
468299.999999532,0
468316.666666198,0
468333.333332865,0
468349.999999532,0.100366399778165
468366.666666198,0
468383.333332865,0
468399.999999532,0
468416.666666198,0
468433.333332865,0
468449.999999531,0.0521852086429618
468466.666666198,0
468483.333332865,0
468499.999999531,0
468516.666666198,0
468533.333332865,0
468549.999999531,0.0346661808973624
468566.666666198,0
468583.333332865,0
468599.999999531,0
468616.666666198,0
468633.333332865,0
468649.999999531,0.0115951420641179
468666.666666198,0
468683.333332865,0
468699.999999531,0
468716.666666198,0
468733.333332865,0
468749.999999531,0.0115767436558041
468766.666666198,0
468783.333332865,0
468799.999999531,0
468816.666666198,0
468833.333332864,0
468849.999999531,0.06846189033527
468866.666666198,0
468883.333332864,0
468899.999999531,0
468916.666666198,0
468933.333332864,0
468949.999999531,0.0549167777812658
468966.666666198,0
468983.333332864,0
468999.999999531,0
469016.666666198,0
469033.333332864,0
469049.999999531,0.018317872105656
469066.666666198,0
469083.333332864,0
469099.999999531,0
469116.666666198,0
469133.333332864,0
469149.999999531,0.0435613237750283
469166.666666197,0
469183.333332864,0
469199.999999531,0
469216.666666197,0
469233.333332864,0
469249.999999531,0.0087473540923661
469266.666666197,0
469283.333332864,0
469299.999999531,0
469316.666666197,0
469333.333332864,0
469349.999999531,0.0721299833811353
469366.666666197,0
469383.333332864,0
469399.999999531,0
469416.666666197,0
469433.333332864,0
469449.99999953,0.00483909285558385
469466.666666197,0
469483.333332864,0
469499.99999953,0
469516.666666197,0
469533.333332864,0
469549.99999953,0.0086392199724931
469566.666666197,0
469583.333332864,0
469599.99999953,0
469616.666666197,0
469633.333332864,0
469649.99999953,0.0638493426600487
469666.666666197,0
469683.333332864,0
469699.99999953,0
469716.666666197,0
469733.333332864,0
469749.99999953,0.0500936520667959
469766.666666197,0
469783.333332863,0
469799.99999953,0
469816.666666197,0
469833.333332863,0
469849.99999953,0.0450960670764363
469866.666666197,0
469883.333332863,0
469899.99999953,0
469916.666666197,0
469933.333332863,0
469949.99999953,0.00181299486744016
469966.666666197,0
469983.333332863,0
469999.99999953,0
470016.666666197,0
470033.333332863,0
470049.99999953,0.00726490904084358
470066.666666197,0
470083.333332863,0
470099.99999953,0
470116.666666196,0
470133.333332863,0
470149.99999953,0.0172052341567948
470166.666666196,0
470183.333332863,0
470199.99999953,0
470216.666666196,0
470233.333332863,0
470249.99999953,0.00461599128207303
470266.666666196,0
470283.333332863,0
470299.99999953,0
470316.666666196,0
470333.333332863,0
470349.99999953,0.0817897131872808
470366.666666196,0
470383.333332863,0
470399.99999953,0
470416.666666196,0
470433.333332863,0
470449.99999953,0.0997127580154999
470466.666666196,0
470483.333332863,0
470499.999999529,0
470516.666666196,0
470533.333332863,0
470549.999999529,0.0370890968157325
470566.666666196,0
470583.333332863,0
470599.999999529,0
470616.666666196,0
470633.333332863,0
470649.999999529,0.0522242913930883
470666.666666196,0
470683.333332863,0
470699.999999529,0
470716.666666196,0
470733.333332863,0
470749.999999529,0.039105729731333
470766.666666196,0
470783.333332862,0
470799.999999529,0
470816.666666196,0
470833.333332862,0
470849.999999529,0.00561419689522449
470866.666666196,0
470883.333332862,0
470899.999999529,0
470916.666666196,0
470933.333332862,0
470949.999999529,0.0493459459063268
470966.666666196,0
470983.333332862,0
470999.999999529,0
471016.666666196,0
471033.333332862,0
471049.999999529,0.0105056505431311
471066.666666196,0
471083.333332862,0
471099.999999529,0
471116.666666195,0
471133.333332862,0
471149.999999529,0.0294764727808224
471166.666666195,0
471183.333332862,0
471199.999999529,0
471216.666666195,0
471233.333332862,0
471249.999999529,0.0625816910351573
471266.666666195,0
471283.333332862,0
471299.999999529,0
471316.666666195,0
471333.333332862,0
471349.999999529,0.0298764870579102
471366.666666195,0
471383.333332862,0
471399.999999529,0
471416.666666195,0
471433.333332862,0
471449.999999529,0.0175224273507236
471466.666666195,0
471483.333332862,0
471499.999999528,0
471516.666666195,0
471533.333332862,0
471549.999999528,0.0469249970163126
471566.666666195,0
471583.333332862,0
471599.999999528,0
471616.666666195,0
471633.333332862,0
471649.999999528,0.058066807860757
471666.666666195,0
471683.333332862,0
471699.999999528,0
471716.666666195,0
471733.333332862,0
471749.999999528,0.0629017114688477
471766.666666195,0
471783.333332862,0
471799.999999528,0
471816.666666195,0
471833.333332861,0
471849.999999528,0.0499689124387103
471866.666666195,0
471883.333332861,0
471899.999999528,0
471916.666666195,0
471933.333332861,0
471949.999999528,0.00196518383737774
471966.666666195,0
471983.333332861,0
471999.999999528,0
472016.666666195,0
472033.333332861,0
472049.999999528,0.0140730343683063
472066.666666195,0
472083.333332861,0
472099.999999528,0
472116.666666194,0
472133.333332861,0
472149.999999528,0.0952019311863339
472166.666666194,0
472183.333332861,0
472199.999999528,0
472216.666666194,0
472233.333332861,0
472249.999999528,0.104330149211611
472266.666666194,0
472283.333332861,0
472299.999999528,0
472316.666666194,0
472333.333332861,0
472349.999999528,0.0856030564064345
472366.666666194,0
472383.333332861,0
472399.999999528,0
472416.666666194,0
472433.333332861,0
472449.999999527,0.00626214376175998
472466.666666194,0
472483.333332861,0
472499.999999527,0
472516.666666194,0
472533.333332861,0
472549.999999527,0.0651269282882329
472566.666666194,0
472583.333332861,0
472599.999999527,0
472616.666666194,0
472633.333332861,0
472649.999999527,0.053612915519073
472666.666666194,0
472683.333332861,0
472699.999999527,0
472716.666666194,0
472733.333332861,0
472749.999999527,0.00595467035672431
472766.666666194,0
472783.33333286,0
472799.999999527,0
472816.666666194,0
472833.33333286,0
472849.999999527,0.0687785767880788
472866.666666194,0
472883.33333286,0
472899.999999527,0
472916.666666194,0
472933.33333286,0
472949.999999527,0.0706791499121509
472966.666666194,0
472983.33333286,0
472999.999999527,0
473016.666666194,0
473033.33333286,0
473049.999999527,0.0655658925523916
473066.666666194,0
473083.33333286,0
473099.999999527,0
473116.666666194,0
473133.33333286,0
473149.999999527,0.0551651772337207
473166.666666193,0
473183.33333286,0
473199.999999527,0
473216.666666193,0
473233.33333286,0
473249.999999527,0.0177535575404613
473266.666666193,0
473283.33333286,0
473299.999999527,0
473316.666666193,0
473333.33333286,0
473349.999999527,0.104557642598978
473366.666666193,0
473383.33333286,0
473399.999999527,0
473416.666666193,0
473433.33333286,0
473449.999999526,0.0686687393002401
473466.666666193,0
473483.33333286,0
473499.999999526,0
473516.666666193,0
473533.33333286,0
473549.999999526,0.0163552065963373
473566.666666193,0
473583.33333286,0
473599.999999526,0
473616.666666193,0
473633.33333286,0
473649.999999526,0.0609148471551598
473666.666666193,0
473683.33333286,0
473699.999999526,0
473716.666666193,0
473733.33333286,0
473749.999999526,0.0173472809839611
473766.666666193,0
473783.33333286,0
473799.999999526,0
473816.666666193,0
473833.333332859,0
473849.999999526,0.104959967155481
473866.666666193,0
473883.333332859,0
473899.999999526,0
473916.666666193,0
473933.333332859,0
473949.999999526,0.0123745910526199
473966.666666193,0
473983.333332859,0
473999.999999526,0
474016.666666193,0
474033.333332859,0
474049.999999526,0.0944343429464066
474066.666666193,0
474083.333332859,0
474099.999999526,0
474116.666666193,0
474133.333332859,0
474149.999999526,0.00607460656411057
474166.666666192,0
474183.333332859,0
474199.999999526,0
474216.666666192,0
474233.333332859,0
474249.999999526,0.105443433255184
474266.666666192,0
474283.333332859,0
474299.999999526,0
474316.666666192,0
474333.333332859,0
474349.999999526,0.0718132669497576
474366.666666192,0
474383.333332859,0
474399.999999525,0
474416.666666192,0
474433.333332859,0
474449.999999525,0.0513216899340953
474466.666666192,0
474483.333332859,0
474499.999999525,0
474516.666666192,0
474533.333332859,0
474549.999999525,0.00948909886791057
474566.666666192,0
474583.333332859,0
474599.999999525,0
474616.666666192,0
474633.333332859,0
474649.999999525,0.0349478977464576
474666.666666192,0
474683.333332859,0
474699.999999525,0
474716.666666192,0
474733.333332859,0
474749.999999525,0.0261359520963832
474766.666666192,0
474783.333332858,0
474799.999999525,0
474816.666666192,0
474833.333332858,0
474849.999999525,0.00955071282673531
474866.666666192,0
474883.333332858,0
474899.999999525,0
474916.666666192,0
474933.333332858,0
474949.999999525,0.120229267134607
474966.666666192,0
474983.333332858,0
474999.999999525,0
475016.666666192,0
475033.333332858,0
475049.999999525,0.0217301566936996
475066.666666192,0
475083.333332858,0
475099.999999525,0
475116.666666191,0
475133.333332858,0
475149.999999525,0.0319001936230861
475166.666666191,0
475183.333332858,0
475199.999999525,0
475216.666666191,0
475233.333332858,0
475249.999999525,0.0295944863527826
475266.666666191,0
475283.333332858,0
475299.999999525,0
475316.666666191,0
475333.333332858,0
475349.999999525,0.0304976973952976
475366.666666191,0
475383.333332858,0
475399.999999525,0
475416.666666191,0
475433.333332858,0
475449.999999525,0.275359348078837
475466.666666191,0
475483.333332858,0
475499.999999524,0
475516.666666191,0
475533.333332858,0
475549.999999524,0.0468399514026422
475566.666666191,0
475583.333332858,0
475599.999999524,0
475616.666666191,0
475633.333332858,0
475649.999999524,0.0830138729393102
475666.666666191,0
475683.333332858,0
475699.999999524,0
475716.666666191,0
475733.333332858,0
475749.999999524,0.0818161655835515
475766.666666191,0
475783.333332858,0
475799.999999524,0
475816.666666191,0
475833.333332857,0
475849.999999524,0.0743273751728992
475866.666666191,0
475883.333332857,0
475899.999999524,0
475916.666666191,0
475933.333332857,0
475949.999999524,0.0856801647575371
475966.666666191,0
475983.333332857,0
475999.999999524,0
476016.666666191,0
476033.333332857,0
476049.999999524,0.124412348953552
476066.666666191,0
476083.333332857,0
476099.999999524,0
476116.66666619,0
476133.333332857,0
476149.999999524,0.0569157008975258
476166.66666619,0
476183.333332857,0
476199.999999524,0
476216.66666619,0
476233.333332857,0
476249.999999524,0.172845302291636
476266.66666619,0
476283.333332857,0
476299.999999524,0
476316.66666619,0
476333.333332857,0
476349.999999524,0.136058913345947
476366.66666619,0
476383.333332857,0
476399.999999524,0
476416.66666619,0
476433.333332857,0
476449.999999523,0.0306929072491723
476466.66666619,0
476483.333332857,0
476499.999999523,0
476516.66666619,0
476533.333332857,0
476549.999999523,0.0637754629437848
476566.66666619,0
476583.333332857,0
476599.999999523,0
476616.66666619,0
476633.333332857,0
476649.999999523,0.170480658780335
476666.66666619,0
476683.333332857,0
476699.999999523,0
476716.66666619,0
476733.333332857,0
476749.999999523,0.03815055226965
476766.66666619,0
476783.333332856,0
476799.999999523,0
476816.66666619,0
476833.333332856,0
476849.999999523,0.114867872142498
476866.66666619,0
476883.333332856,0
476899.999999523,0
476916.66666619,0
476933.333332856,0
476949.999999523,0.1020274921344
476966.66666619,0
476983.333332856,0
476999.999999523,0
477016.66666619,0
477033.333332856,0
477049.999999523,0.0258920079416406
477066.666666189,0
477083.333332856,0
477099.999999523,0
477116.666666189,0
477133.333332856,0
477149.999999523,0.10073479922678
477166.666666189,0
477183.333332856,0
477199.999999523,0
477216.666666189,0
477233.333332856,0
477249.999999523,0.0248553521803724
477266.666666189,0
477283.333332856,0
477299.999999523,0
477316.666666189,0
477333.333332856,0
477349.999999523,0.182429231715857
477366.666666189,0
477383.333332856,0
477399.999999523,0
477416.666666189,0
477433.333332856,0
477449.999999522,0.256748589531612
477466.666666189,0
477483.333332856,0
477499.999999522,0
477516.666666189,0
477533.333332856,0
477549.999999522,0.125253643099398
477566.666666189,0
477583.333332856,0
477599.999999522,0
477616.666666189,0
477633.333332856,0
477649.999999522,0.0151732553780081
477666.666666189,0
477683.333332856,0
477699.999999522,0
477716.666666189,0
477733.333332856,0
477749.999999522,0.0466725236279273
477766.666666189,0
477783.333332855,0
477799.999999522,0
477816.666666189,0
477833.333332855,0
477849.999999522,0.020329605374617
477866.666666189,0
477883.333332855,0
477899.999999522,0
477916.666666189,0
477933.333332855,0
477949.999999522,0.0133855639404523
477966.666666189,0
477983.333332855,0
477999.999999522,0
478016.666666189,0
478033.333332855,0
478049.999999522,0.0673588015216609
478066.666666189,0
478083.333332855,0
478099.999999522,0
478116.666666189,0
478133.333332855,0
478149.999999522,0.11791910964783
478166.666666188,0
478183.333332855,0
478199.999999522,0
478216.666666188,0
478233.333332855,0
478249.999999522,0.131243495905779
478266.666666188,0
478283.333332855,0
478299.999999522,0
478316.666666188,0
478333.333332855,0
478349.999999522,0.37912175781697
478366.666666188,0
478383.333332855,0
478399.999999522,0
478416.666666188,0
478433.333332855,0
478449.999999522,0.247484615651695
478466.666666188,0
478483.333332855,0
478499.999999521,0
478516.666666188,0
478533.333332855,0
478549.999999521,0.264853672133161
478566.666666188,0
478583.333332855,0
478599.999999521,0
478616.666666188,0
478633.333332855,0
478649.999999521,0.785935217859611
478666.666666188,0
478683.333332855,0
478699.999999521,0
478716.666666188,0
478733.333332854,0
478749.999999521,0.196574774102241
478766.666666188,0
478783.333332854,0
478799.999999521,0
478816.666666188,0
478833.333332854,0
478849.999999521,0.659019744492683
478866.666666188,0
478883.333332854,0
478899.999999521,0
478916.666666188,0
478933.333332854,0
478949.999999521,0.23930644536069
478966.666666188,0
478983.333332854,0
478999.999999521,0
479016.666666188,0
479033.333332854,0
479049.999999521,0.432217380907503
479066.666666188,0
479083.333332854,0
479099.999999521,0
479116.666666187,0
479133.333332854,0
479149.999999521,0.374920973053807
479166.666666187,0
479183.333332854,0
479199.999999521,0
479216.666666187,0
479233.333332854,0
479249.999999521,0.224237093912921
479266.666666187,0
479283.333332854,0
479299.999999521,0
479316.666666187,0
479333.333332854,0
479349.999999521,0.701122927930556
479366.666666187,0
479383.333332854,0
479399.999999521,0
479416.666666187,0
479433.333332854,0
479449.99999952,0.837755733892854
479466.666666187,0
479483.333332854,0
479499.99999952,0
479516.666666187,0
479533.333332854,0
479549.99999952,0.676462256366132
479566.666666187,0
479583.333332854,0
479599.99999952,0
479616.666666187,0
479633.333332854,0
479649.99999952,0.358597245566051
479666.666666187,0
479683.333332854,0
479699.99999952,0
479716.666666187,0
479733.333332854,0
479749.99999952,0.13675883669769
479766.666666187,0
479783.333332854,0
479799.99999952,0
479816.666666187,0
479833.333332853,0
479849.99999952,0.00785154008950262
479866.666666187,0
479883.333332853,0
479899.99999952,0
479916.666666187,0
479933.333332853,0
479949.99999952,0.129358823251321
479966.666666187,0
479983.333332853,0
479999.99999952,0
480016.666666187,0
480033.333332853,0
480049.99999952,0.149797905281205
480066.666666187,0
480083.333332853,0
480099.99999952,0
480116.666666186,0
480133.333332853,0
480149.99999952,0.0326069337079081
480166.666666186,0
480183.333332853,0
480199.99999952,0
480216.666666186,0
480233.333332853,0
480249.99999952,0.149419207113072
480266.666666186,0
480283.333332853,0
480299.99999952,0
480316.666666186,0
480333.333332853,0
480349.99999952,0.381642745543003
480366.666666186,0
480383.333332853,0
480399.99999952,0
480416.666666186,0
480433.333332853,0
480449.999999519,0.671547121628985
480466.666666186,0
480483.333332853,0
480499.999999519,0
480516.666666186,0
480533.333332853,0
480549.999999519,0.82722473324364
480566.666666186,0
480583.333332853,0
480599.999999519,0
480616.666666186,0
480633.333332853,0
480649.999999519,0.709355904627823
480666.666666186,0
480683.333332853,0
480699.999999519,0
480716.666666186,0
480733.333332853,0
480749.999999519,0.22793187284104
480766.666666186,0
480783.333332853,0
480799.999999519,0
480816.666666186,0
480833.333332852,0
480849.999999519,0.383095924273423
480866.666666186,0
480883.333332852,0
480899.999999519,0
480916.666666186,0
480933.333332852,0
480949.999999519,0.425349181873052
480966.666666186,0
480983.333332852,0
480999.999999519,0
481016.666666186,0
481033.333332852,0
481049.999999519,0.249336790848746
481066.666666186,0
481083.333332852,0
481099.999999519,0
481116.666666185,0
481133.333332852,0
481149.999999519,0.633095074920911
481166.666666185,0
481183.333332852,0
481199.999999519,0
481216.666666185,0
481233.333332852,0
481249.999999519,0.197118049456866
481266.666666185,0
481283.333332852,0
481299.999999519,0
481316.666666185,0
481333.333332852,0
481349.999999519,0.737812320745015
481366.666666185,0
481383.333332852,0
481399.999999519,0
481416.666666185,0
481433.333332852,0
481449.999999519,0.213863883693092
481466.666666185,0
481483.333332852,0
481499.999999518,0
481516.666666185,0
481533.333332852,0
481549.999999518,0.236369390211669
481566.666666185,0
481583.333332852,0
481599.999999518,0
481616.666666185,0
481633.333332852,0
481649.999999518,0.371447946566047
481666.666666185,0
481683.333332852,0
481699.999999518,0
481716.666666185,0
481733.333332852,0
481749.999999518,0.0917342300694772
481766.666666185,0
481783.333332851,0
481799.999999518,0
481816.666666185,0
481833.333332851,0
481849.999999518,0.0738427728857741
481866.666666185,0
481883.333332851,0
481899.999999518,0
481916.666666185,0
481933.333332851,0
481949.999999518,0.0740310741427524
481966.666666185,0
481983.333332851,0
481999.999999518,0
482016.666666185,0
482033.333332851,0
482049.999999518,0.00867332684214529
482066.666666185,0
482083.333332851,0
482099.999999518,0
482116.666666184,0
482133.333332851,0
482149.999999518,0.0409173245527254
482166.666666184,0
482183.333332851,0
482199.999999518,0
482216.666666184,0
482233.333332851,0
482249.999999518,0.0284837305070751
482266.666666184,0
482283.333332851,0
482299.999999518,0
482316.666666184,0
482333.333332851,0
482349.999999518,0.0353056786131172
482366.666666184,0
482383.333332851,0
482399.999999518,0
482416.666666184,0
482433.333332851,0
482449.999999518,0.118542051347894
482466.666666184,0
482483.333332851,0
482499.999999517,0
482516.666666184,0
482533.333332851,0
482549.999999517,0.238476634044774
482566.666666184,0
482583.333332851,0
482599.999999517,0
482616.666666184,0
482633.333332851,0
482649.999999517,0.192485619859973
482666.666666184,0
482683.333332851,0
482699.999999517,0
482716.666666184,0
482733.333332851,0
482749.999999517,0.0056311909644944
482766.666666184,0
482783.333332851,0
482799.999999517,0
482816.666666184,0
482833.33333285,0
482849.999999517,0.109677803723323
482866.666666184,0
482883.33333285,0
482899.999999517,0
482916.666666184,0
482933.33333285,0
482949.999999517,0.0366813482870854
482966.666666184,0
482983.33333285,0
482999.999999517,0
483016.666666184,0
483033.33333285,0
483049.999999517,0.108280211251593
483066.666666184,0
483083.33333285,0
483099.999999517,0
483116.666666183,0
483133.33333285,0
483149.999999517,0.115808171215068
483166.666666183,0
483183.33333285,0
483199.999999517,0
483216.666666183,0
483233.33333285,0
483249.999999517,0.0443127438090843
483266.666666183,0
483283.33333285,0
483299.999999517,0
483316.666666183,0
483333.33333285,0
483349.999999517,0.156129335397618
483366.666666183,0
483383.33333285,0
483399.999999517,0
483416.666666183,0
483433.33333285,0
483449.999999516,0.0579339161798541
483466.666666183,0
483483.33333285,0
483499.999999516,0
483516.666666183,0
483533.33333285,0
483549.999999516,0.00108913220383775
483566.666666183,0
483583.33333285,0
483599.999999516,0
483616.666666183,0
483633.33333285,0
483649.999999516,0.146372294523205
483666.666666183,0
483683.33333285,0
483699.999999516,0
483716.666666183,0
483733.33333285,0
483749.999999516,0.149014387932607
483766.666666183,0
483783.333332849,0
483799.999999516,0
483816.666666183,0
483833.333332849,0
483849.999999516,0.0657458215848124
483866.666666183,0
483883.333332849,0
483899.999999516,0
483916.666666183,0
483933.333332849,0
483949.999999516,0.107288801692687
483966.666666183,0
483983.333332849,0
483999.999999516,0
484016.666666183,0
484033.333332849,0
484049.999999516,0.0839262286170542
484066.666666183,0
484083.333332849,0
484099.999999516,0
484116.666666183,0
484133.333332849,0
484149.999999516,0.0754174081695995
484166.666666182,0
484183.333332849,0
484199.999999516,0
484216.666666182,0
484233.333332849,0
484249.999999516,0.0630208259644901
484266.666666182,0
484283.333332849,0
484299.999999516,0
484316.666666182,0
484333.333332849,0
484349.999999516,0.0414296169913028
484366.666666182,0
484383.333332849,0
484399.999999516,0
484416.666666182,0
484433.333332849,0
484449.999999515,0.0451488324809601
484466.666666182,0
484483.333332849,0
484499.999999515,0
484516.666666182,0
484533.333332849,0
484549.999999515,0.217247042458017
484566.666666182,0
484583.333332849,0
484599.999999515,0
484616.666666182,0
484633.333332849,0
484649.999999515,0.0292174354172777
484666.666666182,0
484683.333332849,0
484699.999999515,0
484716.666666182,0
484733.333332849,0
484749.999999515,0.0300842987697248
484766.666666182,0
484783.333332849,0
484799.999999515,0
484816.666666182,0
484833.333332848,0
484849.999999515,0.046190400676552
484866.666666182,0
484883.333332848,0
484899.999999515,0
484916.666666182,0
484933.333332848,0
484949.999999515,0.0227854297675447
484966.666666182,0
484983.333332848,0
484999.999999515,0
485016.666666182,0
485033.333332848,0
485049.999999515,0.10473383685027
485066.666666182,0
485083.333332848,0
485099.999999515,0
485116.666666182,0
485133.333332848,0
485149.999999515,0.0165617179986019
485166.666666181,0
485183.333332848,0
485199.999999515,0
485216.666666181,0
485233.333332848,0
485249.999999515,0.0301034236718441
485266.666666181,0
485283.333332848,0
485299.999999515,0
485316.666666181,0
485333.333332848,0
485349.999999515,0.0363364108673476
485366.666666181,0
485383.333332848,0
485399.999999514,0
485416.666666181,0
485433.333332848,0
485449.999999514,0.0103017690682438
485466.666666181,0
485483.333332848,0
485499.999999514,0
485516.666666181,0
485533.333332848,0
485549.999999514,0.0568773067523992
485566.666666181,0
485583.333332848,0
485599.999999514,0
485616.666666181,0
485633.333332848,0
485649.999999514,0.0945300336210118
485666.666666181,0
485683.333332848,0
485699.999999514,0
485716.666666181,0
485733.333332848,0
485749.999999514,0.0861952322378195
485766.666666181,0
485783.333332847,0
485799.999999514,0
485816.666666181,0
485833.333332847,0
485849.999999514,0.026481451134156
485866.666666181,0
485883.333332847,0
485899.999999514,0
485916.666666181,0
485933.333332847,0
485949.999999514,0.0723812853527609
485966.666666181,0
485983.333332847,0
485999.999999514,0
486016.666666181,0
486033.333332847,0
486049.999999514,0.0305502005033237
486066.666666181,0
486083.333332847,0
486099.999999514,0
486116.66666618,0
486133.333332847,0
486149.999999514,0.0864784749712117
486166.66666618,0
486183.333332847,0
486199.999999514,0
486216.66666618,0
486233.333332847,0
486249.999999514,0.00550902991394767
486266.66666618,0
486283.333332847,0
486299.999999514,0
486316.66666618,0
486333.333332847,0
486349.999999514,0.0456304763970485
486366.66666618,0
486383.333332847,0
486399.999999514,0
486416.66666618,0
486433.333332847,0
486449.999999514,0.0165780798210824
486466.66666618,0
486483.333332847,0
486499.999999513,0
486516.66666618,0
486533.333332847,0
486549.999999513,0.0696995743739613
486566.66666618,0
486583.333332847,0
486599.999999513,0
486616.66666618,0
486633.333332847,0
486649.999999513,0.105910272180247
486666.66666618,0
486683.333332847,0
486699.999999513,0
486716.66666618,0
486733.333332847,0
486749.999999513,0.00395558539919505
486766.66666618,0
486783.333332847,0
486799.999999513,0
486816.66666618,0
486833.333332846,0
486849.999999513,0.0523514261333683
486866.66666618,0
486883.333332846,0
486899.999999513,0
486916.66666618,0
486933.333332846,0
486949.999999513,0.0316981207531363
486966.66666618,0
486983.333332846,0
486999.999999513,0
487016.66666618,0
487033.333332846,0
487049.999999513,0.0639276955982718
487066.66666618,0
487083.333332846,0
487099.999999513,0
487116.666666179,0
487133.333332846,0
487149.999999513,0.0203819547932131
487166.666666179,0
487183.333332846,0
487199.999999513,0
487216.666666179,0
487233.333332846,0
487249.999999513,0.00516577132983181
487266.666666179,0
487283.333332846,0
487299.999999513,0
487316.666666179,0
487333.333332846,0
487349.999999513,0.0237186374790471
487366.666666179,0
487383.333332846,0
487399.999999513,0
487416.666666179,0
487433.333332846,0
487449.999999512,0.0309415504136832
487466.666666179,0
487483.333332846,0
487499.999999512,0
487516.666666179,0
487533.333332846,0
487549.999999512,0.0339463729764574
487566.666666179,0
487583.333332846,0
487599.999999512,0
487616.666666179,0
487633.333332846,0
487649.999999512,0.0958754764277674
487666.666666179,0
487683.333332846,0
487699.999999512,0
487716.666666179,0
487733.333332846,0
487749.999999512,0.0705606402904355
487766.666666179,0
487783.333332845,0
487799.999999512,0
487816.666666179,0
487833.333332845,0
487849.999999512,0.0670102658562077
487866.666666179,0
487883.333332845,0
487899.999999512,0
487916.666666179,0
487933.333332845,0
487949.999999512,0.00608125946563307
487966.666666179,0
487983.333332845,0
487999.999999512,0
488016.666666179,0
488033.333332845,0
488049.999999512,0.0247561127778481
488066.666666178,0
488083.333332845,0
488099.999999512,0
488116.666666178,0
488133.333332845,0
488149.999999512,0.0461982786356543
488166.666666178,0
488183.333332845,0
488199.999999512,0
488216.666666178,0
488233.333332845,0
488249.999999512,0.0271836427563122
488266.666666178,0
488283.333332845,0
488299.999999512,0
488316.666666178,0
488333.333332845,0
488349.999999512,0.0310198955955937
488366.666666178,0
488383.333332845,0
488399.999999512,0
488416.666666178,0
488433.333332845,0
488449.999999511,0.0253304990338176
488466.666666178,0
488483.333332845,0
488499.999999511,0
488516.666666178,0
488533.333332845,0
488549.999999511,0.0363231819410291
488566.666666178,0
488583.333332845,0
488599.999999511,0
488616.666666178,0
488633.333332845,0
488649.999999511,0.0610409702938483
488666.666666178,0
488683.333332845,0
488699.999999511,0
488716.666666178,0
488733.333332845,0
488749.999999511,0.0443050013244941
488766.666666178,0
488783.333332844,0
488799.999999511,0
488816.666666178,0
488833.333332844,0
488849.999999511,0.0299297541388871
488866.666666178,0
488883.333332844,0
488899.999999511,0
488916.666666178,0
488933.333332844,0
488949.999999511,0.00144009021906354
488966.666666178,0
488983.333332844,0
488999.999999511,0
489016.666666178,0
489033.333332844,0
489049.999999511,0.0463369376667082
489066.666666178,0
489083.333332844,0
489099.999999511,0
489116.666666178,0
489133.333332844,0
489149.999999511,0.0107601439559074
489166.666666177,0
489183.333332844,0
489199.999999511,0
489216.666666177,0
489233.333332844,0
489249.999999511,0.0212627791108895
489266.666666177,0
489283.333332844,0
489299.999999511,0
489316.666666177,0
489333.333332844,0
489349.999999511,0.0282228420342263
489366.666666177,0
489383.333332844,0
489399.999999511,0
489416.666666177,0
489433.333332844,0
489449.999999511,0.0210707181465033
489466.666666177,0
489483.333332844,0
489499.99999951,0
489516.666666177,0
489533.333332844,0
489549.99999951,0.0739509503878838
489566.666666177,0
489583.333332844,0
489599.99999951,0
489616.666666177,0
489633.333332844,0
489649.99999951,0.0868769107348507
489666.666666177,0
489683.333332844,0
489699.99999951,0
489716.666666177,0
489733.333332844,0
489749.99999951,0.0143963617757806
489766.666666177,0
489783.333332843,0
489799.99999951,0
489816.666666177,0
489833.333332843,0
489849.99999951,0.0270230162581342
489866.666666177,0
489883.333332843,0
489899.99999951,0
489916.666666177,0
489933.333332843,0
489949.99999951,0.00185494137995816
489966.666666177,0
489983.333332843,0
489999.99999951,0
490016.666666177,0
490033.333332843,0
490049.99999951,0.025944773976547
490066.666666177,0
490083.333332843,0
490099.99999951,0
490116.666666176,0
490133.333332843,0
490149.99999951,0.0360994443318733
490166.666666176,0
490183.333332843,0
490199.99999951,0
490216.666666176,0
490233.333332843,0
490249.99999951,0.0171637433046785
490266.666666176,0
490283.333332843,0
490299.99999951,0
490316.666666176,0
490333.333332843,0
490349.99999951,0.0199786549493833
490366.666666176,0
490383.333332843,0
490399.99999951,0
490416.666666176,0
490433.333332843,0
490449.999999509,0.000280544084301162
490466.666666176,0
490483.333332843,0
490499.999999509,0
490516.666666176,0
490533.333332843,0
490549.999999509,0.0270064693334776
490566.666666176,0
490583.333332843,0
490599.999999509,0
490616.666666176,0
490633.333332843,0
490649.999999509,0.0718632969219589
490666.666666176,0
490683.333332843,0
490699.999999509,0
490716.666666176,0
490733.333332843,0
490749.999999509,0.016140241710334
490766.666666176,0
490783.333332843,0
490799.999999509,0
490816.666666176,0
490833.333332842,0
490849.999999509,0.0017934308623056
490866.666666176,0
490883.333332842,0
490899.999999509,0
490916.666666176,0
490933.333332842,0
490949.999999509,0.00490808534944972
490966.666666176,0
490983.333332842,0
490999.999999509,0
491016.666666176,0
491033.333332842,0
491049.999999509,0.00371535331462766
491066.666666176,0
491083.333332842,0
491099.999999509,0
491116.666666175,0
491133.333332842,0
491149.999999509,0.0339682435860855
491166.666666175,0
491183.333332842,0
491199.999999509,0
491216.666666175,0
491233.333332842,0
491249.999999509,0.0019441802426543
491266.666666175,0
491283.333332842,0
491299.999999509,0
491316.666666175,0
491333.333332842,0
491349.999999509,0.0158569448239777
491366.666666175,0
491383.333332842,0
491399.999999509,0
491416.666666175,0
491433.333332842,0
491449.999999508,0.0198920710869866
491466.666666175,0
491483.333332842,0
491499.999999508,0
491516.666666175,0
491533.333332842,0
491549.999999508,0.0497518309966326
491566.666666175,0
491583.333332842,0
491599.999999508,0
491616.666666175,0
491633.333332842,0
491649.999999508,0.0846410963778178
491666.666666175,0
491683.333332842,0
491699.999999508,0
491716.666666175,0
491733.333332842,0
491749.999999508,0.0149435202120684
491766.666666175,0
491783.333332842,0
491799.999999508,0
491816.666666175,0
491833.333332841,0
491849.999999508,0.037196951733877
491866.666666175,0
491883.333332841,0
491899.999999508,0
491916.666666175,0
491933.333332841,0
491949.999999508,0.0138015229187048
491966.666666175,0
491983.333332841,0
491999.999999508,0
492016.666666175,0
492033.333332841,0
492049.999999508,0.0376617418353403
492066.666666175,0
492083.333332841,0
492099.999999508,0
492116.666666174,0
492133.333332841,0
492149.999999508,0.0147274700867049
492166.666666174,0
492183.333332841,0
492199.999999508,0
492216.666666174,0
492233.333332841,0
492249.999999508,0.0003792735924781
492266.666666174,0
492283.333332841,0
492299.999999508,0
492316.666666174,0
492333.333332841,0
492349.999999508,0.0191206765885934
492366.666666174,0
492383.333332841,0
492399.999999508,0
492416.666666174,0
492433.333332841,0
492449.999999507,0.00197497474270259
492466.666666174,0
492483.333332841,0
492499.999999507,0
492516.666666174,0
492533.333332841,0
492549.999999507,0.0332496527802092
492566.666666174,0
492583.333332841,0
492599.999999507,0
492616.666666174,0
492633.333332841,0
492649.999999507,0.0501757618376942
492666.666666174,0
492683.333332841,0
492699.999999507,0
492716.666666174,0
492733.333332841,0
492749.999999507,0.0315268795215384
492766.666666174,0
492783.33333284,0
492799.999999507,0
492816.666666174,0
492833.33333284,0
492849.999999507,0.00142368484882874
492866.666666174,0
492883.33333284,0
492899.999999507,0
492916.666666174,0
492933.33333284,0
492949.999999507,0.00317163500068238
492966.666666174,0
492983.33333284,0
492999.999999507,0
493016.666666174,0
493033.33333284,0
493049.999999507,0.0147541534461758
493066.666666174,0
493083.33333284,0
493099.999999507,0
493116.666666173,0
493133.33333284,0
493149.999999507,0.0202084815177015
493166.666666173,0
493183.33333284,0
493199.999999507,0
493216.666666173,0
493233.33333284,0
493249.999999507,0.00929236116552163
493266.666666173,0
493283.33333284,0
493299.999999507,0
493316.666666173,0
493333.33333284,0
493349.999999507,0.0246986125218028
493366.666666173,0
493383.33333284,0
493399.999999507,0
493416.666666173,0
493433.33333284,0
493449.999999507,0.0136448043782003
493466.666666173,0
493483.33333284,0
493499.999999506,0
493516.666666173,0
493533.33333284,0
493549.999999506,0.0499507423807932
493566.666666173,0
493583.33333284,0
493599.999999506,0
493616.666666173,0
493633.33333284,0
493649.999999506,0.0538951256473315
493666.666666173,0
493683.33333284,0
493699.999999506,0
493716.666666173,0
493733.33333284,0
493749.999999506,0.0175598657839736
493766.666666173,0
493783.333332839,0
493799.999999506,0
493816.666666173,0
493833.333332839,0
493849.999999506,0.0105383887856586
493866.666666173,0
493883.333332839,0
493899.999999506,0
493916.666666173,0
493933.333332839,0
493949.999999506,0.00409862966202016
493966.666666173,0
493983.333332839,0
493999.999999506,0
494016.666666173,0
494033.333332839,0
494049.999999506,0.0418224544884337
494066.666666173,0
494083.333332839,0
494099.999999506,0
494116.666666172,0
494133.333332839,0
494149.999999506,0.0147724549509459
494166.666666172,0
494183.333332839,0
494199.999999506,0
494216.666666172,0
494233.333332839,0
494249.999999506,0.0120997731700777
494266.666666172,0
494283.333332839,0
494299.999999506,0
494316.666666172,0
494333.333332839,0
494349.999999506,0.031686164581274
494366.666666172,0
494383.333332839,0
494399.999999506,0
494416.666666172,0
494433.333332839,0
494449.999999505,0.0199304319736224
494466.666666172,0
494483.333332839,0
494499.999999505,0
494516.666666172,0
494533.333332839,0
494549.999999505,0.0354844442919597
494566.666666172,0
494583.333332839,0
494599.999999505,0
494616.666666172,0
494633.333332839,0
494649.999999505,0.0576535673187023
494666.666666172,0
494683.333332839,0
494699.999999505,0
494716.666666172,0
494733.333332839,0
494749.999999505,0.0183361097345943
494766.666666172,0
494783.333332838,0
494799.999999505,0
494816.666666172,0
494833.333332838,0
494849.999999505,0.00290326342719433
494866.666666172,0
494883.333332838,0
494899.999999505,0
494916.666666172,0
494933.333332838,0
494949.999999505,0.00597156647597778
494966.666666172,0
494983.333332838,0
494999.999999505,0
495016.666666172,0
495033.333332838,0
495049.999999505,0.0131882008488476
495066.666666172,0
495083.333332838,0
495099.999999505,0
495116.666666172,0
495133.333332838,0
495149.999999505,0.0129314008390711
495166.666666171,0
495183.333332838,0
495199.999999505,0
495216.666666171,0
495233.333332838,0
495249.999999505,0.0166074032046553
495266.666666171,0
495283.333332838,0
495299.999999505,0
495316.666666171,0
495333.333332838,0
495349.999999505,0.0285508740191833
495366.666666171,0
495383.333332838,0
495399.999999505,0
495416.666666171,0
495433.333332838,0
495449.999999504,0.00822994778564753
495466.666666171,0
495483.333332838,0
495499.999999504,0
495516.666666171,0
495533.333332838,0
495549.999999504,0.0322133442419948
495566.666666171,0
495583.333332838,0
495599.999999504,0
495616.666666171,0
495633.333332838,0
495649.999999504,0.0511535300248734
495666.666666171,0
495683.333332838,0
495699.999999504,0
495716.666666171,0
495733.333332838,0
495749.999999504,0.0157792381971578
495766.666666171,0
495783.333332838,0
495799.999999504,0
495816.666666171,0
495833.333332837,0
495849.999999504,0.00776619753362247
495866.666666171,0
495883.333332837,0
495899.999999504,0
495916.666666171,0
495933.333332837,0
495949.999999504,0.0111331961804269
495966.666666171,0
495983.333332837,0
495999.999999504,0
496016.666666171,0
496033.333332837,0
496049.999999504,0.0250461994023491
496066.666666171,0
496083.333332837,0
496099.999999504,0
496116.666666171,0
496133.333332837,0
496149.999999504,0.00666174050529613
496166.66666617,0
496183.333332837,0
496199.999999504,0
496216.66666617,0
496233.333332837,0
496249.999999504,0.00409108269781663
496266.66666617,0
496283.333332837,0
496299.999999504,0
496316.66666617,0
496333.333332837,0
496349.999999504,0.0325413894179498
496366.66666617,0
496383.333332837,0
496399.999999503,0
496416.66666617,0
496433.333332837,0
496449.999999503,0.0211369047880265
496466.66666617,0
496483.333332837,0
496499.999999503,0
496516.66666617,0
496533.333332837,0
496549.999999503,0.0274720028594247
496566.66666617,0
496583.333332837,0
496599.999999503,0
496616.66666617,0
496633.333332837,0
496649.999999503,0.0533660965930619
496666.66666617,0
496683.333332837,0
496699.999999503,0
496716.66666617,0
496733.333332837,0
496749.999999503,0.0243086935695812
496766.66666617,0
496783.333332836,0
496799.999999503,0
496816.66666617,0
496833.333332836,0
496849.999999503,0.0129974520685747
496866.66666617,0
496883.333332836,0
496899.999999503,0
496916.66666617,0
496933.333332836,0
496949.999999503,0.010124421590375
496966.66666617,0
496983.333332836,0
496999.999999503,0
497016.66666617,0
497033.333332836,0
497049.999999503,0.0235501798313928
497066.66666617,0
497083.333332836,0
497099.999999503,0
497116.666666169,0
497133.333332836,0
497149.999999503,0.00128684329852251
497166.666666169,0
497183.333332836,0
497199.999999503,0
497216.666666169,0
497233.333332836,0
497249.999999503,0.0157300075032929
497266.666666169,0
497283.333332836,0
497299.999999503,0
497316.666666169,0
497333.333332836,0
497349.999999503,0.0356940429684408
497366.666666169,0
497383.333332836,0
497399.999999503,0
497416.666666169,0
497433.333332836,0
497449.999999502,0.0143365329652575
497466.666666169,0
497483.333332836,0
497499.999999502,0
497516.666666169,0
497533.333332836,0
497549.999999502,0.0294368997552385
497566.666666169,0
497583.333332836,0
497599.999999502,0
497616.666666169,0
497633.333332836,0
497649.999999502,0.0437890505966865
497666.666666169,0
497683.333332836,0
497699.999999502,0
497716.666666169,0
497733.333332836,0
497749.999999502,0.0144654948338911
497766.666666169,0
497783.333332836,0
497799.999999502,0
497816.666666169,0
497833.333332835,0
497849.999999502,9.44051875911542e-05
497866.666666169,0
497883.333332835,0
497899.999999502,0
497916.666666169,0
497933.333332835,0
497949.999999502,0.0124600021002093
497966.666666169,0
497983.333332835,0
497999.999999502,0
498016.666666169,0
498033.333332835,0
498049.999999502,0.018248727541246
498066.666666169,0
498083.333332835,0
498099.999999502,0
498116.666666168,0
498133.333332835,0
498149.999999502,0.00304350146983269
498166.666666168,0
498183.333332835,0
498199.999999502,0
498216.666666168,0
498233.333332835,0
498249.999999502,0.0108815696020986
498266.666666168,0
498283.333332835,0
498299.999999502,0
498316.666666168,0
498333.333332835,0
498349.999999502,0.0371692573645982
498366.666666168,0
498383.333332835,0
498399.999999502,0
498416.666666168,0
498433.333332835,0
498449.999999502,0.0240506468987696
498466.666666168,0
498483.333332835,0
498499.999999501,0
498516.666666168,0
498533.333332835,0
498549.999999501,0.0272303945164102
498566.666666168,0
498583.333332835,0
498599.999999501,0
498616.666666168,0
498633.333332835,0
498649.999999501,0.0469624837873361
498666.666666168,0
498683.333332835,0
498699.999999501,0
498716.666666168,0
498733.333332835,0
498749.999999501,0.0153492798787102
498766.666666168,0
498783.333332834,0
498799.999999501,0
498816.666666168,0
498833.333332834,0
498849.999999501,0.00253640526033691
498866.666666168,0
498883.333332834,0
498899.999999501,0
498916.666666168,0
498933.333332834,0
498949.999999501,0.0124150267967975
498966.666666168,0
498983.333332834,0
498999.999999501,0
499016.666666168,0
499033.333332834,0
499049.999999501,0.0177987443986837
499066.666666167,0
499083.333332834,0
499099.999999501,0
499116.666666167,0
499133.333332834,0
499149.999999501,0.00294171633601349
499166.666666167,0
499183.333332834,0
499199.999999501,0
499216.666666167,0
499233.333332834,0
499249.999999501,0.0126912758736499
499266.666666167,0
499283.333332834,0
499299.999999501,0
499316.666666167,0
499333.333332834,0
499349.999999501,0.0388976363656597
499366.666666167,0
499383.333332834,0
499399.999999501,0
499416.666666167,0
499433.333332834,0
499449.9999995,0.0242333840880354
499466.666666167,0
499483.333332834,0
499499.9999995,0
499516.666666167,0
499533.333332834,0
499549.9999995,0.0258288496708651
499566.666666167,0
499583.333332834,0
499599.9999995,0
499616.666666167,0
499633.333332834,0
499649.9999995,0.0423586967687342
499666.666666167,0
499683.333332834,0
499699.9999995,0
499716.666666167,0
499733.333332834,0
499749.9999995,0.0133957351011278
499766.666666167,0
499783.333332833,0
499799.9999995,0
499816.666666167,0
499833.333332833,0
499849.9999995,0.000370478459841941
499866.666666167,0
499883.333332833,0
499899.9999995,0
499916.666666167,0
499933.333332833,0
499949.9999995,0.0155003616331281
499966.666666167,0
499983.333332833,0
499999.9999995,0
